,SMILES,IC50_nM
0,CN1CCN(CCc2ccc(NC(=O)c3cc(-c4ccc5c(c4)OCO5)cnc3O)cc2)CC1,400.0
1,CN1CCN(Cc2ccc(NC(=O)c3cc(-c4ccc5c(c4)OCO5)cn(C)c3=O)cc2)CC1,40000.0
2,CN1CCN(Cc2ccc(NC(=O)c3cc(-c4ccc5c(c4)OCO5)cnc3Cl)cc2)CC1,26800.0
3,COc1ncc(-c2ccc3c(c2)OCO3)cc1C(=O)Nc1ccc(CN2CCN(C)CC2)cc1,20300.0
4,Cc1cc(CN2CCN(C)CC2)ccc1NC(=O)c1cc(-c2ccc3c(c2)OCO3)cnc1O,14500.0
5,COc1cc(CN2CCN(C)CC2)ccc1NC(=O)c1cc(-c2ccc3c(c2)OCO3)cnc1O,13800.0
6,CN1CCN(Cc2ccc(N(C)C(=O)c3cc(-c4ccc5c(c4)OCO5)cnc3O)cc2)CC1,3700.0
7,CN1CCN(Cc2ccc(NC(=O)c3cc(-c4ccncc4)cnc3O)cc2)CC1,19500.0
8,COc1cc(-c2cnc(O)c(C(=O)Nc3ccc(CN4CCN(C)CC4)cc3)c2)cc(OC)c1OC,7500.0
9,CN1CCN(Cc2ccc(NC(=O)c3cc(-c4ccc5nccnc5c4)cnc3O)cc2)CC1,5500.0
10,Cc1nc2cc(-c3cnc(O)c(C(=O)Nc4ccc(CN5CCN(C)CC5)cc4)c3)ccc2s1,3800.0
11,COc1ccc(-c2cnc(O)c(C(=O)Nc3ccc(CN4CCN(C)CC4)cc3)c2)cn1,3000.0
12,CN1CCN(CCCc2ccc(NC(=O)c3cc(-c4ccc5c(c4)OCO5)cnc3O)cc2)CC1,1300.0
13,CN1CCN(Cc2ccc(NC(=O)c3cc(-c4ccc5c(c4)OCO5)cnc3O)cc2)CC1,900.0
14,CN1CCN(c2ccc(NC(=O)c3cc(-c4ccc5c(c4)OCO5)cnc3O)cc2)CC1,700.0
15,COc1cc(N2CCC(N3CCN(C)CC3)CC2)ccc1Nc1ncc(Cl)c(Nc2ccccc2S(=O)(=O)C(C)C)n1,10.0
16,COc1cc(N2CCC(N3CCN(C)CC3)CC2)ccc1Nc1ncc(Cl)c(Nc2ccccc2S(=O)(=O)C(C)C)n1,10.0
17,COc1cc(N2CCC(N3CCN(C)CC3)CC2)ccc1Nc1ncc(Cl)c(Nc2ccccc2S(=O)(=O)C(C)C)n1,4.0
18,C[C@@H](Oc1cc(-c2cnn(C3CCNCC3)c2)cnc1N)c1c(Cl)ccc(F)c1Cl,20.0
19,Nc1nccc(-c2cc3c([nH]2)[C@@H](CCF)CNC3=O)n1,4000.0
20,CCCN1CCC=C(c2ccc(Nc3nc(Nc4ccccc4C(N)=O)c4cc[nH]c4n3)c(C)c2)C1,1.0
21,Nc1ccc(N)c2c1C(=O)c1ccccc1C2=O,40000.0
22,O=c1[nH]cnc2[nH]c(-c3ccnc(/C=C/c4ccc(CN5CCOCC5)cc4)c3)cc12,10000.0
23,CN(C)CCOc1ccc(/C=C/c2cc(-c3cc4c(=O)[nH]cnc4[nH]3)ccn2)cc1,4100.0
24,COc1cc2c(cc1Nc1nc(Nc3ccsc3C(N)=O)c3cc[nH]c3n1)N(C(=O)CN(C)C)CC2,0.4
25,COc1cc2c(cc1Nc1nc(Nc3ccoc3C(N)=O)c3cc[nH]c3n1)N(C(=O)CN(C)C)CC2,
26,COc1cc(N2CCN(C(C)C)CC2)ccc1Nc1nc(Nc2cccc(F)c2C(N)=O)c2cc[nH]c2n1,0.5
27,Brc1ccc2[nH]c3c(c2c1)CCN(CC(c1ccccc1)c1ccccc1)c1nccc(I)c1-3,5000.0
28,COc1nc(C)cc2c1-c1[nH]c3cc(N4CCN(C)CC4)ccc3c1CCN2CCc1ccccc1,5100.0
29,C[C@@H](c1ccccc1)N1CCc2c([nH]c3ccc(Br)cc23)-c2c1ccnc2Cl,5800.0
30,Oc1ccc(CCN2CCc3c([nH]c4ccc(Br)cc34)-c3c(I)ccnc32)cc1,6200.0
31,Oc1ccc(CCN2CCc3c([nH]c4ccc(Br)cc34)-c3c2ccnc3Cl)cc1,7100.0
32,C[C@@H](c1ccccc1)N1CCc2c([nH]c3ccc(Br)cc23)-c2c(I)ccnc21,8300.0
33,Clc1nccc2c1-c1[nH]c3ccc(Br)cc3c1CCN2CCc1c[nH]c2ccccc12,9300.0
34,Cc1cc(Cl)c2c(n1)N(CCc1ccccc1)CCc1c-2[nH]c2ccccc12,11800.0
35,Cc1cc2c(c(=O)[nH]1)-c1[nH]c3ccccc3c1CCN2CCc1ccccc1,18000.0
36,Cc1cc2c(c(Cl)n1)-c1[nH]c3ccccc3c1CCN2CCc1ccccc1,21300.0
37,COc1nc(C)cc2c1-c1[nH]c3ccccc3c1CCN2CCc1ccccc1,40000.0
38,COc1cc(C)nc2c1-c1[nH]c3ccccc3c1CCN2CCc1ccccc1,40000.0
39,Clc1nccc2c1-c1[nH]c3ccc(Br)cc3c1CCN2CC(c1ccccc1)c1ccccc1,40000.0
40,CN1CCN(c2nc(C3=C(c4c[nH]c5ccccc45)C(=O)NC3=O)c3ccccc3n2)CC1,10000.0
41,CCOC(=O)c1c(C)[nH]c(/C=C2\C(=O)Nc3ccccc32)c1C,5400.0
42,CCN(CC)CCNC(=O)c1c(C)[nH]c(/C=C2\C(=O)Nc3ccc(F)cc32)c1C,2300.0
43,CN(C)S(=O)(=O)c1ccc2c(c1)/C(=C/c1cc3c([nH]1)CCCC3)C(=O)N2,18000.0
44,Cc1cc(C)c(/C=C2\C(=O)Nc3ccccc32)[nH]1,1200.0
45,O=C1Nc2ccccc2/C1=C/c1ccc[nH]1,50000.0
46,O=C1Nc2ccccc2/C1=C\c1ccc(O)cc1,50000.0
47,Cc1cccc2c1/C(=C/c1ccc(N(C)C)c3ccccc13)C(=O)N2,50000.0
48,Cc1cc(C)c(/C=C2\C(=O)Nc3ccc(N)cc32)[nH]1,4800.0
49,Nc1ccc2c(c1)/C(=C/c1ccc[nH]1)C(=O)N2,11000.0
50,Cc1cc(C)c(/C=C2\C(=O)Nc3ccc(-c4cccnc4)cc32)[nH]1,3800.0
51,CC(=O)N1CCC(Nc2ncc3c(n2)-c2c(c(C(N)=O)nn2C)CC3)CC1,10000.0
52,Cn1nc(C(N)=O)c2c1-c1nc(NC3CCN(C(=O)c4ccccc4)CC3)ncc1CC2,10000.0
53,CNC(=O)c1nn(C)c2c1CCc1cnc(NC3CCN(C(=O)C4CCN(S(C)(=O)=O)CC4)CC3)nc1-2,10000.0
54,CC(C)CC(=O)Nc1n[nH]c2c1CN(C(=O)C1CCN(C)CC1)C2(C)C,10000.0
55,CC(C)(C)C(=O)N1Cc2c(NC(=O)c3cc(F)cc(F)c3)n[nH]c2C1(C)C,10000.0
56,COc1ccc(N2CCN(C)CC2)cc1Nc1ncc2c(n1)-c1c(c(C(N)=O)nn1C)CC2,10000.0
57,CC(C)COC(=O)Nc1ccc(-c2cnc3c(-c4ccc(N5CCN(C)CC5)cc4)cnn3c2N)cc1,10000.0
58,O=C(O)C(F)(F)F.O=C(c1ccc(-c2cnc3c(c2)N(Cc2ccccc2)CCN3)cc1)N1CCC[C@H]1CN1CCCC1,256.0
59,O=C1CNc2ncc(-c3ccc(C(=O)N4CCC[C@H]4CN4CCCC4)cc3)cc2N1Cc1ccccc1,10000.0
60,O=C(c1ccc(-c2cnc3c(c2)N(Cc2c(Cl)cccc2Cl)CCN3)cc1)N1CCC[C@H]1CN1CCCC1,27.0
61,O=C1CNc2ncc(-c3ccc(C(=O)N4CCC[C@H]4CN4CCCC4)cc3)cc2N1Cc1c(Cl)cccc1Cl,278.0
62,O=C(c1ccc(-c2cnc3c(c2)N(Cc2cc(F)ccc2F)CCN3)cc1)N1CCC[C@H]1CN1CCCC1,15.0
63,O=C1CNc2ncc(-c3ccc(C(=O)N4CCC[C@H]4CN4CCCC4)cc3)cc2N1Cc1cc(F)ccc1F,145.0
64,CN1CCN(c2ccc(-c3cnc4c(c3)N(Cc3cc(F)ccc3F)CCN4)cn2)CC1,33.0
65,CN1CCN(c2ccc(-c3cnc4c(c3)N(Cc3cc(Cl)ccc3C(F)(F)F)CCN4)cn2)CC1,10.0
66,CN1CCN(c2ccc(-c3cnc4c(c3)N(Cc3c(Cl)cccc3C(F)(F)F)CCN4)cn2)CC1,506.0
67,CN1CCN(c2ccc(-c3cnc4c(c3)N(Cc3cc(Cl)ccc3Cl)CCN4)cn2)CC1,11.0
68,CN1CCN(c2ccc(-c3cnc4c(c3)N(Cc3c(F)ccc(F)c3Cl)CCN4)cn2)CC1,11.0
69,CN1CCN(c2ccc(-c3cnc4c(c3)N(S(=O)(=O)c3cc(F)ccc3F)CCN4)cn2)CC1,465.0
70,CN1CCN(c2ccc(-c3cnc4c(c3)N(C(=O)Cc3cc(F)ccc3F)CCN4)cn2)CC1,10000.0
71,CN1CCN(c2ccc(-c3cnc4c(c3)C(Oc3c(F)ccc(F)c3Cl)CCN4)cn2)CC1,10000.0
72,CN1CCN(c2ccc(-c3cnc4c(c3)C(Cc3cc(F)ccc3F)CCN4)cn2)CC1,1538.0
73,CN1CCN(c2ccc(-c3cnc4c(c3)N(Cc3cc(Cl)ccc3Cl)CCN4C)cn2)CC1,3000.0
74,CCOC(=O)c1ccc(-c2cnc3c(c2)N(Cc2cc(Cl)ccc2C(F)(F)F)CCN3)cc1,
75,O=C(O)c1ccc(-c2cnc3c(c2)N(Cc2cc(Cl)ccc2C(F)(F)F)CCN3)cc1,
76,O=C(c1ccc(-c2cnc3c(c2)N(Cc2cc(Cl)ccc2C(F)(F)F)CCN3)cc1)N1CCCCC1,
77,COC1CCN(C(=O)c2ccc(-c3cnc4c(c3)N(Cc3cc(Cl)ccc3C(F)(F)F)CCN4)cc2)CC1,450.0
78,O=C(c1ccc(-c2cnc3c(c2)N(Cc2cc(Cl)ccc2C(F)(F)F)CCN3)cc1)N1CCC(N2CCCC2)CC1,250.0
79,FC(F)(F)c1ccc(Cl)cc1CN1CCNc2ncc(-c3ccnc(N4CCNCC4)c3)cc21,150.0
80,CC(=O)N1CCN(c2cc(-c3cnc4c(c3)N(Cc3cc(Cl)ccc3C(F)(F)F)CCN4)ccn2)CC1,250.0
81,CCOC(=O)c1ccc(-c2cnc3c(c2)N(Cc2cc(Cl)ccc2C(F)(F)F)CCN3)cc1,3000.0
82,O=C(O)c1ccc(-c2cnc3c(c2)N(Cc2cc(Cl)ccc2C(F)(F)F)CCN3)cc1,1302.0
83,O=C(c1ccc(-c2cnc3c(c2)N(Cc2cc(Cl)ccc2C(F)(F)F)CCN3)cc1)N1CCCCC1,121.0
84,COC1CCN(C(=O)c2ccc(-c3cnc4c(c3)N(Cc3cc(Cl)ccc3C(F)(F)F)CCN4)cc2)CC1,40.0
85,O=C(c1ccc(-c2cnc3c(c2)N(Cc2cc(Cl)ccc2C(F)(F)F)CCN3)cc1)N1CCC(N2CCCC2)CC1,10.0
86,FC(F)(F)c1ccc(Cl)cc1CN1CCNc2ncc(-c3ccnc(N4CCNCC4)c3)cc21,10.0
87,CC(=O)N1CCN(c2cc(-c3cnc4c(c3)N(Cc3cc(Cl)ccc3C(F)(F)F)CCN4)ccn2)CC1,17.0
88,CN1CCN(c2ccc(-c3cnc4c(c3)N(Cc3cc(F)ccc3F)CCN4)cn2)CC1,200.0
89,N#Cc1c(SCC(=O)c2ccccc2)nc2c(c1-c1ccsc1)CCCC2,35000.0
90,N#Cc1c(N)nc(SCC(=O)c2ccccc2)c(C#N)c1-c1ccsc1,1700.0
91,N#Cc1c(N)nc(SCC(=O)c2ccc(Cl)cc2)c(C#N)c1-c1ccsc1,9700.0
92,N#Cc1c(SCc2ccc(F)cc2)nc2c(c1-c1cccs1)CCCC2,4000.0
93,N#Cc1c(SCc2ccccc2)nc2c(c1-c1cccs1)CCCC2,2100.0
94,COc1cc2/c(=N/c3ccc(Br)cc3F)nc[nH]c2cc1OCC1CCN(C)CC1,
95,O=C1NCCc2[nH]c(-c3ccncc3)cc21,10000.0
96,CC(C)c1n[nH]c(Cl)c1-c1ccnc(Nc2ccc(N3CCC(N(C)C)CC3)cn2)n1,10000.0
97,CC(C)c1n[nH]c(C(F)(F)F)c1-c1ccnc(Nc2ccc(N3CCC(N(C)C)CC3)cn2)n1,10000.0
98,CCN(C)C(=O)c1ccc2c(c1)NC(=O)/C2=C(\Nc1ccc(CN2CCCCC2)cc1)c1ccccc1,4000.0
99,NC(=O)c1cc(-c2ccnc(N)n2)[nH]c1-c1ccccc1,10000.0
100,C=Cn1nc(C(N)=O)c2c1-c1nc(Nc3cc(N4CCN(C)CC4)ccc3OC(F)(F)F)ncc1CC2,2375.0
101,CN1CCN(c2ccc(OC(F)(F)F)c(Nc3ncc4c(n3)-c3c(c(C(N)=O)nn3C)CC4)c2)CC1,10000.0
102,Cn1nc(C(N)=O)c2c1-c1nc(Nc3cc(N4CCNCC4)ccc3OC(F)(F)F)ncc1CC2,10000.0
103,CN1CCN(c2ccc(OC(F)(F)F)c(Nc3ncc4c(n3)-c3c(c(C(N)=O)nn3CCF)CC4)c2)CC1,10000.0
104,CNC(=O)c1ccccc1Nc1nc(Nc2ccc(N3CCOCC3)cc2OC)ncc1Cl,5.0
105,COc1cc(N2CCOCC2)ccc1Nc1ncc(Cl)c(Nc2ccc(N3CCOCC3)cc2OC)n1,4.0
106,CCN1C(=O)CCCc2c1ccc(Nc1ncc(Cl)c(Nc3ccc(N4CCOCC4)cc3OC)n1)c2OC,34.0
107,COCCN1CCc2cc(Nc3ncc(Cl)c(Nc4ccc(N5CCOCC5)cc4OC)n3)c(OC)cc2CC1,7.0
108,COc1cc2c(cc1Nc1ncc(Cl)c(Nc3ccc(N4CCOCC4)cc3OC)n1)CCN(CC(F)F)CC2,58.0
109,COc1cc2c(cc1Nc1ncc(Cl)c(Nc3ccc(N4CCOCC4)cc3OC)n1)CCN(CCS(C)(=O)=O)CC2,10.0
110,COc1cc2c(cc1Nc1ncc(Cl)c(Nc3ccc(N4CCOCC4)cc3OC)n1)CCN(CC(=O)N(C)C)CC2,4.0
111,COc1cc2c(cc1Nc1ncc(Cl)c(Nc3ccc(N4CCOCC4)cc3)n1)CCN(CC(=O)N(C)C)CC2,49.0
112,COc1cc2c(cc1Nc1ncc(Cl)c(Nc3ccccc3OC)n1)CCN(CC(=O)N(C)C)CC2,4.0
113,COc1cc2c(cc1Nc1ncc(Cl)c(Nc3ccc(C(N)=O)cc3OC)n1)CCN(CC(=O)N(C)C)CC2,6.0
114,CNC(=O)CN1CCc2cc(Nc3ncc(Cl)c(Nc4ccc(N5CCOCC5)cc4OC)n3)c(OC)cc2CC1,6.0
115,COCCOc1ccc(Nc2nc(Nc3cc4c(cc3OC)CCN(CC(=O)N(C)C)CC4)ncc2Cl)c(OC)c1,4.0
116,COc1cc2c(cc1Nc1ncc(Cl)c(Nc3ccc(C#N)cc3OC)n1)CCN(CC(=O)N(C)C)CC2,7.0
117,COc1ccc(Nc2nc(Nc3cc4c(cc3OC)CCN(CC(=O)N(C)C)CC4)ncc2Cl)c(OC)c1,5.0
118,CNC(=O)c1ccccc1Nc1nc(Nc2ccc(N3CCOCC3)cc2OC)ncc1Cl,50.0
119,COc1cc(N2CCOCC2)ccc1Nc1ncc(Cl)c(Nc2ccc(N3CCOCC3)cc2OC)n1,120.0
120,CCN1C(=O)CCCc2c1ccc(Nc1ncc(Cl)c(Nc3ccc(N4CCOCC4)cc3OC)n1)c2OC,175.0
121,COCCN1CCc2cc(Nc3ncc(Cl)c(Nc4ccc(N5CCOCC5)cc4OC)n3)c(OC)cc2CC1,150.0
122,COc1cc2c(cc1Nc1ncc(Cl)c(Nc3ccc(N4CCOCC4)cc3OC)n1)CCN(CCS(C)(=O)=O)CC2,100.0
123,COc1cc2c(cc1Nc1ncc(Cl)c(Nc3ccc(N4CCOCC4)cc3OC)n1)CCN(CC(=O)N(C)C)CC2,30.0
124,COc1cc2c(cc1Nc1ncc(Cl)c(Nc3ccccc3OC)n1)CCN(CC(=O)N(C)C)CC2,65.0
125,COc1cc2c(cc1Nc1ncc(Cl)c(Nc3ccc(C(N)=O)cc3OC)n1)CCN(CC(=O)N(C)C)CC2,65.0
126,CNC(=O)CN1CCc2cc(Nc3ncc(Cl)c(Nc4ccc(N5CCOCC5)cc4OC)n3)c(OC)cc2CC1,100.0
127,COCCOc1ccc(Nc2nc(Nc3cc4c(cc3OC)CCN(CC(=O)N(C)C)CC4)ncc2Cl)c(OC)c1,40.0
128,COc1cc2c(cc1Nc1ncc(Cl)c(Nc3ccc(C#N)cc3OC)n1)CCN(CC(=O)N(C)C)CC2,65.0
129,COc1ccc(Nc2nc(Nc3cc4c(cc3OC)CCN(CC(=O)N(C)C)CC4)ncc2Cl)c(OC)c1,40.0
130,COc1cc(O)c2c(c1)CCC[C@H](O)[C@H](O)C(=O)/C=C\C[C@H](C)OC2=O,763.0
131,COc1cc(O)c2c(c1)CCC[C@H](O)CC(=O)/C=C\C[C@H](C)OC2=O,763.0
132,COc1cc(O)c2c(c1)CCC[C@H](O)CC(=O)/C=C/C[C@H](C)OC2=O,10000.0
133,COc1cc(O)c2c(c1)CCCCCC(=O)/C=C\C[C@H](C)OC2=O,3500.0
134,COc1ccc(Cn2ncc(NC(=O)c3cc(NC(=O)Nc4ccc(Cl)c(C(F)(F)F)c4)ccc3C)c2N)cc1,2.71
135,CN1CCN(c2ccc(OC(F)(F)F)c(Nc3ncc4c(n3)-c3c(c(C(N)=O)nn3CCO)CC4)c2)CC1,10000.0
136,CCOc1ccc2c3c(oc2c1)C(C)(C)c1cc(OCCN(CC)CC)ccc1C3=O,1340.0
137,CCN(CC)CCOc1ccc2c(c1)C(C)(C)c1oc3cc(OC)ccc3c1C2=O,2080.0
138,CCCOc1ccc2c3c(oc2c1)C(C)(C)c1cc(OCCN(CC)CC)ccc1C3=O,2470.0
139,CCN(CC)CCOc1ccc2c(c1)C(C)(C)c1oc3cc(F)ccc3c1C2=O,850.0
140,CCN(CC)CCOc1ccc2c(c1)C(C)(C)c1oc3cc(Br)ccc3c1C2=O,770.0
141,CCN(CC)CCOc1ccc2c(c1)C(C)(C)c1oc3cc(Cl)ccc3c1C2=O,660.0
142,CCN(CC)CCOc1ccc2c(c1)C(C)(C)c1oc3cc(C(F)(F)F)ccc3c1C2=O,3470.0
143,CCN(CC)CCOc1ccc2c(c1)C(C)(C)c1[nH]c3cc(Br)ccc3c1C2=O,100.0
144,CCN(CC)CCOc1ccc2c(c1)C(C)(C)c1[nH]c3cc([N+](=O)[O-])ccc3c1C2=O,80.0
145,CCN(CC)CCOc1ccc2c(c1)C(C)(C)c1[nH]c3cc(Cl)ccc3c1C2=O,40.0
146,CCN(CC)CCOc1ccc2c(c1)C(C)(C)c1[nH]c3cc(C#N)ccc3c1C2=O,8.0
147,CC1(C)c2cc(OCCN3CCS(=O)(=O)CC3)ccc2C(=O)c2c1[nH]c1cc(C#N)ccc21,3.7
148,CC(=O)NCCOc1ccc2c(c1)C(C)(C)c1[nH]c3cc(C#N)ccc3c1C2=O,11.6
149,CC1(C)c2cc(OCCNC(N)=O)ccc2C(=O)c2c1[nH]c1cc(C#N)ccc21,26.2
150,CC1(C)c2cc(N3CCCCC3)ccc2C(=O)c2c1[nH]c1cc(C#N)ccc21,33.4
151,CC1(C)c2cc(N3CCOCC3)ccc2C(=O)c2c1[nH]c1cc(C#N)ccc21,18.5
152,CC1(C)c2cc(N3CCC(O)CC3)ccc2C(=O)c2c1[nH]c1cc(C#N)ccc21,11.4
153,CC1(C)c2cc(N3CCN(S(C)(=O)=O)CC3)ccc2C(=O)c2c1[nH]c1cc(C#N)ccc21,37.4
154,CC(C)N1CCN(c2ccc3c(c2)C(C)(C)c2[nH]c4cc(C#N)ccc4c2C3=O)CC1,1.8
155,CC1(C)c2cc(N3CCN(C4COC4)CC3)ccc2C(=O)c2c1[nH]c1cc(C#N)ccc21,27.0
156,CC1(C)c2cc(C3CCN(C4COC4)CC3)ccc2C(=O)c2c1[nH]c1cc(C#N)ccc21,1.5
157,Cc1[nH]c(/C=C2\C(=O)Nc3ccccc32)c(C)c1-c1ccc(NCCN)cc1,415.3
158,Cc1[nH]c(/C=C2\C(=O)Nc3ccccc32)c(C)c1-c1cccc(NCCN)c1,604.5
159,Cc1cc(-c2ccc(NCCN)cc2)c(/C=C2\C(=O)Nc3ccccc32)[nH]1,149.3
160,Cc1cc(-c2cccc(NCCN)c2)c(/C=C2\C(=O)Nc3ccccc32)[nH]1,89.1
161,Cc1cc(-c2ccc(N)cc2)c(/C=C2\C(=O)Nc3ccc(N)cc32)[nH]1,68.3
162,Cc1cc(-c2cccc(N)c2)c(/C=C2\C(=O)Nc3ccc(N)cc32)[nH]1,50.8
163,Cc1cc(-c2ccc(N)cc2)c(/C=C2\C(=O)Nc3ccccc32)[nH]1,367.6
164,Cc1cc(-c2cccc(N)c2)c(/C=C2\C(=O)Nc3ccccc32)[nH]1,61.8
165,CC1CN(Cc2c(-c3cccs3)[nH]c3ncccc23)CC(C)O1,9290.0
166,O=[N+]([O-])c1ccc2ncnc(Nc3ccc(O)cc3)c2c1,8660.0
167,Oc1ccccc1-c1nc(Nc2ccc(Cl)cc2)c2ccccc2n1,6460.0
168,Oc1ccc(Nc2nc(-c3ccccc3O)nc3ccccc23)cc1,4240.0
169,Cc1ccc(NC2=NC(=O)/C(=C3\C(=O)Nc4ccccc43)S2)cc1,3750.0
170,CCOC(=O)c1ccc(Nc2nc(Nc3ccc(Cl)cc3)c3nccnc3n2)cc1,3470.0
171,Oc1ccc(Nc2ncnc3ccc(Br)cc23)cc1,2850.0
172,COc1cc(-c2nc3cc(C)ccn3c2/N=C/c2cc(Cl)ccc2O)ccc1O,2400.0
173,COc1cc2ncnc(Nc3ccc(O)cc3)c2cc1OC,2400.0
174,Cc1cc(C)c(/C=C2\C(=O)Nc3ccccc32)[nH]1,1810.0
175,O=C1Nc2ccccc2/C1=C/c1c[nH]nc1-c1ccccc1,1730.0
176,CCc1nc(C)c(/C=C2\C(=O)Nc3ccccc32)[nH]1,1380.0
177,Cc1[nH]c(/C=C2\C(=O)Nc3ccc(F)cc32)c(C)c1C(=O)O,910.0
178,CN(C)S(=O)(=O)c1ccc2c(c1)/C(=C/c1cc3c([nH]1)CCCC3)C(=O)N2,850.0
179,COc1c(OCCN2CCCCC2)cc(F)c2c(-c3ccc(O)c(Cl)c3)nc3[nH]nc(C)c3c12,99.0
180,COc1cc2c(-c3ccc(O)cc3)nc3[nH]nc(C)c3c2cc1OC,99.0
181,Cc1ccc(C(=O)NCCO)cc1-n1cnc(OCc2ccc(F)cc2F)c(Cl)c1=O,10000.0
182,COc1cc(N2CCOCC2)ccc1Nc1ncc(Cl)c(N[C@@H]2CCCC[C@@H]2NS(C)(=O)=O)n1,330.0
183,COc1cc(N2CCOCC2)ccc1Nc1ncc(Cl)c(N[C@@H]2CCCC[C@@H]2NS(C)(=O)=O)n1,
184,COc1cc(N2CCOCC2)ccc1Nc1ncc(Cl)c(N[C@@H]2CCCC[C@H]2NS(C)(=O)=O)n1,10.0
185,COc1cc(N2CCOCC2)ccc1Nc1ncc(Cl)c(N[C@@H]2CCCC[C@H]2NS(C)(=O)=O)n1,65.0
186,COc1cc(N2CCOCC2)ccc1Nc1ncc(Cl)c(N[C@H]2CCCC[C@@H]2NS(C)(=O)=O)n1,10000.0
187,COc1cc(N2CCOCC2)ccc1Nc1ncc(Cl)c(N[C@H]2CCCC[C@@H]2NS(C)(=O)=O)n1,
188,CCN1CCc2ccc(Nc3ncc(Cl)c(N[C@@H]4CCCC[C@H]4NS(C)(=O)=O)n3)cc2CC1,9.0
189,CCN1CCc2ccc(Nc3ncc(Cl)c(N[C@@H]4CCCC[C@H]4NS(C)(=O)=O)n3)cc2CC1,60.0
190,COCCN1CCc2ccc(Nc3ncc(Cl)c(N[C@@H]4CCCC[C@H]4NS(C)(=O)=O)n3)cc2CC1,9.0
191,COCCN1CCc2ccc(Nc3ncc(Cl)c(N[C@@H]4CCCC[C@H]4NS(C)(=O)=O)n3)cc2CC1,73.0
192,CCN1CCc2ccc(Nc3ncc(Cl)c(N[C@@H]4CCCC[C@H]4NC(=O)C(F)(F)F)n3)cc2CC1,26.0
193,CCN1CCc2ccc(Nc3ncc(Cl)c(N[C@@H]4CCCC[C@H]4NC(=O)C(F)(F)F)n3)cc2CC1,200.0
194,COCCN1CCc2ccc(Nc3ncc(Cl)c(N[C@@H]4CCCC[C@H]4NC(=O)C(F)(F)F)n3)cc2CC1,22.0
195,COCCN1CCc2ccc(Nc3ncc(Cl)c(N[C@@H]4CCCC[C@H]4NC(=O)C(F)(F)F)n3)cc2CC1,100.0
196,COCCN1CCc2ccc(Nc3ncc(Cl)c(N[C@@H]4CCCC[C@H]4N)n3)cc2CC1,680.0
197,COCCN1CCc2ccc(Nc3ncc(Cl)c(N[C@@H]4CCCC[C@H]4N)n3)cc2CC1,
198,CCS(=O)(=O)N[C@@H]1CCCC[C@H]1Nc1nc(Nc2ccc3c(c2)CCN(CCOC)CC3)ncc1Cl,50.0
199,CCS(=O)(=O)N[C@@H]1CCCC[C@H]1Nc1nc(Nc2ccc3c(c2)CCN(CCOC)CC3)ncc1Cl,
200,COCCN1CCc2ccc(Nc3ncc(Cl)c(N[C@@H]4CCCC[C@H]4NS(=O)(=O)C(C)C)n3)cc2CC1,130.0
201,COCCN1CCc2ccc(Nc3ncc(Cl)c(N[C@@H]4CCCC[C@H]4NS(=O)(=O)C(C)C)n3)cc2CC1,
202,COCCN1CCc2ccc(Nc3ncc(Cl)c(N[C@@H]4CCCC[C@H]4NS(=O)(=O)CC(F)(F)F)n3)cc2CC1,31.0
203,COCCN1CCc2ccc(Nc3ncc(Cl)c(N[C@@H]4CCCC[C@H]4NS(=O)(=O)CC(F)(F)F)n3)cc2CC1,300.0
204,COCCN1CCc2ccc(Nc3ncc(Cl)c(N[C@@H]4CCCC[C@H]4NS(=O)(=O)C4CC4)n3)cc2CC1,110.0
205,COCCN1CCc2ccc(Nc3ncc(Cl)c(N[C@@H]4CCCC[C@H]4NS(=O)(=O)C4CC4)n3)cc2CC1,
206,CCN1CCc2ccc(Nc3ncc(Cl)c(N[C@@H]4CCCC[C@H]4NC(=O)N(C)C)n3)cc2CC1,370.0
207,CCN1CCc2ccc(Nc3ncc(Cl)c(N[C@@H]4CCCC[C@H]4NC(=O)N(C)C)n3)cc2CC1,
208,CCN1CCc2ccc(Nc3ncc(Cl)c(N[C@@H]4CCCC[C@H]4NC(C)=O)n3)cc2CC1,9.0
209,CCN1CCc2ccc(Nc3ncc(Cl)c(N[C@@H]4CCCC[C@H]4NC(C)=O)n3)cc2CC1,65.0
210,COCCN1CCc2cc(Nc3ncc(Cl)c(N[C@@H]4CCCC[C@H]4NS(C)(=O)=O)n3)c(OC)cc2CC1,6.0
211,COCCN1CCc2cc(Nc3ncc(Cl)c(N[C@@H]4CCCC[C@H]4NS(C)(=O)=O)n3)c(OC)cc2CC1,65.0
212,COCCN1CCc2ccc(Nc3ncc(Cl)c(N[C@@H]4CCCC[C@H]4O)n3)cc2CC1,3000.0
213,COCCN1CCc2ccc(Nc3ncc(Cl)c(N[C@@H]4CCCC[C@H]4O)n3)cc2CC1,
214,COCCN1CCc2ccc(Nc3ncc(Cl)c(NC4CCCCC4)n3)cc2CC1,78.0
215,COCCN1CCc2ccc(Nc3ncc(Cl)c(NC4CCCCC4)n3)cc2CC1,
216,COCCN1CCc2cc(Nc3ncc(Cl)c(N[C@@H]4CCCC[C@H]4N(C)S(C)(=O)=O)n3)c(OC)cc2CC1,3.0
217,COCCN1CCc2cc(Nc3ncc(Cl)c(N[C@@H]4CCCC[C@H]4N(C)S(C)(=O)=O)n3)c(OC)cc2CC1,15.0
218,CCN([C@@H]1CCCC[C@H]1Nc1nc(Nc2cc3c(cc2OC)CCN(CCOC)CC3)ncc1Cl)S(C)(=O)=O,20.0
219,CCN([C@@H]1CCCC[C@H]1Nc1nc(Nc2cc3c(cc2OC)CCN(CCOC)CC3)ncc1Cl)S(C)(=O)=O,150.0
220,COCCN1CCc2ccc(Nc3ncc(Cl)c(N[C@H]4CC[C@H](NS(C)(=O)=O)CC4)n3)cc2CC1,100.0
221,COCCN1CCc2ccc(Nc3ncc(Cl)c(N[C@H]4CC[C@H](NS(C)(=O)=O)CC4)n3)cc2CC1,
222,COCCN1CCc2ccc(Nc3ncc(Cl)c(N[C@H]4CC[C@@H](NS(C)(=O)=O)CC4)n3)cc2CC1,220.0
223,COCCN1CCc2ccc(Nc3ncc(Cl)c(N[C@H]4CC[C@@H](NS(C)(=O)=O)CC4)n3)cc2CC1,
224,COCCN1CCc2ccc(Nc3ncc(Cl)c(N[C@@H]4CCC[C@@H](NS(C)(=O)=O)C4)n3)cc2CC1,3000.0
225,COCCN1CCc2ccc(Nc3ncc(Cl)c(N[C@@H]4CCC[C@@H](NS(C)(=O)=O)C4)n3)cc2CC1,
226,COCCN1CCc2ccc(Nc3ncc(Cl)c(N[C@@H]4CCC[C@H](NS(C)(=O)=O)C4)n3)cc2CC1,3000.0
227,COCCN1CCc2ccc(Nc3ncc(Cl)c(N[C@@H]4CCC[C@H](NS(C)(=O)=O)C4)n3)cc2CC1,
228,CCOC(=O)/C=C/c1c(Oc2ccc(F)cc2)nc[nH]c1=O,40000.0
229,CC(=O)/C=C/c1c(Oc2ccc(C(C)(C)C)cc2)nc[nH]c1=O,40000.0
230,CC(=O)/C=C/c1c(Oc2ccc(F)cc2)nc[nH]c1=O,40000.0
231,CCOC(=O)/C=C/c1c(Oc2ccc(C)cc2)nc[nH]c1=O,40000.0
232,CCOC(=O)/C=C/c1c(Oc2ccccc2Cl)nc[nH]c1=O,40000.0
233,CC(=O)/C=C/c1c(Oc2ccc(C)cc2)nc[nH]c1=O,40000.0
234,CC(=O)/C=C/c1c(Oc2ccccc2Cl)nc[nH]c1=O,40000.0
235,CCOC(=O)/C=C/c1c(Oc2cccc(C(=O)OC)c2)nc[nH]c1=O,40000.0
236,CCOC(=O)/C=C/c1c(Oc2ccc(C(C)(C)C)cc2)nc[nH]c1=O,40000.0
237,COC(=O)c1cccc(Oc2nc[nH]c(=O)c2/C=C/C(C)=O)c1,3030.0
238,COC(=O)c1cc(OC)ccc1Oc1nc[nH]c(=O)c1/C=C/C(C)=O,40000.0
239,CCOC(=O)/C=C/c1c(Oc2ccc(OC)cc2C(=O)OC)nc[nH]c1=O,40000.0
240,COc1cccc(OC)c1Oc1nc[nH]c(=O)c1/C=C/C(C)=O,40000.0
241,CCOC(=O)/C=C/c1c(Oc2c(OC)cccc2OC)nc[nH]c1=O,40000.0
242,CC(=O)/C=C/c1c(Oc2cccc(C#N)c2)nc[nH]c1=O,40000.0
243,CCOC(=O)/C=C/c1c(Oc2cccc(C#N)c2)nc[nH]c1=O,40000.0
244,COc1cc(Cl)ccc1Oc1nc[nH]c(=O)c1/C=C/C(C)=O,40000.0
245,CCOC(=O)/C=C/c1c(Oc2ccc(Cl)cc2OC)nc[nH]c1=O,40000.0
246,COc1cccc(Oc2nc[nH]c(=O)c2/C=C/C(C)=O)c1,40000.0
247,CCOC(=O)/C=C/c1c(Oc2cccc(OC)c2)nc[nH]c1=O,40000.0
248,CC(=O)/C=C/c1c(Oc2c(Cl)cccc2Cl)nc[nH]c1=O,40000.0
249,CCOC(=O)/C=C/c1c(Oc2c(Cl)cccc2Cl)nc[nH]c1=O,40000.0
250,C[C@@H](Oc1cc(-c2cnn(C3CCNCC3)c2)cnc1N)c1c(Cl)ccc(F)c1Cl,600.0
251,CC(=O)/C=C/c1c(Oc2ccc(NC(C)=O)cc2)nc[nH]c1=O,6640.0
252,CC(=O)/C=C/c1c(Oc2cccc(C(C)=O)c2)nc[nH]c1=O,6250.0
253,CC(=O)/C=C/c1c(Oc2ccc(O)cc2)nc[nH]c1=O,7570.0
254,CC(=O)/C=C/c1c(Oc2ccc(C#N)cc2)nc[nH]c1=O,6910.0
255,COc1cc(Oc2nc[nH]c(=O)c2/C=C/C(C)=O)c(C(C)=O)cc1OC,7540.0
256,CC(=O)/C=C/c1c(Oc2ccccc2C(C)=O)nc[nH]c1=O,40000.0
257,CC(=O)/C=C/c1c(Oc2ccc(C(C)=O)c(F)c2)nc[nH]c1=O,40000.0
258,COC(=O)c1ccc(OC)cc1Oc1nc[nH]c(=O)c1/C=C/C(C)=O,10180.0
259,CC(=O)/C=C/c1c(Oc2ccc(C)cc2C(C)=O)nc[nH]c1=O,40000.0
260,CCOC(=O)c1ccccc1Oc1nc[nH]c(=O)c1/C=C/C(C)=O,7540.0
261,CC(=O)/C=C/c1c(Oc2c(C)cc(C(C)=O)cc2C)nc[nH]c1=O,40000.0
262,COC(=O)c1cc(Cl)ccc1Oc1nc[nH]c(=O)c1/C=C/C(C)=O,40000.0
263,CCCCCCOC(=O)c1ccccc1Oc1nc[nH]c(=O)c1/C=C/C(C)=O,40000.0
264,CCOC(=O)c1ccc(Oc2nc[nH]c(=O)c2/C=C/C(C)=O)cc1,40000.0
265,CC(=O)/C=C/c1c(Oc2cc(C(F)(F)F)ccc2Cl)nc[nH]c1=O,9870.0
266,COC(=O)c1cccc(Oc2nc[nH]c(=O)c2CCC(C)=O)c1,40000.0
267,COC(=O)c1cccc(Oc2nc[nH]c(=O)c2C2CC(C)=NN2C(C)=O)c1,9000.0
268,COC(=O)c1cccc(Oc2nc[nH]c(=O)c2C2CC(C)=NN2C)c1,40000.0
269,COC(=O)c1cccc(Oc2nc[nH]c(=O)c2C2CC(C)=NN2)c1,40000.0
270,COC(=O)c1cccc(Oc2nc[nH]c(=O)c2-c2ccncc2)c1,40000.0
271,COC(=O)c1cccc(Oc2nc[nH]c(=O)c2-c2cccc(N)c2)c1,40000.0
272,COC(=O)c1cccc(Oc2nc[nH]c(=O)c2-c2cccc(OC)c2)c1,40000.0
273,COC(=O)c1cccc(Oc2nc[nH]c(=O)c2-c2ccccc2)c1,40000.0
274,COC(=O)c1cccc(Oc2nc[nH]c(=O)c2-c2cccc(C)c2)c1,40000.0
275,Cc1cc(O)cc2oc3cc(O)cc(O)c3c(=O)c12,41300.0
276,Cc1c(O)c(O)cc2oc3cc(O)cc(O)c3c(=O)c12,1100.0
277,CC1(C)c2cc(N3CCN(C4COC4)CC3)c(CCC3CCCC3)cc2C(=O)c2c1[nH]c1cc(C#N)ccc21,186.0
278,CC(C)c1cc2c(cc1N1CCN(C3COC3)CC1)C(C)(C)c1[nH]c3cc(C#N)ccc3c1C2=O,66.4
279,CCCc1cc2c(cc1N1CCN(C3COC3)CC1)C(C)(C)c1[nH]c3cc(C#N)ccc3c1C2=O,15.1
280,CCc1cc2c(cc1N1CCN(C3COC3)CC1)C(C)(C)c1[nH]c3cc(C#N)ccc3c1C2=O,2.9
281,C#Cc1cc2c(cc1N1CCN(C3COC3)CC1)C(C)(C)c1[nH]c3cc(C#N)ccc3c1C2=O,2.7
282,Cc1cc2c(cc1N1CCN(C3COC3)CC1)C(C)(C)c1[nH]c3cc(C#N)ccc3c1C2=O,10.6
283,CC1(C)c2cc(N3CCN(C4COC4)CC3)ccc2C(=O)c2c1[nH]c1cc(C#N)ccc21,27.0
284,CC1(C)c2cc(C3CCN(C4COC4)CC3)ccc2C(=O)c2c1[nH]c1cc(C#N)ccc21,1.5
285,COc1cc(Nc2ncc3ccc(-c4ccccc4)n3n2)cc(OC)c1OC,212.0
286,c1ccc(-c2ccc3cnc(Nc4ccc(N5CCOCC5)cc4)nn23)cc1,2000.0
287,CN1CCN(c2ccc(Nc3ncc4ccc(-c5ccccc5)n4n3)cc2)CC1,48.0
288,COCCN1CCc2ccc(Nc3ncc4ccc(-c5ccccc5)n4n3)cc2CC1,38.0
289,COc1ccccc1-c1ccc2cnc(Nc3ccc(N4CCN(C)CC4)cc3)nn12,20.0
290,CN1CCN(c2ccc(Nc3ncc4ccc(-c5ccccc5C(N)=O)n4n3)cc2)CC1,726.0
291,CN1CCN(c2ccc(Nc3ncc4ccc(-c5ccccc5S(C)(=O)=O)n4n3)cc2)CC1,883.0
292,CN1CCN(c2ccc(Nc3ncc4ccc(-c5ccccc5NS(C)(=O)=O)n4n3)cc2)CC1,260.0
293,CN1CCN(c2ccc(Nc3ncc4ccc(-c5ccccc5N(C)S(C)(=O)=O)n4n3)cc2)CC1,7.0
294,COc1cc(N2CCN(C)CC2)ccc1Nc1ncc2ccc(-c3ccccc3OC)n2n1,9.0
295,COc1cc(N2CCN(C[C@H](C)O)CC2)ccc1Nc1ncc2ccc(-c3ccccc3OC)n2n1,5.0
296,COc1cc(N2CCN(C[C@@H](C)O)CC2)ccc1Nc1ncc2ccc(-c3ccccc3OC)n2n1,3.8
297,COc1cc(N2CCN(N3CCOCC3)CC2)ccc1Nc1ncc2ccc(-c3ccccc3OC)n2n1,9.0
298,COc1cc(N2CCN(N3CCN(C)CC3)CC2)ccc1Nc1ncc2ccc(-c3ccccc3OC)n2n1,8.8
299,COc1cc(N2CCN(C)CC2)ccc1Nc1ncc2ccc(-c3ccccc3N(C)S(C)(=O)=O)n2n1,9.0
300,COc1cc(N2CCN(C[C@H](C)O)CC2)ccc1Nc1ncc2ccc(-c3ccccc3N(C)S(C)(=O)=O)n2n1,10.0
301,COc1cc(N2CCN(C[C@@H](C)O)CC2)ccc1Nc1ncc2ccc(-c3ccccc3N(C)S(C)(=O)=O)n2n1,15.0
302,COc1cc(N2CCC(N3CCOCC3)CC2)ccc1Nc1ncc2ccc(-c3ccccc3N(C)S(C)(=O)=O)n2n1,7.0
303,C[C@@H](Oc1cc(-c2cnn(C3CCNCC3)c2)cnc1N)c1c(Cl)ccc(F)c1Cl,20.0
304,C[C@@H](Oc1cc(-c2cnn(C3CCNCC3)c2)cnc1N)c1c(Cl)ccc(F)c1Cl,1.0
305,CCN1CCN(c2ccc(Nc3cc(N(C)C(=O)Nc4c(Cl)c(OC)cc(OC)c4Cl)ncn3)cc2)CC1.O=P(O)(O)O,10000.0
306,CCN1CCN(c2ccc(Nc3cc(N(C)C(=O)Nc4c(Cl)c(OC)cc(OC)c4Cl)ncn3)cc2)CC1.O=P(O)(O)O,3078.0
307,Cl.N=C(N)N/N=C\c1c(-c2ccc([N+](=O)[O-])cc2)nc2sc(Br)cn12,20000.0
308,CCN(CC)CCNC(=O)c1c(C)[nH]c(/C=C2\C(=O)Nc3ccc(F)cc32)c1C,54.64
309,CN[C@@H]1C[C@H]2O[C@@](C)([C@@H]1OC)n1c3ccccc3c3c4c(c5c6ccccc6n2c5c31)C(=O)NC4,2.36
310,[O-][n+]1ccc2c(-c3ccc(F)cc3Cl)ccnc2c1-c1c(Cl)cccc1Cl,10000.0
311,CN[C@@H]1C[C@H]2O[C@@](C)([C@@H]1OC)n1c3ccccc3c3c4c(c5c6ccccc6n2c5c31)C(=O)NC4,3.0
312,CCOc1cccc2c1c(/C=C1\C(=O)NN=C1c1snnc1C)cn2C,47.0
313,CCOc1cccc2c1c(/C=C1\C(=O)NN=C1c1snnc1C)cn2C,300.0
314,Cc1nnsc1C1=NNC(=O)/C1=C\c1cn(C)c2cccc(OCc3ccccc3)c12,23.0
315,Cc1nnsc1C1=NNC(=O)/C1=C\c1cn(C)c2cccc(OCc3ccccn3)c12,158.0
316,Cc1nnsc1C1=NNC(=O)/C1=C\c1cn(C)c2cccc(OCc3cccnc3)c12,34.0
317,Cc1nnsc1C1=NNC(=O)/C1=C\c1cn(C)c2cccc(OCc3ccncc3)c12,55.0
318,Cc1nc(COc2cccc3c2c(/C=C2\C(=O)NN=C2c2snnc2C)cn3C)cs1,2999.0
319,Cc1nnsc1C1=NNC(=O)/C1=C\c1cn(C)c2cccc(OCCN(C)C)c12,291.0
320,Cc1nnsc1C1=NNC(=O)/C1=C\c1cn(C)c2cccc(OCc3ccccc3F)c12,13.0
321,Cc1nnsc1C1=NNC(=O)/C1=C\c1cn(C)c2cccc(OCc3cccc(F)c3)c12,20.0
322,Cc1nnsc1C1=NNC(=O)/C1=C\c1cn(C)c2cccc(OCc3ccc(F)cc3)c12,12.0
323,Cc1nnsc1C1=NNC(=O)/C1=C\c1cn(C)c2cccc(OCc3c(F)cccc3F)c12,12.0
324,Cc1nnsc1C1=NNC(=O)/C1=C\c1cn(C)c2cccc(OCc3ccc(F)cc3F)c12,12.0
325,Cc1nnsc1C1=NNC(=O)/C1=C\c1cn(C)c2cccc(OCc3c(F)cccc3Cl)c12,21.0
326,Cc1nnsc1C1=NNC(=O)/C1=C\c1cn(C)c2cccc(OCc3c(F)ccc(F)c3Cl)c12,14.0
327,Cc1nnsc1C1=NNC(=O)/C1=C\c1cn(C)c2cccc(OCc3c(F)ccc(Cl)c3F)c12,5.0
328,Cn1cc(/C=C2\C(=O)NN=C2c2cccnc2)c2c(OCc3ccccc3)cccc21,54.0
329,Cn1cc(/C=C2\C(=O)NN=C2c2nccs2)c2c(OCc3ccccc3)cccc21,46.0
330,Cn1cc(/C=C2\C(=O)NN=C2c2nc(C(F)(F)F)cs2)c2c(OCc3ccccc3)cccc21,10000.0
331,CN(C)c1nnc(C2=NNC(=O)/C2=C\c2cn(C)c3cccc(OCc4ccccc4)c23)s1,4600.0
332,Cn1cc(/C=C2\C(=O)NN=C2c2cccs2)c2c(OCc3ccccc3)cccc21,104.0
333,Cn1cc(/C=C2\C(=O)NN=C2c2nccs2)c2c(OCc3ccccc3F)cccc21,46.0
334,Cn1cc(/C=C2\C(=O)NN=C2c2nccs2)c2c(OCc3cccc(F)c3)cccc21,25.0
335,Cn1cc(/C=C2\C(=O)NN=C2c2nccs2)c2c(OCc3ccc(F)cc3)cccc21,63.0
336,CC(Oc1cccc2c1c(/C=C1\C(=O)NN=C1c1nccs1)cn2C)c1ccccc1,42.0
337,Cn1cc(/C=C2\C(=O)NN=C2c2nccs2)c2c(OCc3c(F)cccc3F)cccc21,9.0
338,Cn1cc(/C=C2\C(=O)NN=C2c2nccs2)c2c(OCc3c(F)cccc3Cl)cccc21,13.0
339,Cn1cc(/C=C2\C(=O)NN=C2c2nccs2)c2c(OCc3cccc(F)c3F)cccc21,14.0
340,Cn1cc(/C=C2\C(=O)NN=C2c2nccs2)c2c(OCc3cc(F)ccc3F)cccc21,17.0
341,Cn1cc(/C=C2\C(=O)NN=C2c2nccs2)c2c(OCc3ccc(F)cc3F)cccc21,229.0
342,Cc1nnsc1C1=NNC(=O)/C1=C\c1cn(C)c2cccc(OCc3ccccc3)c12,650.0
343,Cc1nnsc1C1=NNC(=O)/C1=C\c1cn(C)c2cccc(OCc3cccnc3)c12,2500.0
344,Cc1nnsc1C1=NNC(=O)/C1=C\c1cn(C)c2cccc(OCc3ccncc3)c12,1600.0
345,Cc1nnsc1C1=NNC(=O)/C1=C\c1cn(C)c2cccc(OCc3ccccc3F)c12,400.0
346,Cc1nnsc1C1=NNC(=O)/C1=C\c1cn(C)c2cccc(OCc3cccc(F)c3)c12,1000.0
347,Cc1nnsc1C1=NNC(=O)/C1=C\c1cn(C)c2cccc(OCc3ccc(F)cc3)c12,400.0
348,Cc1nnsc1C1=NNC(=O)/C1=C\c1cn(C)c2cccc(OCc3c(F)cccc3F)c12,300.0
349,Cc1nnsc1C1=NNC(=O)/C1=C\c1cn(C)c2cccc(OCc3ccc(F)cc3F)c12,200.0
350,Cc1nnsc1C1=NNC(=O)/C1=C\c1cn(C)c2cccc(OCc3c(F)cccc3Cl)c12,200.0
351,Cc1nnsc1C1=NNC(=O)/C1=C\c1cn(C)c2cccc(OCc3c(F)ccc(F)c3Cl)c12,300.0
352,Cc1nnsc1C1=NNC(=O)/C1=C\c1cn(C)c2cccc(OCc3c(F)ccc(Cl)c3F)c12,400.0
353,Cn1cc(/C=C2\C(=O)NN=C2c2nccs2)c2c(OCc3ccccc3)cccc21,300.0
354,Cn1cc(/C=C2\C(=O)NN=C2c2nccs2)c2c(OCc3ccccc3F)cccc21,400.0
355,Cn1cc(/C=C2\C(=O)NN=C2c2nccs2)c2c(OCc3cccc(F)c3)cccc21,120.0
356,CC(Oc1cccc2c1c(/C=C1\C(=O)NN=C1c1nccs1)cn2C)c1ccccc1,500.0
357,Cn1cc(/C=C2\C(=O)NN=C2c2nccs2)c2c(OCc3c(F)cccc3F)cccc21,100.0
358,Cn1cc(/C=C2\C(=O)NN=C2c2nccs2)c2c(OCc3c(F)cccc3Cl)cccc21,200.0
359,Cn1cc(/C=C2\C(=O)NN=C2c2nccs2)c2c(OCc3cccc(F)c3F)cccc21,90.0
360,Cn1cc(/C=C2\C(=O)NN=C2c2nccs2)c2c(OCc3cc(F)ccc3F)cccc21,200.0
361,Cc1ccc(O)cc1CC[C@@H]1[C@@H](O)CC[C@]2(C)[C@@H]([C@H](C)/C=C/CC(C)C)CC[C@@H]12,9330.0
362,Cc1ccc(O)cc1CC[C@@H]1C(=O)CC[C@]2(C)[C@@H]([C@H](C)/C=C/CC(C)C)CC[C@@H]12,4160.0
363,C=C(CC[C@@H](C)[C@H]1CC[C@H]2[C@H](CCc3cc(O)ccc3C)C(=O)CC[C@]12C)C(C)C,4360.0
364,Cc1ccc(O)cc1CC[C@@H]1C(=O)CC[C@]2(C)[C@@H]([C@H](C)CCCC(C)C)CC[C@@H]12,4730.0
365,Cc1ccc(O)cc1CC[C@@H]1[C@H](O)CC[C@]2(C)[C@@H]([C@H](C)CCCC(C)C)CC[C@@H]12,7550.0
366,Cc1ccc(O)cc1CC[C@@H]1C(=O)CC[C@]2(C)[C@@H]([C@H](C)CCCC(C)C)[C@@H](O)C[C@@H]12,100000.0
367,C=C(CC[C@@H](C)[C@H]1CC[C@H]2[C@H](CCc3cc(O)ccc3C)[C@H](O)CC[C@]12C)C(C)C,100000.0
368,Cc1ccc(O)cc1CC[C@@H]1[C@H](O)CC[C@]2(C)[C@@H]([C@H](C)CCCC(C)C)[C@@H](O)C[C@@H]12,100000.0
369,C[C@H](O)CN1CCN(c2ccc(Nc3ncc4ccc(-c5ccccc5N(C)S(C)(=O)=O)n4n3)cc2)CC1,30.0
370,COc1cc(N2CCN(C[C@H](C)O)CC2)ccc1Nc1ncc2ccc(-c3ccccc3N(C)S(C)(=O)=O)n2n1,9.0
371,CN(C)CCN1CCN(C(=O)c2cc(C(C)(C)C)sc2NC(=O)Nc2cccc(Cl)c2Cl)CCC1=O,30000.0
372,Cc1ccc(-n2nc(C(C)(C)C)cc2NC(=O)Nc2ccc(OCCN3CCOCC3)c3ccccc23)cc1,30000.0
373,CCCc1cc2c(cc1N1CCC(N3CCOCC3)CC1)C(C)(C)c1[nH]c3cc(C#N)ccc3c1C2=O,1.1
374,Cc1cc2c(cc1N1CCC(N3CCOCC3)CC1)C(C)(C)c1[nH]c3cc(C#N)ccc3c1C2=O,1.1
375,CC1(C)c2cc(N3CCC(N4CCOCC4)CC3)ccc2C(=O)c2c1[nH]c1cc(C#N)ccc21,16.0
376,CCc1cc2c(cc1N1CCC(N3CCOCC3)CC1)C(C)(C)c1[nH]c3cc(C#N)ccc3c1C2=O,1.9
377,CCc1cc2c(cc1N1CCN(C3COC3)CC1)C(C)(C)c1[nH]c3cc(C#N)ccc3c1C2=O,2.9
378,CCc1cc2c(cc1N1CCN(C3CCC3)CC1)C(C)(C)c1[nH]c3cc(C#N)ccc3c1C2=O,2.4
379,CCc1cc2c(cc1N1CCN(C3CC3)CC1)C(C)(C)c1[nH]c3cc(C#N)ccc3c1C2=O,5.2
380,CC1(C)c2ccc(N3CCN(C4COC4)CC3)cc2C(=O)c2c1[nH]c1cc(C#N)ccc21,69.3
381,CC1(C)c2ccc(N3CCN(C4CC4)CC3)cc2C(=O)c2c1[nH]c1cc(C#N)ccc21,233.0
382,CC1(C)c2ccc(C3CCN(C4COC4)CC3)cc2C(=O)c2c1[nH]c1cc(C#N)ccc21,67.0
383,CC1(C)c2ccc(C3CCN(C4CC4)CC3)cc2C(=O)c2c1[nH]c1cc(C#N)ccc21,44.0
384,Cn1c2c(c3ccc(Cl)c(Cl)c31)C(C#N)C1(CCNCC1)NC2=O,10000.0
385,COCCN1CCc2cc(Nc3ncc(Cl)c(Nc4ccc(N5CCOCC5)cc4OC)n3)c(OC)cc2CC1,7.0
386,CN1CCN(c2ccc(Nc3ncc(Cl)c(Nc4ccccc4)n3)cc2)CC1,67.0
387,COc1ccccc1Nc1nc(Nc2ccc(N3CCN(C)CC3)cc2)ncc1Cl,22.0
388,Clc1cnc2nc1Nc1cccc(c1)CCc1cccc(c1)N2,10000.0
389,Clc1cnc2nc1Nc1cccc(c1)CCc1cc(ccc1N1CCOCC1)N2,10000.0
390,Clc1cnc2nc1Nc1cccc(c1)CCc1cc(ccc1OCCN1CCCC1)N2,283.0
391,CN1CCN(c2ccc3cc2CCc2cccc(c2)Nc2nc(ncc2Cl)N3)CC1,92.0
392,COc1ccc2cc1Nc1nc(ncc1Cl)Nc1cccc(c1)CC2,360.0
393,COc1ccc2cc1Nc1nc(ncc1Cl)Nc1ccc(N3CCOCC3)c(c1)CC2,1000.0
394,COc1ccc2cc1Nc1nc(ncc1Cl)Nc1ccc(N3CCN(C)CC3)c(c1)CC2,3.1
395,CNC(=O)c1ccc2cc1Nc1nc(ncc1Cl)Nc1ccc(N3CCN(C)CC3)c(c1)CC2,35.0
396,CC(C)S(=O)(=O)c1ccc2cc1Nc1nc(ncc1Cl)Nc1ccc(N3CCN(C)CC3)c(c1)CC2,3.7
397,CN1CCN(c2ccc3cc2CCc2ccc(N(C)S(C)(=O)=O)c(c2)Nc2nc(ncc2Cl)N3)CC1,3.4
398,COc1cc(N2CCN(C)CC2)c2cc1Nc1ncc(Cl)c(n1)Nc1cccc(c1)CC2,5.0
399,COc1cc(N2CCN(C)CC2)c2cc1Nc1ncc(Cl)c(n1)Nc1cc(ccc1S(=O)(=O)C(C)C)CC2,1.5
400,COc1cc(N2CCN(C)CC2)c2cc1Nc1ncc(Cl)c(n1)Nc1cc(ccc1N(C)S(C)(=O)=O)CC2,0.51
401,CN1CCN(c2ccc3cc2/C=C\c2cccc(c2)Nc2nc(ncc2Cl)N3)CC1,392.0
402,COc1ccc2cc1Nc1nc(ncc1Cl)Nc1ccc(N3CCN(C)CC3)c(c1)/C=C\2,259.0
403,COc1cc(N2CCN(C)CC2)c2cc1Nc1ncc(Cl)c(n1)Nc1cc(ccc1N(C)S(C)(=O)=O)/C=C\2,7.0
404,COCCN1CCc2cc(Nc3ncc(Cl)c(Nc4ccc(N5CCOCC5)cc4OC)n3)c(OC)cc2CC1,150.0
405,CN1CCN(c2ccc(Nc3ncc(Cl)c(Nc4ccccc4)n3)cc2)CC1,
406,COc1ccccc1Nc1nc(Nc2ccc(N3CCN(C)CC3)cc2)ncc1Cl,100.0
407,Clc1cnc2nc1Nc1cccc(c1)CCc1cccc(c1)N2,
408,Clc1cnc2nc1Nc1cccc(c1)CCc1cc(ccc1N1CCOCC1)N2,
409,Clc1cnc2nc1Nc1cccc(c1)CCc1cc(ccc1OCCN1CCCC1)N2,
410,CN1CCN(c2ccc3cc2CCc2cccc(c2)Nc2nc(ncc2Cl)N3)CC1,
411,COc1ccc2cc1Nc1nc(ncc1Cl)Nc1cccc(c1)CC2,
412,COc1ccc2cc1Nc1nc(ncc1Cl)Nc1ccc(N3CCOCC3)c(c1)CC2,
413,COc1ccc2cc1Nc1nc(ncc1Cl)Nc1ccc(N3CCN(C)CC3)c(c1)CC2,150.0
414,CNC(=O)c1ccc2cc1Nc1nc(ncc1Cl)Nc1ccc(N3CCN(C)CC3)c(c1)CC2,1200.0
415,CC(C)S(=O)(=O)c1ccc2cc1Nc1nc(ncc1Cl)Nc1ccc(N3CCN(C)CC3)c(c1)CC2,70.0
416,CN1CCN(c2ccc3cc2CCc2ccc(N(C)S(C)(=O)=O)c(c2)Nc2nc(ncc2Cl)N3)CC1,120.0
417,COc1cc(N2CCN(C)CC2)c2cc1Nc1ncc(Cl)c(n1)Nc1cccc(c1)CC2,800.0
418,COc1cc(N2CCN(C)CC2)c2cc1Nc1ncc(Cl)c(n1)Nc1cc(ccc1S(=O)(=O)C(C)C)CC2,30.0
419,COc1cc(N2CCN(C)CC2)c2cc1Nc1ncc(Cl)c(n1)Nc1cc(ccc1N(C)S(C)(=O)=O)CC2,10.0
420,CN1CCN(c2ccc3cc2/C=C\c2cccc(c2)Nc2nc(ncc2Cl)N3)CC1,
421,COc1ccc2cc1Nc1nc(ncc1Cl)Nc1ccc(N3CCN(C)CC3)c(c1)/C=C\2,
422,COc1cc(N2CCN(C)CC2)c2cc1Nc1ncc(Cl)c(n1)Nc1cc(ccc1N(C)S(C)(=O)=O)/C=C\2,120.0
423,C[C@@H](Oc1cc(-c2cnn(C3CCNCC3)c2)cnc1N)c1c(Cl)ccc(F)c1Cl,200.0
424,CC(C)Cn1c2ccc(Nc3ncccn3)cc2c2c3c(c4c(c21)CCc1nn(C)cc1-4)C(=O)NC3,132.0
425,Nc1ncc(-c2cnn(CCO)c2)c2scc(-c3ccc(NC(=O)Nc4cccc(F)c4)cc3)c12,363.0
426,COc1cc(Nc2nccc(N3CCC[C@H](C(=O)NCc4ccc(C)cc4)C3)n2)cc(OC)c1OC,384.0
427,COc1cc(Nc2nccc(N3CCC[C@@H](C(=O)NCc4ccc(C)cc4)C3)n2)cc(OC)c1OC,4120.0
428,COc1cc(Nc2nccc(N3CCC[C@H](C(=O)NCc4cccc(N5CCOCC5)c4)C3)n2)cc(OC)c1OC,31.0
429,COc1cc(Nc2nccc(N3CCC[C@H](C(=O)NCc4cccc(Oc5ccccc5)c4)C3)n2)cc(OC)c1OC,192.0
430,COc1cc(Nc2nccc(N3CCC[C@H](C(=O)NCc4ccc(-c5ccccc5)cc4)C3)n2)cc(OC)c1OC,138.0
431,COc1cc(Nc2nccc(N3CCC[C@H](C(=O)NCc4cccc(-c5ccccc5)c4)C3)n2)cc(OC)c1OC,19.0
432,COC(=O)c1ccc(CNC(=O)[C@H]2CCCN(c3ccnc(Nc4cc(OC)c(OC)c(OC)c4)n3)C2)cc1,1700.0
433,COC(=O)c1cccc(CNC(=O)[C@H]2CCCN(c3ccnc(Nc4cc(OC)c(OC)c(OC)c4)n3)C2)c1,60.0
434,COc1cc(Nc2nccc(N3CCC[C@H](C(=O)NCc4ccc([N+](=O)[O-])cc4)C3)n2)cc(OC)c1OC,2930.0
435,COc1cc(Nc2nccc(N3CCC[C@H](C(=O)NCc4cccc([N+](=O)[O-])c4)C3)n2)cc(OC)c1OC,70.0
436,COc1cc(Nc2nccc(N3CCC[C@H](C(=O)NCc4ccc(Cl)cc4)C3)n2)cc(OC)c1OC,95.0
437,COc1cc(Nc2nccc(N3CCC[C@H](C(=O)NCc4cccc(Cl)c4)C3)n2)cc(OC)c1OC,80.0
438,COc1cc(Nc2nccc(N3CCC[C@H](C(=O)NCc4ccccc4Cl)C3)n2)cc(OC)c1OC,587.0
439,COc1cc(Nc2nccc(N3CCC[C@H](C(=O)NCc4ccc(OC(F)(F)F)cc4)C3)n2)cc(OC)c1OC,10.0
440,COc1cc(Nc2nccc(N3CCC[C@H](C(=O)NCc4cccc(OC(F)(F)F)c4)C3)n2)cc(OC)c1OC,16.0
441,COc1cc(Nc2nccc(N3CCC[C@H](C(=O)NCc4cccc(C)c4)C3)n2)cc(OC)c1OC,83.0
442,COc1cc(Nc2nccc(N3CCC[C@H](C(=O)NCc4ccccc4C)C3)n2)cc(OC)c1OC,341.0
443,COc1cc(Nc2nccc(N3CCC[C@H](C(=O)N[C@H](C)c4ccccc4)C3)n2)cc(OC)c1OC,2010.0
444,COc1cc(Nc2nccc(N3CCC[C@H](C(=O)N[C@@H](C)c4ccccc4)C3)n2)cc(OC)c1OC,2600.0
445,COc1cc(Nc2nccc(N3CCC[C@H](C(=O)NCC(=O)c4ccccc4)C3)n2)cc(OC)c1OC,2940.0
446,COc1cc(Nc2nccc(N3CCC[C@H](C(=O)NCCCc4ccccc4)C3)n2)cc(OC)c1OC,6710.0
447,COc1cc(Nc2nccc(N3CCC[C@H](C(=O)NCCc4ccccc4)C3)n2)cc(OC)c1OC,358.0
448,COc1cc(Nc2nccc(N3CCC[C@H](C(=O)NCc4ccccc4)C3)n2)cc(OC)c1OC,364.0
449,COc1cc(Nc2nccc(N3CCC[C@H](C(=O)Nc4ccccc4)C3)n2)cc(OC)c1OC,833.0
450,COc1cc(Nc2nccc(N3CCC[C@H](C(=O)NCc4ccc(C)cc4)C3)n2)cc(OC)c1,325.0
451,Cc1ccc(CNC(=O)[C@H]2CCCN(c3ccnc(Nc4ccc5c(c4)OCCO5)n3)C2)cc1,1480.0
452,COc1ccc(Nc2nccc(N3CCC[C@H](C(=O)NCc4ccc(C)cc4)C3)n2)cc1OC,1730.0
453,CCc1ccc(Nc2nccc(N3CCC[C@H](C(=O)NCc4ccc(C)cc4)C3)n2)cc1,25000.0
454,CCc1cccc(Nc2nccc(N3CCC[C@H](C(=O)NCc4ccc(C)cc4)C3)n2)c1,912.0
455,COc1ccc(Nc2nccc(N3CCC[C@H](C(=O)NCc4ccc(C)cc4)C3)n2)cc1,3100.0
456,COc1cccc(Nc2nccc(N3CCC[C@H](C(=O)NCc4ccc(C)cc4)C3)n2)c1,1020.0
457,Cc1ccc(CNC(=O)[C@H]2CCCN(c3ccnc(Nc4ccc(Cl)cc4)n3)C2)cc1,6300.0
458,Cc1ccc(CNC(=O)[C@H]2CCCN(c3ccnc(Nc4cccc(Cl)c4)n3)C2)cc1,2010.0
459,Cc1ccc(CNC(=O)[C@H]2CCCN(c3ccnc(NCc4ccccc4)n3)C2)cc1,25000.0
460,Cc1ccc(CNC(=O)[C@H]2CCCN(c3ccnc(Nc4ccccc4)n3)C2)cc1,2320.0
461,CNc1nccc(N2CCC[C@H](C(=O)NCc3ccc(C)cc3)C2)n1,25000.0
462,COc1cc(Nc2nccc(N3CCC[C@H](C(=O)NCc4ccc(C)cc4)C3)n2)cc(OC)c1OC,174.0
463,COc1cc(Nc2nccc(N3CCC[C@H](C(=O)NCc4cccc(OC(F)(F)F)c4)C3)n2)cc(OC)c1OC,59.0
464,COc1cc(Nc2nccc(N3CCC[C@H](C(=O)NCc4cccc(Cl)c4)C3)n2)cc(OC)c1OC,226.0
465,COC(=O)c1cccc(CNC(=O)[C@H]2CCCN(c3ccnc(Nc4cc(OC)c(OC)c(OC)c4)n3)C2)c1,61.0
466,COc1cc(Nc2nccc(N3CCC[C@H](C(=O)NCc4cccc(-c5ccccc5)c4)C3)n2)cc(OC)c1OC,224.0
467,COc1cc(Nc2nccc(N3CCC[C@H](C(=O)NCc4cccc(N5CCOCC5)c4)C3)n2)cc(OC)c1OC,28.0
468,CNC(=O)c1ccccc1Nc1nc(Nc2ccc3c(c2)CCCC(=O)N3C)ncc1Cl,15.0
469,CNC(=O)c1cccc(Nc2nc(Nc3ccc4c(c3)CCCC(=O)N4C)ncc2Cl)c1,568.0
470,CNS(=O)(=O)c1ccccc1Nc1nc(Nc2ccc3c(c2)CCCC(=O)N3C)ncc1Cl,1.0
471,CN1C(=O)CCCc2cc(Nc3ncc(Cl)c(N[C@H]4[C@@H](C(N)=O)[C@@H]5C=C[C@H]4C5)n3)ccc21,18.0
472,CN1C(=O)CCCc2cc(Nc3ncc(Cl)c(N[C@@H]4CCCC[C@@H]4C(N)=O)n3)ccc21,180.0
473,CN1C(=O)CCCc2cc(Nc3ncc(Cl)c(N[C@@H]4CCCC[C@H]4C(N)=O)n3)ccc21,2139.0
474,CCN1C(=O)CCCc2c1ccc(Nc1ncc(Cl)c(Nc3ccccc3C(=O)NC)n1)c2OC,11.0
475,CCN1C(=O)CCCc2cc(Nc3ncc(Cl)c(Nc4ccccc4C(=O)NC)n3)c(OC)cc21,5.0
476,CCN1C(=O)CCCc2c1ccc(Nc1ncc(Cl)c(N[C@H]3[C@@H](C(N)=O)[C@@H]4C=C[C@H]3C4)n1)c2OC,14.0
477,CCN1C(=O)CCCc2cc(Nc3ncc(Cl)c(N[C@H]4[C@@H](C(N)=O)[C@@H]5C=C[C@H]4C5)n3)c(OC)cc21,7.0
478,CCN1C(=O)CCCc2c1ccc(Nc1ncc(Cl)c(Nc3ccccc3S(=O)(=O)N(C)C)n1)c2OC,8.0
479,CCN1C(=O)CCCc2cc(Nc3ncc(Cl)c(Nc4ccccc4S(=O)(=O)N(C)C)n3)c(OC)cc21,4.0
480,CCN1C(=O)CCCc2c1ccc(Nc1ncc(Cl)c(Nc3ccccc3S(=O)(=O)C(C)C)n1)c2OC,5.0
481,CCN1C(=O)CCCc2cc(Nc3ncc(Cl)c(Nc4ccccc4S(=O)(=O)C(C)C)n3)c(OC)cc21,2.7
482,CNC(=O)c1ccccc1Nc1nc(Nc2ccc3c(c2)CCCC(=O)N3C)ncc1Cl,30.0
483,CNC(=O)c1cccc(Nc2nc(Nc3ccc4c(c3)CCCC(=O)N4C)ncc2Cl)c1,
484,CNS(=O)(=O)c1ccccc1Nc1nc(Nc2ccc3c(c2)CCCC(=O)N3C)ncc1Cl,20.0
485,CN1C(=O)CCCc2cc(Nc3ncc(Cl)c(N[C@H]4[C@@H](C(N)=O)[C@@H]5C=C[C@H]4C5)n3)ccc21,100.0
486,CN1C(=O)CCCc2cc(Nc3ncc(Cl)c(N[C@@H]4CCCC[C@@H]4C(N)=O)n3)ccc21,1000.0
487,CN1C(=O)CCCc2cc(Nc3ncc(Cl)c(N[C@@H]4CCCC[C@H]4C(N)=O)n3)ccc21,
488,CCN1C(=O)CCCc2c1ccc(Nc1ncc(Cl)c(Nc3ccccc3C(=O)NC)n1)c2OC,200.0
489,CCN1C(=O)CCCc2cc(Nc3ncc(Cl)c(Nc4ccccc4C(=O)NC)n3)c(OC)cc21,40.0
490,CCN1C(=O)CCCc2c1ccc(Nc1ncc(Cl)c(N[C@H]3[C@@H](C(N)=O)[C@@H]4C=C[C@H]3C4)n1)c2OC,45.0
491,CCN1C(=O)CCCc2cc(Nc3ncc(Cl)c(N[C@H]4[C@@H](C(N)=O)[C@@H]5C=C[C@H]4C5)n3)c(OC)cc21,40.0
492,CCN1C(=O)CCCc2c1ccc(Nc1ncc(Cl)c(Nc3ccccc3S(=O)(=O)N(C)C)n1)c2OC,65.0
493,CCN1C(=O)CCCc2cc(Nc3ncc(Cl)c(Nc4ccccc4S(=O)(=O)N(C)C)n3)c(OC)cc21,30.0
494,CCN1C(=O)CCCc2c1ccc(Nc1ncc(Cl)c(Nc3ccccc3S(=O)(=O)C(C)C)n1)c2OC,50.0
495,CCN1C(=O)CCCc2cc(Nc3ncc(Cl)c(Nc4ccccc4S(=O)(=O)C(C)C)n3)c(OC)cc21,30.0
496,CCN1C(=O)CCCc2c1ccc(Nc1ncc(Cl)c(N[C@H]3[C@@H](C(N)=O)[C@@H]4C=C[C@H]3C4)n1)c2OC,225.0
497,COc1cc2c(cc1Nc1ncc(Cl)c(N[C@H]3[C@@H](C(N)=O)[C@@H]4C=C[C@H]3C4)n1)CCC(N1CCN(C)CC1)CC2,150.0
498,COc1cc2c(cc1Nc1ncc(Cl)c(N[C@H]3[C@@H](C(N)=O)[C@@H]4C=C[C@H]3C4)n1)CCC(N1CCN(C)CC1)CC2,150.0
499,COc1c(Nc2ncc(Cl)c(N[C@H]3[C@@H](C(N)=O)[C@@H]4C=C[C@H]3C4)n2)ccc2c1CCC(N1CCN(C)CC1)CC2,20.0
500,COc1c(Nc2ncc(Cl)c(N[C@H]3[C@@H](C(N)=O)[C@@H]4C=C[C@H]3C4)n2)ccc2c1CCC(N1CCN(C)CC1)CC2,200.0
501,COc1cc2c(cc1Nc1ncc(Cl)c(N[C@H]3[C@@H](C(N)=O)[C@@H]4C=C[C@H]3C4)n1)CCC(N1CCOCC1)CC2,120.0
502,COc1cc2c(cc1Nc1ncc(Cl)c(N[C@H]3[C@@H](C(N)=O)[C@@H]4C=C[C@H]3C4)n1)CCC(N1CCOCC1)CC2,40.0
503,COc1c(Nc2ncc(Cl)c(N[C@H]3[C@@H](C(N)=O)[C@@H]4C=C[C@H]3C4)n2)ccc2c1CC[C@@H](N1CCOCC1)CC2,20.0
504,COc1c(Nc2ncc(Cl)c(N[C@H]3[C@@H](C(N)=O)[C@@H]4C=C[C@H]3C4)n2)ccc2c1CC[C@H](N1CCOCC1)CC2,120.0
505,COCCNC1CCc2cc(Nc3ncc(Cl)c(N[C@H]4[C@@H](C(N)=O)[C@@H]5C=C[C@H]4C5)n3)c(OC)cc2CC1,65.0
506,COCCNC1CCc2cc(Nc3ncc(Cl)c(N[C@H]4[C@@H](C(N)=O)[C@@H]5C=C[C@H]4C5)n3)c(OC)cc2CC1,40.0
507,COCCN[C@@H]1CCc2ccc(Nc3ncc(Cl)c(N[C@H]4[C@@H](C(N)=O)[C@@H]5C=C[C@H]4C5)n3)c(OC)c2CC1,30.0
508,COCCN[C@H]1CCc2ccc(Nc3ncc(Cl)c(N[C@H]4[C@@H](C(N)=O)[C@@H]5C=C[C@H]4C5)n3)c(OC)c2CC1,65.0
509,COc1cc2c(cc1Nc1ncc(Cl)c(Nc3ccc(N4CCOCC4)cc3OC)n1)CCN(CC(=O)N(C)C)CC2,30.0
510,CCN1C(=O)CCCc2c1ccc(Nc1ncc(Cl)c(N[C@H]3[C@@H](C(N)=O)[C@@H]4C=C[C@H]3C4)n1)c2OC,45.0
511,COc1cc2c(cc1Nc1ncc(Cl)c(N[C@H]3[C@@H](C(N)=O)[C@@H]4C=C[C@H]3C4)n1)CCC(N1CCN(C)CC1)CC2,15.0
512,COc1cc2c(cc1Nc1ncc(Cl)c(N[C@H]3[C@@H](C(N)=O)[C@@H]4C=C[C@H]3C4)n1)CCC(N1CCN(C)CC1)CC2,17.0
513,COc1c(Nc2ncc(Cl)c(N[C@H]3[C@@H](C(N)=O)[C@@H]4C=C[C@H]3C4)n2)ccc2c1CCC(N1CCN(C)CC1)CC2,3.1
514,COc1c(Nc2ncc(Cl)c(N[C@H]3[C@@H](C(N)=O)[C@@H]4C=C[C@H]3C4)n2)ccc2c1CCC(N1CCN(C)CC1)CC2,16.2
515,COc1cc2c(cc1Nc1ncc(Cl)c(N[C@H]3[C@@H](C(N)=O)[C@@H]4C=C[C@H]3C4)n1)CCC(N1CCOCC1)CC2,16.0
516,COc1cc2c(cc1Nc1ncc(Cl)c(N[C@H]3[C@@H](C(N)=O)[C@@H]4C=C[C@H]3C4)n1)CCC(N1CCOCC1)CC2,6.0
517,COc1c(Nc2ncc(Cl)c(N[C@H]3[C@@H](C(N)=O)[C@@H]4C=C[C@H]3C4)n2)ccc2c1CC[C@@H](N1CCOCC1)CC2,1.9
518,COc1c(Nc2ncc(Cl)c(N[C@H]3[C@@H](C(N)=O)[C@@H]4C=C[C@H]3C4)n2)ccc2c1CC[C@H](N1CCOCC1)CC2,35.0
519,COCCNC1CCc2cc(Nc3ncc(Cl)c(N[C@H]4[C@@H](C(N)=O)[C@@H]5C=C[C@H]4C5)n3)c(OC)cc2CC1,11.0
520,COCCNC1CCc2cc(Nc3ncc(Cl)c(N[C@H]4[C@@H](C(N)=O)[C@@H]5C=C[C@H]4C5)n3)c(OC)cc2CC1,4.0
521,COCCN[C@@H]1CCc2ccc(Nc3ncc(Cl)c(N[C@H]4[C@@H](C(N)=O)[C@@H]5C=C[C@H]4C5)n3)c(OC)c2CC1,9.0
522,COCCN[C@H]1CCc2ccc(Nc3ncc(Cl)c(N[C@H]4[C@@H](C(N)=O)[C@@H]5C=C[C@H]4C5)n3)c(OC)c2CC1,21.0
523,COc1cc2c(cc1Nc1ncc(Cl)c(Nc3ccc(N4CCOCC4)cc3OC)n1)CCN(CC(=O)N(C)C)CC2,4.0
524,CCN1C(=O)CCCc2c1ccc(Nc1ncc(Cl)c(N[C@H]3[C@@H](C(N)=O)[C@@H]4C=C[C@H]3C4)n1)c2OC,14.0
525,CC(C)Oc1cc(-n2cnc3ccc(N[C@@H](C)c4ccc(F)cn4)nc32)n[nH]1,34.1
526,COc1cc(C2CCN(CC(N)=O)CC2)ccc1Nc1ncc2ccc(-c3ncccc3OC)n2n1,1061.0
527,COc1ccc(N2CCN(C)CC2)cc1Nc1ncc2ccc(-c3ccccc3OC)n2n1,187.0
528,C[C@H](O)CN1CCN(c2cc(F)c(Nc3ncc4ccc(-c5ccccc5N(C)S(C)(=O)=O)n4n3)cc2F)CC1,91.0
529,COc1c(Nc2ncc3ccc(-c4ccccc4N(C)S(C)(=O)=O)n3n2)ccc(N2CCN(C[C@H](C)O)CC2)c1F,56.0
530,COc1ccc(N2CCN(C)CC2)cc1Nc1ncc2ccc(-c3ccccc3N(C)S(C)(=O)=O)n2n1,28.0
531,COc1cc(C2CCN(CC(N)=O)CC2)ccc1Nc1ncc2ccc(-c3ccccc3C#N)n2n1,19.0
532,COc1cc(C2CCN(CC(N)=O)CC2)ccc1Nc1ncc2ccc(-c3ccccc3N(C)S(C)(=O)=O)n2n1,15.0
533,COc1cc(N2CCN(C[C@H](C)O)CC2)c(F)cc1Nc1ncc2ccc(-c3ccccc3N(C)S(C)(=O)=O)n2n1,14.0
534,COc1ccc(-c2ccc3cnc(Nc4ccc(C5CCN(CC(N)=O)CC5)cc4OC)nn23)c(OC)c1,12.0
535,COc1cc(C2CCN(CC(N)=O)CC2)ccc1Nc1ncc2c(O)cc(-c3ccccc3N(C)S(C)(=O)=O)n2n1,11.0
536,COc1cc(C2CCN(C(=O)C3CCN3)CC2)ccc1Nc1ncc2ccc(-c3ccccc3OC)n2n1,11.0
537,CNC(=O)CN1CCC(c2ccc(Nc3ncc4ccc(-c5ccccc5OC)n4n3)c(OC)c2)CC1,10.0
538,COc1cc(C2CCNCC2)ccc1Nc1ncc2ccc(-c3ccccc3N(C)S(C)(=O)=O)n2n1,10.0
539,COc1cc(N2CCN(C[C@H](C)O)CC2)ccc1Nc1ncc2ccc(-c3ccccc3N(C)S(C)(=O)=O)n2n1,10.0
540,COc1cc(C2CCN(CC(N)=O)CC2)ccc1Nc1ncc2ccc(-c3ccncc3OC)n2n1,9.0
541,COc1cc(C2CCN(C(=O)C(C)(C)N)CC2)ccc1Nc1ncc2ccc(-c3ccccc3OC)n2n1,7.0
542,COc1cc(C2CCN(CC(N)=O)CC2)ccc1Nc1ncc2c(C)cc(-c3ccccc3N(C)S(C)(=O)=O)n2n1,6.0
543,COc1cc(C2CCN(CC(N)=O)CC2)ccc1Nc1ncc2ccc(-c3ccccc3OC)n2n1,6.0
544,COc1cc(C2CCN(C)CC2)ccc1Nc1ncc2ccc(-c3ccccc3OC)n2n1,6.0
545,COc1cc(C2CCN(C[C@@H](C)O)CC2)ccc1Nc1ncc2ccc(-c3ccccc3N(C)S(C)(=O)=O)n2n1,6.0
546,COc1cc(C2CCN(CCO)CC2)ccc1Nc1ncc2ccc(-c3ccccc3N(C)S(C)(=O)=O)n2n1,6.0
547,COc1cc(C2CCN(CC(N)=O)CC2)ccc1Nc1ncc2c(Cl)cc(-c3ccccc3N(C)S(C)(=O)=O)n2n1,4.7
548,COc1cc(C2CCN(C[C@@H](C)O)CC2)ccc1Nc1ncc2ccc(-c3ccccc3OC)n2n1,3.4
549,COc1cc(C2CCN(CC(O)CF)CC2)ccc1Nc1ncc2ccc(-c3ccccc3OC)n2n1,3.0
550,COc1cc(C2CCN(C[C@H](O)CO)CC2)ccc1Nc1ncc2ccc(-c3ccccc3OC)n2n1,2.9
551,CC(C)NC(=O)[C@H]1CC[C@@H](n2/c(=N/C(=O)c3ccc(F)cc3)[nH]c3ccc(CN4CC(C(C)(C)O)C4)cc32)CC1,2.0
552,CC(C)NC(=O)[C@H]1CC[C@@H](n2/c(=N/C(=O)c3ccc(F)cc3)[nH]c3ccc(CNCC(C)(C)O)cc32)CC1,1.6
553,CC(C)NC(=O)[C@H]1CC[C@@H](n2/c(=N/C(=O)c3ccc(F)cc3)[nH]c3ccc(CN4CCC(C(C)(C)O)C4)cc32)CC1,8.0
554,CC(C)NC(=O)[C@H]1CC[C@@H](n2/c(=N/C(=O)c3ccc(F)cc3)[nH]c3ccc(CN4CCC[C@H]4C(C)(C)O)cc32)CC1,13.0
555,CC(C)NC(=O)[C@H]1CC[C@@H](n2/c(=N/C(=O)c3ccc(F)cc3)[nH]c3ccc(CN4CCC(C(C)(C)O)CC4)cc32)CC1,4.0
556,CC(C)NC(=O)[C@H]1CC[C@@H](n2/c(=N/C(=O)c3ccc(F)cc3)[nH]c3ccc(CN4CCC[C@H]4C(N)=O)cc32)CC1,8.0
557,CC(C)NC(=O)[C@H]1CC[C@@H](n2/c(=N/C(=O)c3ccc(F)cc3)[nH]c3ccc(CN4CCC(C(N)=O)CC4)cc32)CC1,4.0
558,CC(C)NC(=O)[C@H]1CC[C@@H](n2/c(=N/C(=O)c3ccc(F)cc3)[nH]c3ccc(CN4CCC(C(=O)O)CC4)cc32)CC1,345.0
559,CC(C)NC(=O)[C@H]1CC[C@@H](n2/c(=N/C(=O)c3ccc(F)cc3)[nH]c3ccc(CN4CCCCC4C(=O)O)cc32)CC1,144.0
560,CC(C)NC(=O)[C@H]1CC[C@@H](n2/c(=N/C(=O)c3ccc(F)cc3)[nH]c3ccc(CN4CCC(CN)CC4)cc32)CC1,8.0
561,CC(C)NC(=O)[C@H]1CC[C@@H](n2/c(=N/C(=O)c3ccc(F)cc3)[nH]c3ccc(CN4CCNC(=O)C4)cc32)CC1,6.0
562,CC(C)NC(=O)[C@H]1CC[C@@H](n2/c(=N/C(=O)c3ccc(F)cc3)[nH]c3ccc(CN4CCNCC4)cc32)CC1,5.0
563,CC(C)NC(=O)[C@H]1CC[C@@H](n2/c(=N/C(=O)c3ccc(F)cc3)[nH]c3ccc(Oc4ccccn4)cc32)CC1,109.0
564,CC(C)NC(=O)[C@H]1CC[C@@H](n2/c(=N/C(=O)c3ccc(F)cc3)[nH]c3ccc(Cn4cncn4)cc32)CC1,4.0
565,CC(C)NC(=O)[C@H]1CC[C@@H](n2/c(=N/C(=O)c3ccc(F)cc3)[nH]c3ccc(CN4CCS(=O)(=O)CC4)cc32)CC1,8.0
566,CC(C)NC(=O)[C@H]1CC[C@@H](n2/c(=N/C(=O)c3ccc(F)cc3)[nH]c3ccc(CN4CCCCC4)cc32)CC1,4.0
567,CC(C)NC(=O)[C@H]1CC[C@@H](n2/c(=N/C(=O)c3ccc(F)cc3)[nH]c3ccccc32)CC1,147.0
568,CC(C)NC(=O)[C@H]1CC[C@@H](n2/c(=N/C(=O)c3ccccc3)[nH]c3ccc(CN4CCCCC4)cc32)CC1,5.0
569,NC(=O)[C@H]1CC[C@@H](n2/c(=N/C(=O)c3ccccc3)[nH]c3ccc(CN4CCCCC4)cc32)CC1,44.0
570,CCN(CC)C(=O)[C@H]1CC[C@@H](n2/c(=N/C(=O)c3ccccc3)[nH]c3ccc(CN4CCCCC4)cc32)CC1,562.0
571,CCNC(=O)[C@H]1CC[C@@H](n2/c(=N/C(=O)c3ccccc3)[nH]c3ccc(CN4CCCCC4)cc32)CC1,7.0
572,CCOC(=O)[C@H]1CC[C@@H](n2/c(=N/C(=O)c3ccccc3)[nH]c3ccc(CN4CCCCC4)cc32)CC1,18.0
573,COC(=O)[C@H]1CC[C@@H](n2/c(=N/C(=O)c3ccccc3)[nH]c3ccc(CN4CCCCC4)cc32)CC1,54.0
574,C=CCNS(=O)(=O)c1cccc(C(=O)/N=c2\[nH]c3cc(CN4CCCCC4)ccc3n2[C@H]2CC[C@@H](CO)CC2)c1,48.0
575,CC(C)NC(=O)[C@H]1CC[C@@H](n2/c(=N/C(=O)c3ccc(C#N)c(F)c3)[nH]c3ccc(CN4CCC(C(C)(C)O)CC4)cc32)CC1,1.0
576,CC(C)NC(=O)[C@H]1CC[C@@H](n2/c(=N/C(=O)c3ccc(F)c(Cl)c3)[nH]c3ccc(CN4CCC(C(C)(C)O)CC4)cc32)CC1,3.0
577,CC(C)NC(=O)[C@H]1CC[C@@H](n2/c(=N/C(=O)c3cccc(Cl)c3)[nH]c3ccc(CN4CCC(C(C)(C)O)CC4)cc32)CC1,2.0
578,CC(C)NC(=O)[C@H]1CC[C@@H](n2/c(=N/C(=O)c3cc(F)cc(Cl)c3)[nH]c3ccc(CN4CCC(C(C)(C)O)CC4)cc32)CC1,3.0
579,CC(C)NC(=O)[C@H]1CC[C@@H](n2/c(=N/C(=O)c3cccc(C#N)c3)[nH]c3ccc(CN4CCC(C(C)(C)O)CC4)cc32)CC1,1.0
580,CC(C)NC(=O)[C@H]1CC[C@@H](n2/c(=N/C(=O)c3cc(F)cc(C#N)c3)[nH]c3ccc(CN4CCC(C(C)(C)O)CC4)cc32)CC1,3.0
581,CC(C)NC(=O)[C@H]1CC[C@@H](n2/c(=N/C(=O)c3ccc(F)c(F)c3)[nH]c3ccc(CN4CCC(C(C)(C)O)CC4)cc32)CC1,2.0
582,CC(C)NC(=O)[C@H]1CC[C@@H](n2/c(=N/C(=O)c3cccnc3)[nH]c3ccc(CN4CCC(C(C)(C)O)CC4)cc32)CC1,6.0
583,CC(C)NC(=O)[C@H]1CC[C@@H](n2/c(=N/C(=O)c3ccc(C#N)cc3)[nH]c3ccc(CN4CCC(C(C)(C)O)CC4)cc32)CC1,1.0
584,CC(C)NC(=O)[C@H]1CC[C@@H](n2/c(=N/C(=O)c3ccncc3)[nH]c3ccc(CN4CCC(C(C)(C)O)CC4)cc32)CC1,1.0
585,CC(C)NC(=O)[C@H]1CC[C@@H](n2/c(=N/C(=O)c3cc(F)cc(F)c3)[nH]c3ccc(CN4CCC(C(C)(C)O)CC4)cc32)CC1,1.0
586,CC(C)NC(=O)[C@H]1CC[C@@H](n2/c(=N/C(=O)c3cccc(F)c3)[nH]c3ccc(CN4CCC(C(C)(C)O)CC4)cc32)CC1,1.0
587,CC(C)NC(=O)[C@H]1CC[C@@H](n2/c(=N/C(=O)c3ccccc3)[nH]c3ccc(CN4CCC(C(C)(C)O)CC4)cc32)CC1,2.0
588,CC(C)NC(=O)[C@H]1CC[C@@H](n2/c(=N/C(=O)c3ccc(F)cc3)[nH]c3ccc(CN4CC(C(C)(C)O)C4)cc32)CC1,1.5
589,CC(C)NC(=O)[C@H]1CC[C@@H](n2/c(=N/C(=O)c3ccc(F)cc3)[nH]c3ccc(CNCC(C)(C)O)cc32)CC1,1.0
590,CC(C)NC(=O)[C@H]1CC[C@@H](n2/c(=N/C(=O)c3ccc(F)cc3)[nH]c3ccc(CN4CCC(C(C)(C)O)C4)cc32)CC1,1.9
591,CC(C)NC(=O)[C@H]1CC[C@@H](n2/c(=N/C(=O)c3ccc(F)cc3)[nH]c3ccc(CN4CCC[C@H]4C(C)(C)O)cc32)CC1,2.6
592,CC(C)NC(=O)[C@H]1CC[C@@H](n2/c(=N/C(=O)c3ccc(F)cc3)[nH]c3ccc(CN4CCC(C(C)(C)O)CC4)cc32)CC1,1.0
593,CC(C)NC(=O)[C@H]1CC[C@@H](n2/c(=N/C(=O)c3ccc(F)cc3)[nH]c3ccc(CN4CCC[C@H]4C(N)=O)cc32)CC1,2.0
594,CC(C)NC(=O)[C@H]1CC[C@@H](n2/c(=N/C(=O)c3ccc(F)cc3)[nH]c3ccc(CN4CCC(C(N)=O)CC4)cc32)CC1,1.4
595,CC(C)NC(=O)[C@H]1CC[C@@H](n2/c(=N/C(=O)c3ccc(F)cc3)[nH]c3ccc(CN4CCC(C(=O)O)CC4)cc32)CC1,2.0
596,CC(C)NC(=O)[C@H]1CC[C@@H](n2/c(=N/C(=O)c3ccc(F)cc3)[nH]c3ccc(CN4CCCCC4C(=O)O)cc32)CC1,3.0
597,CC(C)NC(=O)[C@H]1CC[C@@H](n2/c(=N/C(=O)c3ccc(F)cc3)[nH]c3ccc(CN4CCC(CN)CC4)cc32)CC1,1.2
598,CC(C)NC(=O)[C@H]1CC[C@@H](n2/c(=N/C(=O)c3ccc(F)cc3)[nH]c3ccc(CN4CCNC(=O)C4)cc32)CC1,2.0
599,CC(C)NC(=O)[C@H]1CC[C@@H](n2/c(=N/C(=O)c3ccc(F)cc3)[nH]c3ccc(CN4CCNCC4)cc32)CC1,1.6
600,CC(C)NC(=O)[C@H]1CC[C@@H](n2/c(=N/C(=O)c3ccc(F)cc3)[nH]c3ccc(Oc4ccccn4)cc32)CC1,8.3
601,CC(C)NC(=O)[C@H]1CC[C@@H](n2/c(=N/C(=O)c3ccc(F)cc3)[nH]c3ccc(Cn4cncn4)cc32)CC1,2.0
602,CC(C)NC(=O)[C@H]1CC[C@@H](n2/c(=N/C(=O)c3ccc(F)cc3)[nH]c3ccc(CN4CCS(=O)(=O)CC4)cc32)CC1,2.0
603,CC(C)NC(=O)[C@H]1CC[C@@H](n2/c(=N/C(=O)c3ccc(F)cc3)[nH]c3ccc(CN4CCCCC4)cc32)CC1,1.6
604,CC(C)NC(=O)[C@H]1CC[C@@H](n2/c(=N/C(=O)c3ccc(F)cc3)[nH]c3ccccc32)CC1,7.0
605,CC(C)NC(=O)[C@H]1CC[C@@H](n2/c(=N/C(=O)c3ccccc3)[nH]c3ccc(CN4CCCCC4)cc32)CC1,2.0
606,NC(=O)[C@H]1CC[C@@H](n2/c(=N/C(=O)c3ccccc3)[nH]c3ccc(CN4CCCCC4)cc32)CC1,18.0
607,CCN(CC)C(=O)[C@H]1CC[C@@H](n2/c(=N/C(=O)c3ccccc3)[nH]c3ccc(CN4CCCCC4)cc32)CC1,24.0
608,CCNC(=O)[C@H]1CC[C@@H](n2/c(=N/C(=O)c3ccccc3)[nH]c3ccc(CN4CCCCC4)cc32)CC1,2.0
609,CCOC(=O)[C@H]1CC[C@@H](n2/c(=N/C(=O)c3ccccc3)[nH]c3ccc(CN4CCCCC4)cc32)CC1,1.0
610,COC(=O)[C@H]1CC[C@@H](n2/c(=N/C(=O)c3ccccc3)[nH]c3ccc(CN4CCCCC4)cc32)CC1,3.0
611,C=CCNS(=O)(=O)c1cccc(C(=O)/N=c2\[nH]c3cc(CN4CCCCC4)ccc3n2[C@H]2CC[C@@H](CO)CC2)c1,5.0
612,CN1CCN(c2ccc(Nc3ncc4nc(Nc5ccccc5)n(C5CCCC5)c4n3)cc2)CC1,2300.0
613,Cc1c(C(=O)N2CCOc3ccc(-c4ccc(N)nc4)cc3C2)ccc(S(C)(=O)=O)c1F,3500.0
614,Cc1cc(Nc2cc(Nc3ccccc3S(=O)(=O)C(C)C)c(Cl)cn2)c(OC(C)C)cc1C1CCN(C)CC1,4240.0
615,Cc1cc(Nc2ncc(Cl)c(Nc3ccccc3S(=O)(=O)C(C)C)n2)c(OC(C)C)cc1C1CCN(CC(F)F)CC1,305.7
616,Cc1cc(Nc2ncc(Cl)c(Nc3ccccc3S(=O)(=O)C(C)C)n2)c(OC(C)C)cc1C1CCN(C2CCN(C)CC2)CC1,258.4
617,C[C@@H](Oc1cc(-c2cnn(C3CCNCC3)c2)cnc1N)c1c(Cl)ccc(F)c1Cl,150.8
618,Cc1cc(Nc2ncc(Cl)c(Nc3ccccc3S(=O)(=O)C(C)C)n2)c(OC(C)C)cc1C1CCN(CC(=O)O)CC1,88.9
619,Cc1cc(Nc2ncc(C)c(Nc3ccccc3S(=O)(=O)C(C)C)n2)c(OC(C)C)cc1C1CCN(CCO)CC1,63.6
620,Cc1cc(Nc2ncc(Cl)c(Nc3ccccc3S(=O)(=O)C(C)C)n2)c(OC(C)C)cc1C1CCNC(=O)C1,48.3
621,COCCN1CCC(c2cc(OC(C)C)c(Nc3ncc(C)c(Nc4ccccc4S(=O)(=O)C(C)C)n3)cc2C)CC1,44.0
622,COCCN1CCC(c2cc(OC(C)C)c(Nc3ncc(Cl)c(Nc4ccccc4S(=O)(=O)C(C)C)n3)cc2C)CC1,43.5
623,Cc1cc(Nc2ncc(Cl)c(Nc3ccccc3S(=O)(=O)C(C)C)n2)c(OC(C)C)cc1C1CCNCC1,40.7
624,Cc1cc(Nc2ncc(C)c(Nc3ccccc3S(=O)(=O)C(C)C)n2)c(OC(C)C)cc1C1CCNCC1,40.6
625,Cc1cc(Nc2ncc(Cl)c(Nc3ccccc3S(=O)(=O)C3CCC3)n2)c(OC(C)C)cc1C1CCNCC1,38.1
626,CC(C)Oc1nc(C2CCNCC2)ncc1Nc1ncc(Cl)c(Nc2ccccc2S(=O)(=O)C(C)C)n1,36.4
627,CCN1CCC(c2cc(OC(C)C)c(Nc3ncc(Cl)c(Nc4ccccc4S(=O)(=O)C(C)C)n3)cc2C)CC1,32.1
628,Cc1cc(Nc2ncc(Cl)c(Nc3ccccc3S(=O)(=O)C(C)C)n2)c(OC(C)C)cc1C1CCN(C(C)C)CC1,29.9
629,CCN1CCC(c2cc(OC(C)C)c(Nc3ncc(C)c(Nc4ccccc4S(=O)(=O)C(C)C)n3)cc2C)CC1,29.4
630,Cc1cc(Nc2ncc(Cl)c(Nc3ccccc3S(=O)(=O)C(C)C)n2)c(OC(C)C)cc1C1CCNCC1,26.0
631,Cc1cc(Nc2ncc(Cl)c(Nc3ccccc3S(=O)(=O)C(C)C)n2)c(OC(C)C)cc1C1CCN(C(=O)CN(C)C)CC1,25.8
632,Cc1cc(Nc2ncc(Cl)c(Nc3ccccc3S(=O)(=O)N(C)C)n2)c(OC(C)C)cc1C1CCN(C)CC1,25.0
633,CC(C)Oc1cc(N2CCC(N3CCN(C)CC3)CC2)ccc1Nc1ncc(Cl)c(Nc2ccccc2S(=O)(=O)C(C)C)n1,24.8
634,Cc1cc(Nc2ncc(Cl)c(Nc3ccccc3S(=O)(=O)C(C)C)n2)c(OC2CCC2)cc1C1CCNCC1,17.3
635,Cc1cc(Nc2ncc(Cl)c(Nc3ccccc3S(=O)(=O)C(C)C)n2)c(OC(C)C)cc1C1CCN(CC(N)=O)CC1,16.5
636,Cc1cc(Nc2ncc(C)c(Nc3ccccc3S(=O)(=O)C(C)C)n2)c(OC(C)C)cc1C1CCN(C)CC1,14.6
637,Cc1cc(Nc2ncc(Cl)c(Nc3ccccc3S(=O)(=O)C(C)C)n2)c(OC(C)C)cc1C1CCN(C)CC1,11.5
638,CC(C)Oc1cc(C2CCNCC2)ccc1Nc1ncc(Cl)c(Nc2ccccc2S(=O)(=O)C(C)C)n1,10.6
639,Cc1cc(Nc2ncc(Cl)c(Nc3ccccc3S(=O)(=O)C(C)C)n2)c(OC(C)C)cc1C1CCN(CCO)CC1,8.1
640,COc1cc(N2CCC(N3CCN(C)CC3)CC2)ccc1Nc1ncc(Cl)c(Nc2ccccc2S(=O)(=O)C(C)C)n1,3.7
641,Cc1cc(Nc2ncc(Cl)c(Nc3ccccc3S(=O)(=O)C(C)C)n2)c(OC(C)C)cc1C1CCNCC1,2.2
642,Cc1cc(Nc2ncc(Cl)c(Nc3ccccc3S(=O)(=O)C(C)C)n2)c(OC(C)C)cc1C1CCNCC1,0.2
643,C[C@@H](Oc1c(N)ncc2c(C3=CCN(C(N)=O)CC3)coc12)c1c(Cl)ccc(F)c1Cl,500.0
644,C[C@@H](Oc1c(N)ncc2c(C3=CCN(C(N)=O)CC3)coc12)c1c(Cl)ccc(F)c1Cl,40.0
645,Cc1cc(Nc2ncc(Cl)c(Nc3ccccc3S(=O)(=O)C(C)C)n2)c(OC(C)C)cc1C1CCNCC1,40.7
646,Cc1cc(Nc2ncc(Cl)c(Nc3ccccc3S(=O)(=O)C(C)C)n2)c(OC(C)C)cc1C1CCNCC1,0.2
647,CC(=O)N1CCc2[nH]c(/C=C3\C(=O)Nc4ccc([N+](=O)[O-])cc43)cc2C1,10000.0
648,CC(=O)N1CCc2[nH]c(/C=C3\C(=O)Nc4ccc(C#N)cc43)cc2C1,1600.0
649,CC(=O)N1CCc2[nH]c(/C=C3\C(=O)Nc4ccc(C(F)(F)F)cc43)cc2C1,9500.0
650,CC(=O)N1CCc2[nH]c(/C=C3\C(=O)Nc4ccc(OC(C)C)cc43)cc2C1,3300.0
651,CC(=O)Nc1ccc2c(c1)/C(=C/c1cc3c([nH]1)CCN(C(=O)N1CCOCC1)C3)C(=O)N2,210.0
652,CN1CCC(Nc2ccc3c(c2)/C(=C/c2cc4c([nH]2)CCN(C(=O)N2CCOCC2)C4)C(=O)N3)CC1,76.0
653,O=C1Nc2ccc(C(F)(F)F)cc2/C1=C/c1cc2c([nH]1)CCN(C(=O)N1CCOCC1)C2,10000.0
654,COc1ccc2c(c1)/C(=C/c1[nH]c3c(c1Cl)CN(C(C)=O)CC3)C(=O)N2,10000.0
655,COc1ccc2c(c1)/C(=C/c1cc3c([nH]1)CCN(C(=O)N1CCOCC1)C3)C(=O)N2,660.0
656,COc1ccc2c(c1)/C(=C/c1cc3c([nH]1)CCN(C(=O)N1CCN(C)CC1)C3)C(=O)N2,550.0
657,COc1ccc2c(c1)/C(=C/c1cc3c([nH]1)CCN(C(=O)c1cnoc1C)C3)C(=O)N2,1400.0
658,COc1ccc2c(c1)/C(=C/c1cc3c([nH]1)CCN(C(C)=O)C3)C(=O)N2,1500.0
659,COc1ccc2c(c1)/C(=C/c1cc3c([nH]1)CCN(C(=O)CCN)C3)C(=O)N2,370.0
660,COc1ccc2c(c1)/C(=C/c1[nH]c(C)c(C(=O)NCCCN)c1C)C(=O)N2,1000.0
661,Cn1cc(-c2cnc3[nH]cc(-c4cnn(Cc5ccc(F)c(F)c5)c4)c3c2)cn1,985.6
662,Cn1cc(-c2cnc3[nH]cc(-c4cnn(Cc5cc(F)ccc5F)c4)c3c2)cn1,1592.0
663,Cn1cc(-c2cnc3[nH]cc(-c4cnn(Cc5cccc(Cl)c5)c4)c3c2)cn1,985.6
664,Cn1cc(-c2cnc3[nH]cc(-c4cnn(Cc5ccc(F)cc5)c4)c3c2)cn1,3011.0
665,Cn1cc(-c2cnc3[nH]cc(-c4cnn(Cc5cccc(F)c5)c4)c3c2)cn1,138.5
666,Cn1cc(-c2cnc3[nH]cc(-c4cnn(Cc5ccc(F)c(F)c5)c4)c3c2)cn1,3300.0
667,Cn1cc(-c2cnc3[nH]cc(-c4cnn(Cc5cc(F)ccc5F)c4)c3c2)cn1,900.0
668,Cn1cc(-c2cnc3[nH]cc(-c4cnn(Cc5cccc(Cl)c5)c4)c3c2)cn1,3121.0
669,Cn1cc(-c2cnc3[nH]cc(-c4cnn(Cc5ccc(F)cc5)c4)c3c2)cn1,3914.0
670,Cn1cc(-c2cnc3[nH]cc(-c4cnn(Cc5cccc(F)c5)c4)c3c2)cn1,219.5
671,Cc1nn(Cc2cc(F)cc(F)c2)c(C)c1-c1c[nH]c2ncc(-c3cnn(C)c3)cc12,310.2
672,Cc1nn(Cc2cc(F)ccc2F)c(C)c1-c1c[nH]c2ncc(-c3cnn(C)c3)cc12,428.0
673,Cc1nn(Cc2cccc(F)c2)c(C)c1-c1c[nH]c2ncc(-c3cnn(C)c3)cc12,274.9
674,Cc1nn(Cc2cccc(F)c2)cc1-c1c[nH]c2ncc(-c3cnn(C)c3)cc12,56.0
675,Cn1cc(-c2cnc3[nH]cc(-c4cnn(Cc5cc(F)cc(F)c5)c4)c3c2)cn1,47.0
676,Cn1cc(-c2cnc3[nH]cc(-c4cnn(Cc5ccc(F)c(F)c5)c4)c3c2)cn1,379.0
677,Cn1cc(-c2cnc3[nH]cc(-c4cnn(Cc5cc(F)ccc5F)c4)c3c2)cn1,124.0
678,Cn1cc(-c2cnc3[nH]cc(-c4cnn(Cc5cccc(O)c5)c4)c3c2)cn1,200.5
679,Cn1cc(-c2cnc3[nH]cc(-c4cnn(Cc5cccc(N)c5)c4)c3c2)cn1,
680,Cn1cc(-c2cnc3[nH]cc(-c4cnn(Cc5cccc([N+](=O)[O-])c5)c4)c3c2)cn1,
681,Cn1cc(-c2cnc3[nH]cc(-c4cnn(Cc5cccc(C(=O)O)c5)c4)c3c2)cn1,811.0
682,Cn1cc(-c2cnc3[nH]cc(-c4cnn(Cc5cccc(C(F)(F)F)c5)c4)c3c2)cn1,465.4
683,Cn1cc(-c2cnc3[nH]cc(-c4cnn(Cc5cccc(C#N)c5)c4)c3c2)cn1,150.0
684,Cn1cc(-c2cnc3[nH]cc(-c4cnn(Cc5cccc(Cl)c5)c4)c3c2)cn1,143.0
685,Cn1cc(-c2cnc3[nH]cc(-c4cnn(Cc5ccc(F)cc5)c4)c3c2)cn1,256.4
686,Cn1cc(-c2cnc3[nH]cc(-c4cnn(Cc5cccc(F)c5)c4)c3c2)cn1,35.0
687,Cn1cc(-c2cnc3[nH]cc(-c4cnn(Cc5ccccc5F)c4)c3c2)cn1,223.0
688,Cn1cc(-c2cnc3[nH]cc(-c4cnn(Cc5ccccc5)c4)c3c2)cn1,141.0
689,Cc1nn(Cc2cc(F)cc(F)c2)c(C)c1-c1c[nH]c2ncc(-c3cnn(C)c3)cc12,26.0
690,Cc1nn(Cc2cc(F)ccc2F)c(C)c1-c1c[nH]c2ncc(-c3cnn(C)c3)cc12,63.0
691,Cc1nn(Cc2cccc(F)c2)c(C)c1-c1c[nH]c2ncc(-c3cnn(C)c3)cc12,31.0
692,Cc1nn(Cc2cccc(F)c2)cc1-c1c[nH]c2ncc(-c3cnn(C)c3)cc12,6.0
693,Cn1cc(-c2cnc3[nH]cc(-c4cnn(Cc5cc(F)cc(F)c5)c4)c3c2)cn1,6.0
694,Cn1cc(-c2cnc3[nH]cc(-c4cnn(Cc5ccc(F)c(F)c5)c4)c3c2)cn1,84.0
695,Cn1cc(-c2cnc3[nH]cc(-c4cnn(Cc5cc(F)ccc5F)c4)c3c2)cn1,29.0
696,Cn1cc(-c2cnc3[nH]cc(-c4cnn(Cc5cccc(O)c5)c4)c3c2)cn1,41.0
697,Cn1cc(-c2cnc3[nH]cc(-c4cnn(Cc5cccc(N)c5)c4)c3c2)cn1,28.0
698,Cn1cc(-c2cnc3[nH]cc(-c4cnn(Cc5cccc([N+](=O)[O-])c5)c4)c3c2)cn1,70.0
699,Cn1cc(-c2cnc3[nH]cc(-c4cnn(Cc5cccc(C(=O)O)c5)c4)c3c2)cn1,98.0
700,Cn1cc(-c2cnc3[nH]cc(-c4cnn(Cc5cccc(C(F)(F)F)c5)c4)c3c2)cn1,247.0
701,Cn1cc(-c2cnc3[nH]cc(-c4cnn(Cc5cccc(C#N)c5)c4)c3c2)cn1,32.0
702,Cn1cc(-c2cnc3[nH]cc(-c4cnn(Cc5cccc(Cl)c5)c4)c3c2)cn1,30.0
703,Cn1cc(-c2cnc3[nH]cc(-c4cnn(Cc5ccc(F)cc5)c4)c3c2)cn1,70.0
704,Cn1cc(-c2cnc3[nH]cc(-c4cnn(Cc5cccc(F)c5)c4)c3c2)cn1,5.6
705,Cn1cc(-c2cnc3[nH]cc(-c4cnn(Cc5ccccc5F)c4)c3c2)cn1,85.0
706,Cn1cc(-c2cnc3[nH]cc(-c4cnn(Cc5ccccc5)c4)c3c2)cn1,90.0
707,C[C@@H](Sc1cc(-c2cnn(C3CCNCC3)c2)cnc1N)c1c(Cl)ccc(F)c1Cl,348.9
708,CN(C)c1ccc(Oc2cc(O)cc(O)c2-c2cc(C(=O)NC3CCN(C4CCC5(CC4)OCCO5)CC3)no2)cc1,10.0
709,CC(C)Nc1ccc(Oc2cc(O)cc(O)c2-c2cc(C(=O)NC3CCN(C)CC3)no2)cc1,10.0
710,CN1CCC(NC(=O)c2cc(-c3c(O)cc(O)cc3Oc3ccc(N(C)C)cc3)on2)CC1,10.0
711,CN1CCC(NC(=O)c2cc(-c3c(O)cc(O)cc3Oc3ccc([N+](=O)[O-])cc3)on2)CC1,10.0
712,CNS(=O)(=O)Nc1cccc(Cc2c(C)c3cc(Cl)c(OC(=O)N(C)C)cc3oc2=O)c1,5000.0
713,Nc1ncc(-c2cnn(C3CCNCC3)c2)cc1-c1nc2ccc(N3CCCC3)cc2o1,340.0
714,C[C@@H](Oc1cc(-c2ccc3c(c2)NC(=O)C32CCN(C)CC2)cnc1N)c1c(Cl)ccc(F)c1Cl,39.0
715,C[C@@H](Oc1cc(-c2ccc3c(c2)NC(=O)C32CCN(C)CC2)cnc1N)c1c(Cl)ccc(F)c1Cl,0.5
716,C[C@@H](Oc1cc(-c2cnn(C3CCNCC3)c2)cnc1N)c1c(Cl)ccc(F)c1Cl,110.0
717,O=c1c(O)c(-c2ccc(O)c(O)c2)oc2cc(O)cc(O)c12,3320.0
718,CN[C@@H]1C[C@H]2O[C@@](C)([C@@H]1OC)n1c3ccccc3c3c4c(c5c6ccccc6n2c5c31)C(=O)NC4,30.0
719,Cc1c(O)c(O)c(O)c(C=O)c1-c1cc2c(C=O)c(C)c(O)c(O)c2o1,250.0
720,Cc1c(O)c(O)c(O)c2c1COC2=O,5020.0
721,COCc1c(C)c(O)c(O)c(O)c1C=O,9330.0
722,COC1OC(=O)c2c(O)c(O)c(O)c(C)c21,9760.0
723,Cc1c(O)c(O)c2c(c1C=O)[C@@H]1O[C@H](O2)c2c(C)c(O)c(O)c(O)c2C1=O,180.0
724,COC(=O)c1cc(O)c(O)c(C[C@]2(C)[C@@H](C)CC[C@@]3(C)C(C)=CCC[C@@H]23)c1,2190.0
725,COc1cc2nc(C)oc2c(C[C@]2(C)[C@@H](C)CC[C@@]3(C)C(C)=CCC[C@@H]23)c1O,3380.0
726,CC1=CCC[C@H]2[C@](C)(CC3=C(O)C(=O)C=C(NCCC(C)C)C3=O)[C@@H](C)CC[C@@]12C,970.0
727,COc1cc(N2CCC(N3CCN(C)CC3)CC2)ccc1Nc1ncc(Cl)c(Nc2ccccc2S(=O)(=O)C(C)C)n1,56.0
728,Brc1ccc2nc3cc(Nc4ccccc4)ncn3c2c1,
729,COc1ccc(-c2cncc3nc4ccc(-c5ccc(N6CCN(C)CC6)cc5)cc4n23)cc1,
730,COc1ccc(-c2cncc3nc4ccc(-c5ccc(NC(C)=O)cc5)cc4n23)cc1,
731,Clc1cncc2nc3ccc(Br)cc3n12,
732,Clc1cncc2nc3ccccc3n12,
733,COc1ccc(-c2cc3nc4ccc(Br)cc4n3cn2)cc1,
734,Clc1cc2nc3ccc(Br)cc3n2cn1,
735,COc1cccc(Nc2cc3nc4ccccc4n3cn2)c1,
736,Clc1cc2nc3ccccc3n2cn1,
737,Clc1cncc2nc3ccc(Br)cc3n12,50000.0
738,Clc1cc2nc3ccc(Br)cc3n2cn1,50000.0
739,CN1CCN(c2ccc(-c3ccc4nc5cncc(-c6ccc(N7CCN(C)CC7)cc6)n5c4c3)cc2)CC1,100000.0
740,Clc1cncc2nc3ccccc3n12,100000.0
741,Clc1cc2nc3ccccc3n2cn1,100000.0
742,Brc1ccc2nc3cc(Nc4ccccc4)ncn3c2c1,69000.0
743,c1ccc(Nc2cc3nc4ccccc4n3cn2)cc1,52000.0
744,COc1cccc(Nc2cc3nc4ccccc4n3cn2)c1,51000.0
745,Brc1ccc2nc3cc(Nc4ccccc4)ncn3c2c1,49000.0
746,CN1CCN(c2ccc(-c3ccc4nc5cncc(-c6ccc(N7CCN(C)CC7)cc6)n5c4c3)cc2)CC1,29000.0
747,COc1ccc(-c2cncc3nc4ccc(-c5ccc(NC(C)=O)cc5)cc4n23)cc1,18000.0
748,O=[N+]([O-])c1cccc(Nc2cc3nc4ccccc4n3cn2)c1,14000.0
749,COc1ccc(-c2cncc3nc4ccc(-c5ccc(N6CCN(C)CC6)cc5)cc4n23)cc1,14000.0
750,c1ccc(Nc2cc3nc4ccccc4n3cn2)cc1,10000.0
751,C[C@@H](Oc1cc(-c2cnn(C3CCNCC3)c2)cnc1N)c1c(Cl)ccc(F)c1Cl,10000.0
752,COc1ccc(-c2cc3nc4ccc(Br)cc4n3cn2)cc1,10000.0
753,O=[N+]([O-])c1cccc(Nc2cc3nc4ccccc4n3cn2)c1,10000.0
754,COc1ccc(-c2cc3nc4ccc(Br)cc4n3cn2)cc1,9000.0
755,COc1ccc(-c2cncc3nc4ccc(/C=C/c5ccccc5)cc4n23)cc1,4500.0
756,COc1ccc(-c2cncc3nc4ccc(/C=C/c5ccccc5)cc4n23)cc1,3500.0
757,Clc1cncc2nc3ccc(Br)cc3n12,2200.0
758,C[C@@H](Oc1cc(-c2cnn(C3CCNCC3)c2)cnc1N)c1c(Cl)ccc(F)c1Cl,1600.0
759,COc1ccc(-c2ccc3nc4cncc(/C=C/c5ccccc5)n4c3c2)cc1,1500.0
760,COc1ccc(-c2ccc3nc4cncc(/C=C/c5ccccc5)n4c3c2)cc1,780.0
761,COc1ccc(-c2ccc3nc4cncc(/C=C/c5ccccc5)n4c3c2)cc1,650.0
762,C[C@@H](Oc1cc(-c2cnn(C3CCNCC3)c2)cnc1N)c1c(Cl)ccc(F)c1Cl,260.0
763,CN1CCN(c2ccc(-c3ccc4nc5cncc(-c6ccc(N7CCN(C)CC7)cc6)n5c4c3)cc2)CC1,200.0
764,C[C@H](Nc1nc(Nc2cn(C)cn2)c2cc[nH]c2n1)c1ncc(F)cn1,50.0
765,Cc1nc([C@](C)(O)CO)sc1-c1cnc(N)c(O[C@H](C)c2cc(F)ccc2-n2nccn2)c1,21.0
766,Cc1nc([C@](C)(O)CO)sc1-c1cnc(N)c(O[C@H](C)c2cc(F)ccc2-n2nccn2)c1,3.5
767,C[C@@H](Oc1cc(-c2cnn(C3CCNCC3)c2)cnc1N)c1c(Cl)ccc(F)c1Cl,1026.0
768,Cc1nc([C@](C)(O)CO)sc1-c1cnc(N)c(O[C@H](C)c2cc(F)ccc2-n2nccn2)c1,0.2
769,C[C@@H](Oc1cc(-c2cnn(C3CCNCC3)c2)cnc1N)c1c(Cl)ccc(F)c1Cl,165.0
770,Cc1nc([C@](C)(O)CO)sc1-c1cnc(N)c(O[C@H](C)c2cc(F)ccc2-n2nccn2)c1,0.6
771,C[C@@H](Oc1cc(-c2cnn(C3CCNCC3)c2)cnc1N)c1c(Cl)ccc(F)c1Cl,478.0
772,Cc1nc([C@](C)(O)CO)sc1-c1cnc(N)c(O[C@H](C)c2cc(F)ccc2-n2nccn2)c1,4.5
773,C[C@@H](Oc1cc(-c2cnn(C3CCNCC3)c2)cnc1N)c1c(Cl)ccc(F)c1Cl,626.0
774,Cc1nc([C@](C)(O)CO)sc1-c1cnc(N)c(O[C@H](C)c2cc(F)ccc2-n2nccn2)c1,9.0
775,C[C@@H](Oc1cc(-c2cnn(C3CCNCC3)c2)cnc1N)c1c(Cl)ccc(F)c1Cl,605.0
776,Cc1nc([C@](C)(O)CO)sc1-c1cnc(N)c(O[C@H](C)c2cc(F)ccc2-n2nccn2)c1,6.6
777,Cc1nc([C@@](C)(O)CO)sc1-c1cnc(N)c(O[C@H](C)c2cc(F)ccc2-n2nccn2)c1,55.0
778,Cc1nc(C2(O)CCS(=O)(=O)C2)sc1-c1cnc(N)c(O[C@H](C)c2cc(F)ccc2-n2nccn2)c1,19.0
779,Cc1nc(C2(O)CCOC2)sc1-c1cnc(N)c(O[C@H](C)c2cc(F)ccc2-n2nccn2)c1,58.0
780,Cc1nc(C2(O)CN(C)C2)sc1-c1cnc(N)c(O[C@H](C)c2cc(F)ccc2-n2nccn2)c1,52.0
781,Cc1nc(C(C)(C)O)sc1-c1cnc(N)c(O[C@H](C)c2cc(F)ccc2-n2nccn2)c1,27.0
782,Cc1nc(C(C)(C)O)ccc1-c1cnc(N)c(O[C@H](C)c2cc(F)ccc2-n2nccn2)c1,325.0
783,COc1ncncc1-c1cnc(N)c(O[C@H](C)c2cc(F)ccc2-n2nccn2)c1,772.0
784,COc1ncccc1-c1cnc(N)c(O[C@H](C)c2cc(F)ccc2-n2nccn2)c1,256.0
785,C[C@@H](Oc1cc(-c2cnnn2C)cnc1N)c1cc(F)ccc1-n1nccn1,2650.0
786,C[C@@H](Oc1cc(-c2ccnn2C)cnc1N)c1cc(F)ccc1-n1nccn1,677.0
787,C[C@@H](Oc1cc(-c2cn(C)nc2C#N)cnc1N)c1cc(F)ccc1-n1nccn1,105.0
788,Cc1nn(C)cc1-c1cnc(N)c(O[C@H](C)c2cc(F)ccc2-n2nccn2)c1,176.0
789,Cc1n[nH]cc1-c1cnc(N)c(O[C@H](C)c2cc(F)ccc2-n2nccn2)c1,60.0
790,COc1ccc(F)cc1[C@@H](C)Oc1cc(-c2c[nH]nc2C)cnc1N,69.0
791,Cc1n[nH]cc1-c1cnc(N)c(O[C@@H](C)c2cc(F)ccc2C#N)c1,805.0
792,Cc1n[nH]cc1-c1cnc(N)c(O[C@H](C)c2cc(F)ccc2F)c1,1254.0
793,C[C@@H](Oc1cc(-c2cnn(C3CCNCC3)c2)cnc1N)c1cc(F)ccc1Cl,387.0
794,C[C@@H](Oc1cc(-c2cnn(C3CCNCC3)c2)cnc1N)c1c(Cl)ccc(F)c1Cl,843.0
795,Cc1nc([C@](C)(O)CO)sc1-c1cnc(N)c(O[C@H](C)c2cc(F)ccc2-n2nccn2)c1,24.0
796,C[C@@H](Oc1cc(-c2cnn(C3CCNCC3)c2)cnc1N)c1c(Cl)ccc(F)c1Cl,623.0
797,C[C@@H](Oc1cc(-c2cnn(C3CCNCC3)c2)cnc1N)c1c(Cl)ccc(F)c1Cl,838.0
798,Cc1nc([C@](C)(O)CO)sc1-c1cnc(N)c(O[C@H](C)c2cc(F)ccc2-n2nccn2)c1,1.7
799,C[C@@H](Oc1cc(-c2cnn(C3CCNCC3)c2)cnc1N)c1c(Cl)ccc(F)c1Cl,62.0
800,Cc1nc([C@](C)(O)CO)sc1-c1cnc(N)c(O[C@H](C)c2cc(F)ccc2-n2nccn2)c1,1.3
801,C[C@@H](Oc1cc(-c2cnn(C3CCNCC3)c2)cnc1N)c1c(Cl)ccc(F)c1Cl,108.0
802,Cc1nc([C@](C)(O)CO)sc1-c1cnc(N)c(O[C@H](C)c2cc(F)ccc2-n2nccn2)c1,0.8
803,C[C@@H](Oc1cc(-c2cnn(C3CCNCC3)c2)cnc1N)c1c(Cl)ccc(F)c1Cl,80.0
804,Oc1cccc(Nc2ccnc3[nH]c4ccccc4c23)c1,220.0
805,COc1ccc(-c2nc3c(N[C@H]4[C@@H](C(N)=O)[C@@H]5C=C[C@H]4C5)c(Cl)cnc3[nH]2)cc1,199.0
806,COc1cccc(-c2nc3c(N[C@H]4[C@@H](C(N)=O)[C@@H]5C=C[C@H]4C5)c(Cl)cnc3[nH]2)c1,212.0
807,COc1ccccc1-c1nc2c(N[C@H]3[C@@H](C(N)=O)[C@@H]4C=C[C@H]3C4)c(Cl)cnc2[nH]1,16.0
808,NC(=O)[C@@H]1[C@H](Nc2c(Cl)cnc3[nH]c(-c4cccc(N5CCOCC5)c4)nc23)[C@H]2C=C[C@@H]1C2,85.0
809,NC(=O)[C@@H]1[C@H](Nc2c(Cl)cnc3[nH]c(-c4ccc(N5CCOCC5)cc4)nc23)[C@H]2C=C[C@@H]1C2,121.0
810,CN1CCN(c2ccc(-c3nc4c(N[C@H]5[C@@H](C(N)=O)[C@@H]6C=C[C@H]5C6)c(Cl)cnc4[nH]3)cc2)CC1,4.0
811,Cn1cc(-c2nc3c(N[C@H]4[C@@H](C(N)=O)[C@@H]5C=C[C@H]4C5)c(Cl)cnc3[nH]2)cn1,270.0
812,NC(=O)[C@@H]1[C@H](Nc2c(Cl)cnc3[nH]c(-c4cnn(C5CCNCC5)c4)nc23)[C@H]2C=C[C@@H]1C2,42.0
813,COc1cc(N2CCOCC2)ccc1-c1nc2c(N[C@H]3[C@@H](C(N)=O)[C@@H]4C=C[C@H]3C4)c(Cl)cnc2[nH]1,7.0
814,COc1cc(N2CCN(C)CC2)ccc1-c1nc2c(N[C@H]3[C@@H](C(N)=O)[C@@H]4C=C[C@H]3C4)c(Cl)cnc2[nH]1,0.69
815,COc1cc(N2CCC(N3CCOCC3)CC2)ccc1-c1nc2c(N[C@H]3[C@@H](C(N)=O)[C@@H]4C=C[C@H]3C4)c(Cl)cnc2[nH]1,0.31
816,COc1cc(N2CCC(N3CCN(C)CC3)CC2)ccc1-c1nc2c(N[C@H]3[C@@H](C(N)=O)[C@@H]4C=C[C@H]3C4)c(Cl)cnc2[nH]1,0.76
817,COc1cc(CN2CCOCC2)ccc1-c1nc2c(N[C@H]3[C@@H](C(N)=O)[C@@H]4C=C[C@H]3C4)c(Cl)cnc2[nH]1,6.7
818,COc1cc(CN2CCN(C)CC2)ccc1-c1nc2c(N[C@H]3[C@@H](C(N)=O)[C@@H]4C=C[C@H]3C4)c(Cl)cnc2[nH]1,0.65
819,NC(=O)[C@@H]1[C@H](Nc2c(Br)cnc3[nH]c(-c4ccc(N5CCOCC5)cc4)nc23)[C@H]2C=C[C@@H]1C2,29.0
820,CN1CCN(c2ccc(-c3nc4c(N[C@H]5[C@@H](C(N)=O)[C@@H]6C=C[C@H]5C6)c(Br)cnc4[nH]3)cc2)CC1,2.7
821,NC(=O)[C@@H]1[C@H](Nc2ccnc3[nH]c(-c4ccc(N5CCOCC5)cc4)nc23)[C@H]2C=C[C@@H]1C2,10000.0
822,CN1CCN(c2ccc(-c3nc4c(N[C@H]5[C@@H](C(N)=O)[C@@H]6C=C[C@H]5C6)ccnc4[nH]3)cc2)CC1,3000.0
823,COc1ccc(-c2nc3c(N[C@H]4[C@@H](C(N)=O)[C@@H]5C=C[C@H]4C5)c(Cl)cnc3[nH]2)cc1,
824,COc1cccc(-c2nc3c(N[C@H]4[C@@H](C(N)=O)[C@@H]5C=C[C@H]4C5)c(Cl)cnc3[nH]2)c1,
825,COc1ccccc1-c1nc2c(N[C@H]3[C@@H](C(N)=O)[C@@H]4C=C[C@H]3C4)c(Cl)cnc2[nH]1,200.0
826,NC(=O)[C@@H]1[C@H](Nc2c(Cl)cnc3[nH]c(-c4cccc(N5CCOCC5)c4)nc23)[C@H]2C=C[C@@H]1C2,
827,NC(=O)[C@@H]1[C@H](Nc2c(Cl)cnc3[nH]c(-c4ccc(N5CCOCC5)cc4)nc23)[C@H]2C=C[C@@H]1C2,
828,CN1CCN(c2ccc(-c3nc4c(N[C@H]5[C@@H](C(N)=O)[C@@H]6C=C[C@H]5C6)c(Cl)cnc4[nH]3)cc2)CC1,30.0
829,Cn1cc(-c2nc3c(N[C@H]4[C@@H](C(N)=O)[C@@H]5C=C[C@H]4C5)c(Cl)cnc3[nH]2)cn1,
830,NC(=O)[C@@H]1[C@H](Nc2c(Cl)cnc3[nH]c(-c4cnn(C5CCNCC5)c4)nc23)[C@H]2C=C[C@@H]1C2,
831,COc1cc(N2CCOCC2)ccc1-c1nc2c(N[C@H]3[C@@H](C(N)=O)[C@@H]4C=C[C@H]3C4)c(Cl)cnc2[nH]1,40.0
832,COc1cc(N2CCN(C)CC2)ccc1-c1nc2c(N[C@H]3[C@@H](C(N)=O)[C@@H]4C=C[C@H]3C4)c(Cl)cnc2[nH]1,8.0
833,COc1cc(N2CCC(N3CCOCC3)CC2)ccc1-c1nc2c(N[C@H]3[C@@H](C(N)=O)[C@@H]4C=C[C@H]3C4)c(Cl)cnc2[nH]1,4.0
834,COc1cc(N2CCC(N3CCN(C)CC3)CC2)ccc1-c1nc2c(N[C@H]3[C@@H](C(N)=O)[C@@H]4C=C[C@H]3C4)c(Cl)cnc2[nH]1,10.0
835,COc1cc(CN2CCOCC2)ccc1-c1nc2c(N[C@H]3[C@@H](C(N)=O)[C@@H]4C=C[C@H]3C4)c(Cl)cnc2[nH]1,60.0
836,COc1cc(CN2CCN(C)CC2)ccc1-c1nc2c(N[C@H]3[C@@H](C(N)=O)[C@@H]4C=C[C@H]3C4)c(Cl)cnc2[nH]1,8.0
837,NC(=O)[C@@H]1[C@H](Nc2c(Br)cnc3[nH]c(-c4ccc(N5CCOCC5)cc4)nc23)[C@H]2C=C[C@@H]1C2,
838,CN1CCN(c2ccc(-c3nc4c(N[C@H]5[C@@H](C(N)=O)[C@@H]6C=C[C@H]5C6)c(Br)cnc4[nH]3)cc2)CC1,40.0
839,NC(=O)[C@@H]1[C@H](Nc2ccnc3[nH]c(-c4ccc(N5CCOCC5)cc4)nc23)[C@H]2C=C[C@@H]1C2,
840,CN1CCN(c2ccc(-c3nc4c(N[C@H]5[C@@H](C(N)=O)[C@@H]6C=C[C@H]5C6)ccnc4[nH]3)cc2)CC1,
841,Oc1cccc(Nc2ccnc3[nH]c4ccccc4c23)c1,2200.0
842,N[C@H]1CCCC[C@H]1Nc1cc2nc[nH]c(=O)c2c(Nc2cccc3cc[nH]c23)n1,70.0
843,C[C@@H](Oc1cc(-c2cnn(C3CCNCC3)c2)cnc1N)c1c(Cl)ccc(F)c1Cl,28.0
844,COc1cc(N2CCC(N3CCN(C)CC3)CC2)ccc1Nc1ncc(Cl)c(Nc2ccccc2S(=O)(=O)C(C)C)n1,1.6
845,CNC(=O)c1ccccc1Nc1nc(Nc2ccc3c(c2)C(c2ccccc2)CN(C)CC3)ncc1Cl,14.0
846,CNC(=O)c1ccccc1Nc1nc(Nc2ccc3c(c2)C(C)CN(C)CC3)ncc1Cl,9.0
847,CCCCC1CN(C)CCc2ccc(Nc3ncc(Cl)c(Nc4ccccc4C(=O)NC)n3)cc21,7.7
848,C=C1CNCCc2ccc(Nc3ncc(Cl)c(Nc4ccccc4C(=O)NC)n3)cc21,19.0
849,C=C1CN(C)CCc2ccc(Nc3ncc(Cl)c(Nc4ccccc4C(=O)NC)n3)cc21,60.0
850,C/C=C1\CN(C)CCc2ccc(Nc3ncc(Cl)c(Nc4ccccc4C(=O)NC)n3)cc21,17.0
851,C/C=C1/CN(C)CCc2ccc(Nc3ncc(Cl)c(Nc4ccccc4C(=O)NC)n3)cc21,13.0
852,CNC(=O)c1ccccc1Nc1nc(Nc2cc3c(cc2OC)CCN(C)CCCCC3)ncc1Cl,17.0
853,CNC(=O)c1ccccc1Nc1nc(Nc2cc3c(cc2OC)CCN(C)CCCC3)ncc1Cl,36.0
854,CNC(=O)c1ccccc1Nc1nc(Nc2ccc3c(c2)C(C)CNCC3)ncc1Cl,7.9
855,CNC(=O)c1ccccc1Nc1nc(Nc2ccc3c(c2)C(C)CN(CC(=O)N(C)C)CC3)ncc1Cl,38.0
856,CCC(=O)N1CCc2ccc(Nc3ncc(Cl)c(Nc4ccccc4C(=O)NC)n3)cc2C(C)C1,50.0
857,CNC(=O)c1ccccc1Nc1nc(Nc2ccc3c(c2)C(C)CN(C(C)=O)CC3)ncc1Cl,53.0
858,CNC(=O)c1ccccc1Nc1nc(Nc2ccc3c(c2)C(C)CN(C)CC3)nc(F)c1Cl,1000.0
859,CNC(=O)c1ccccc1Nc1nc(Nc2ccc3c(c2)C(C)CN(C)CC3)nc(NC)c1Cl,1000.0
860,CNC(=O)c1ccccc1Nc1nc(Nc2ccc3c(c2)C(C)CN(C)CC3)nc(N2CCOCC2)c1Cl,1000.0
861,CNC(=O)c1ccccc1Nc1nc(Nc2ccc3c(c2)C(C)CN(C)CC3)nc2sccc12,1000.0
862,CNC(=O)c1ccccc1Nc1nc(Nc2ccc3c(c2)C(C)CN(C)CC3)nc2cccnc12,1000.0
863,CNC(=O)c1ccccc1Nc1nc(Nc2ccc3c(c2)C(C)CN(C)CC3)nc2ccccc12,1000.0
864,CC1CN(C)CCc2ccc(Nc3ncc(Cl)c(Nc4ccccc4C(=O)N4CCOCC4)n3)cc21,1000.0
865,CC1CN(C)CCc2ccc(Nc3ncc(Cl)c(Nc4ccccc4S(=O)(=O)C(C)C)n3)cc21,3.5
866,CC1CN(C)CCc2ccc(Nc3ncc(Cl)c(Nc4ccccc4S(=O)(=O)C4CC4)n3)cc21,7.1
867,CNS(=O)(=O)c1ccccc1Nc1nc(Nc2ccc3c(c2)C(C)CN(C)CC3)ncc1Cl,1.3
868,CC1CN(C)CCc2ccc(Nc3ncc(Cl)c(N[C@H]4[C@@H](C(N)=O)[C@@H]5C=C[C@H]4C5)n3)cc21,49.0
869,CNC(=O)c1ccccc1Nc1nc(Nc2ccc3c(c2)C(c2ccccc2)CN(C)CC3)ncc1Cl,39.0
870,CNC(=O)c1ccccc1Nc1nc(Nc2ccc3c(c2)C(c2ccccc2)CN(C)CC3)ncc1Cl,14.0
871,CNC(=O)c1ccccc1Nc1nc(Nc2ccc3c(c2)C(C)CN(C)CC3)ncc1Cl,24.0
872,CNC(=O)c1ccccc1Nc1nc(Nc2ccc3c(c2)C(C)CN(C)CC3)ncc1Cl,15.0
873,C[C@@H](Oc1cc(-c2cnn(C3CCNCC3)c2)cnc1N)c1c(Cl)ccc(F)c1Cl,80.0
874,Cc1nc([C@](C)(O)CO)sc1-c1cnc(N)c(O[C@H](C)c2cc(F)ccc2-n2nccn2)c1,0.76
875,COc1ccc(F)cc1[C@@H](C)Oc1cc(-c2cnnn2C)cnc1N,95.0
876,C[C@@H](Oc1cc(-c2cnnn2C)cnc1N)c1cc(F)ccc1-n1nccn1,249.0
877,Cc1nn(C)cc1-c1cnc(N)c(O[C@H](C)c2cc(F)ccc2-n2nccn2)c1,14.0
878,CNC(=O)c1ccc(F)cc1[C@@H](C)Oc1cc(-c2cn(C)nc2C)cnc1N,116.0
879,COc1ncccc1-c1cnc(N)c(O[C@H](C)c2cc(F)ccc2-n2nccn2)n1,9.7
880,CNC(=O)c1ccc(F)cc1[C@@H](C)Oc1nc(-c2cccnc2OC)cnc1N,16.0
881,C[C@@H](Oc1cc(-c2cccc(S(C)(=O)=O)c2)cnc1N)c1cc(F)ccc1-n1nccn1,4.6
882,N#Cc1[nH]nc2c1-c1cnc(N)c(c1)OCc1cc(F)ccc1OCC2,22.0
883,N#Cc1[nH]nc2c1-c1cnc(N)c(c1)OCc1cc(F)ccc1OCCC2,15.0
884,Cn1ncc2c1-c1cnc(N)c(c1)OCc1cc(F)ccc1OCCC2,86.0
885,Cn1ncc2c1-c1cnc(N)c(c1)OCc1cc(F)ccc1OCCCC2,524.0
886,C[C@H]1Oc2cc(cnc2N)-c2c(nn(C)c2C#N)CCOc2ccc(F)cc21,1.0
887,C[C@H]1Oc2cc(cnc2N)-c2c(nn(C)c2C#N)CCCOc2ccc(F)cc21,0.9
888,Cc1nn(C)c2c1-c1cnc(N)c(c1)O[C@H](C)c1cc(F)ccc1C(=O)N(C)C2,0.7
889,Cc1nn(C)c2c1-c1cnc(N)c(c1)OCc1cc(F)ccc1C(=O)N(C)C2,6.4
890,Cc1nn(C)c2c1-c1cnc(N)c(n1)O[C@H](C)c1cc(F)ccc1C(=O)N(C)C2,0.21
891,Cc1nn(C)c2c1-c1cnc(N)c(n1)O[C@@H](C)c1cc(F)ccc1C(=O)N(C)C2,156.0
892,COc1nn(C)c2c1-c1cnc(N)c(c1)O[C@H](C)c1cc(F)ccc1C(=O)N(C)C2,0.18
893,COc1nn(C)c2c1-c1cnc(N)c(n1)O[C@H](C)c1cc(F)ccc1C(=O)N(C)C2,0.11
894,C[C@H]1Oc2cc(cnc2N)-c2cc(S(C)(=O)=O)ccc2CN(C)C(=O)c2ccc(F)cc21,1.3
895,C[C@H]1Oc2nc(cnc2N)-c2cc(S(C)(=O)=O)ccc2CN(C)C(=O)c2ccc(F)cc21,0.34
896,C[C@@H](Oc1cc(-c2cnn(C3CCNCC3)c2)cnc1N)c1c(Cl)ccc(F)c1Cl,843.0
897,Cc1nc([C@](C)(O)CO)sc1-c1cnc(N)c(O[C@H](C)c2cc(F)ccc2-n2nccn2)c1,6.6
898,COc1ccc(F)cc1[C@@H](C)Oc1cc(-c2cnnn2C)cnc1N,3200.0
899,C[C@@H](Oc1cc(-c2cnnn2C)cnc1N)c1cc(F)ccc1-n1nccn1,2650.0
900,Cc1nn(C)cc1-c1cnc(N)c(O[C@H](C)c2cc(F)ccc2-n2nccn2)c1,176.0
901,CNC(=O)c1ccc(F)cc1[C@@H](C)Oc1cc(-c2cn(C)nc2C)cnc1N,1665.0
902,COc1ncccc1-c1cnc(N)c(O[C@H](C)c2cc(F)ccc2-n2nccn2)n1,53.0
903,CNC(=O)c1ccc(F)cc1[C@@H](C)Oc1nc(-c2cccnc2OC)cnc1N,312.0
904,C[C@@H](Oc1cc(-c2cccc(S(C)(=O)=O)c2)cnc1N)c1cc(F)ccc1-n1nccn1,54.0
905,N#Cc1[nH]nc2c1-c1cnc(N)c(c1)OCc1cc(F)ccc1OCC2,101.0
906,N#Cc1[nH]nc2c1-c1cnc(N)c(c1)OCc1cc(F)ccc1OCCC2,112.0
907,Cn1ncc2c1-c1cnc(N)c(c1)OCc1cc(F)ccc1OCCC2,654.0
908,Cn1ncc2c1-c1cnc(N)c(c1)OCc1cc(F)ccc1OCCCC2,3655.0
909,C[C@H]1Oc2cc(cnc2N)-c2c(nn(C)c2C#N)CCOc2ccc(F)cc21,20.0
910,C[C@H]1Oc2cc(cnc2N)-c2c(nn(C)c2C#N)CCCOc2ccc(F)cc21,21.0
911,Cc1nn(C)c2c1-c1cnc(N)c(c1)O[C@H](C)c1cc(F)ccc1C(=O)N(C)C2,14.0
912,Cc1nn(C)c2c1-c1cnc(N)c(c1)OCc1cc(F)ccc1C(=O)N(C)C2,97.0
913,Cc1nn(C)c2c1-c1cnc(N)c(n1)O[C@H](C)c1cc(F)ccc1C(=O)N(C)C2,1.4
914,Cc1nn(C)c2c1-c1cnc(N)c(n1)O[C@@H](C)c1cc(F)ccc1C(=O)N(C)C2,1230.0
915,COc1nn(C)c2c1-c1cnc(N)c(c1)O[C@H](C)c1cc(F)ccc1C(=O)N(C)C2,2.1
916,COc1nn(C)c2c1-c1cnc(N)c(n1)O[C@H](C)c1cc(F)ccc1C(=O)N(C)C2,0.75
917,C[C@H]1Oc2cc(cnc2N)-c2cc(S(C)(=O)=O)ccc2CN(C)C(=O)c2ccc(F)cc21,21.0
918,C[C@H]1Oc2nc(cnc2N)-c2cc(S(C)(=O)=O)ccc2CN(C)C(=O)c2ccc(F)cc21,1.9
919,C[C@H]1Oc2cc(cnc2N)-c2c(C3CC3)nn(C)c2CN(C)C(=O)c2ccc(F)cc21,5.8
920,C[C@H]1Oc2cc(cnc2N)-c2c(nn(C)c2C#N)CN(C)C(=O)c2ccc(F)cc21,21.0
921,Cc1cnc2nc3c(n2c1)-c1cnc(N)c(c1)O[C@H](C)c1cc(F)ccc1C(=O)N(C)C3,365.0
922,C[C@H]1Oc2nc(cnc2N)-c2c(nc3ccc(C#N)cn23)CN(C)C(=O)c2ccc(F)cc21,45.0
923,C[C@@H](Oc1cc(-c2cnn(C3CCNCC3)c2)cnc1N)c1c(Cl)ccc(F)c1Cl,165.0
924,C[C@H]1Oc2cc(cnc2N)-c2c(nn(C)c2C#N)CN(C)C(=O)c2ccc(F)cc21,0.2
925,C[C@@H](Oc1cc(-c2cnn(C3CCNCC3)c2)cnc1N)c1c(Cl)ccc(F)c1Cl,478.0
926,C[C@H]1Oc2cc(cnc2N)-c2c(nn(C)c2C#N)CN(C)C(=O)c2ccc(F)cc21,1.6
927,C[C@@H](Oc1cc(-c2cnn(C3CCNCC3)c2)cnc1N)c1c(Cl)ccc(F)c1Cl,605.0
928,C[C@H]1Oc2cc(cnc2N)-c2c(nn(C)c2C#N)CN(C)C(=O)c2ccc(F)cc21,15.0
929,C[C@@H](Oc1cc(-c2cnn(C3CCNCC3)c2)cnc1N)c1c(Cl)ccc(F)c1Cl,626.0
930,C[C@H]1Oc2cc(cnc2N)-c2c(nn(C)c2C#N)CN(C)C(=O)c2ccc(F)cc21,4.2
931,C[C@@H](Oc1cc(-c2cnn(C3CCNCC3)c2)cnc1N)c1c(Cl)ccc(F)c1Cl,1026.0
932,C[C@H]1Oc2cc(cnc2N)-c2c(nn(C)c2C#N)CN(C)C(=O)c2ccc(F)cc21,9.0
933,C[C@@H](Oc1cc(-c2cnn(C3CCNCC3)c2)cnc1N)c1c(Cl)ccc(F)c1Cl,1148.0
934,C[C@H]1Oc2cc(cnc2N)-c2c(nn(C)c2C#N)CN(C)C(=O)c2ccc(F)cc21,77.0
935,C[C@@H](Oc1cc(-c2cnn(C3CCNCC3)c2)cnc1N)c1c(Cl)ccc(F)c1Cl,3039.0
936,C[C@H]1Oc2cc(cnc2N)-c2c(nn(C)c2C#N)CN(C)C(=O)c2ccc(F)cc21,38.0
937,C[C@H]1Oc2cc(cnc2N)-c2c(nn(C)c2C#N)CN(C)C(=O)c2ccc(F)cc21,1.3
938,CC(C)(C)CNC(=O)CC1CNC(=O)c2cc(-c3ccsc3)cn21,10000.0
939,CN1CCN(C[C@@H](NC(=O)C[C@H]2CNC(=O)c3cc(-c4cccc(Cl)c4)cn32)C2CCCCC2)CC1,10000.0
940,CNC(=O)c1ccccc1Nc1nc(Nc2cccc(NC(=O)CN)c2)ncc1Cl,32.8
941,CNC(=O)c1cccc(F)c1Nc1nc(Nc2cccc(NC(=O)CNC(=O)OC(C)(C)C)c2)ncc1Cl,1000.0
942,CNC(=O)c1ccccc1Nc1nc(Nc2cccc(NC(=O)CNC(=O)N3CCCC3)c2)ncc1Cl,280.0
943,CNC(=O)c1ccccc1Nc1nc(Nc2cccc(NC(=O)CNC(=O)C3CCCN3)c2)ncc1Cl,80.3
944,CNC(=O)c1cccc(F)c1Nc1nc(Nc2cccc(NC(=O)CNC(=O)NC(C)(C)C)c2)ncc1Cl,1000.0
945,CC(C)S(=O)(=O)c1ccccc1Nc1nc(Nc2cccc(NC(=O)CN)c2)ncc1Cl,2.7
946,CNC(=O)[C@@H]1[C@H](Nc2nc(Nc3cccc(NC(=O)CN)c3)ncc2Cl)[C@H]2C=C[C@@H]1C2,111.0
947,CS(=O)(=O)Nc1ccccc1Nc1nc(Nc2cccc(NC(=O)CN)c2)ncc1Cl,94.5
948,CN(c1ccccc1Nc1nc(Nc2cccc(NC(=O)CN)c2)ncc1Cl)S(C)(=O)=O,7.7
949,CS(=O)(=O)N1CCN(c2nc(Nc3cccc(NC(=O)CN)c3)ncc2Cl)c2ccccc21,1000.0
950,CC(C)S(=O)(=O)c1ccccc1Nc1nc(Nc2cccc(NC(=O)[C@H](C)N)c2)ncc1Cl,1.8
951,CC(C)[C@H](N)C(=O)Nc1cccc(Nc2ncc(Cl)c(Nc3ccccc3S(=O)(=O)C(C)C)n2)c1,14.9
952,CC(C)S(=O)(=O)c1ccccc1Nc1nc(Nc2cccc(NC(=O)C3(N)CC3)c2)ncc1Cl,50.8
953,CC(C)S(=O)(=O)c1ccccc1Nc1nc(Nc2cccc(NC(=O)C(C)(C)N)c2)ncc1Cl,5.5
954,CC(C)S(=O)(=O)c1ccccc1Nc1nc(Nc2cccc(NC(=O)[C@@H](N)Cc3c[nH]cn3)c2)ncc1Cl,28.0
955,CC(C)S(=O)(=O)c1ccccc1Nc1nc(Nc2cccc(NC(=O)CCN)c2)ncc1Cl,3.1
956,CC(C)S(=O)(=O)c1ccccc1Nc1nc(Nc2cccc(NC(=O)CCCN)c2)ncc1Cl,19.1
957,CC(C)S(=O)(=O)c1ccccc1Nc1nc(Nc2cccc(NC(=O)C3CCN3)c2)ncc1Cl,44.2
958,CC(C)S(=O)(=O)c1ccccc1Nc1nc(Nc2cccc(NC(=O)C3CNC3)c2)ncc1Cl,20.7
959,CC(C)S(=O)(=O)c1ccccc1Nc1nc(Nc2cccc(NC(=O)C3CN(C(=O)CCCN(C)C)C3)c2)ncc1Cl,0.8
960,CC(C)S(=O)(=O)c1ccccc1Nc1nc(Nc2cccc(NC(=O)CN3CCOCC3)c2)ncc1Cl,17.8
961,CC(C)S(=O)(=O)c1ccccc1Nc1nc(Nc2cccc(NC(=O)CN3C[C@@H](C)O[C@@H](C)C3)c2)ncc1Cl,25.5
962,CC(C)S(=O)(=O)c1ccccc1Nc1nc(Nc2cccc(NC(=O)CN3CCNCC3)c2)ncc1Cl,2.5
963,CC(C)S(=O)(=O)c1ccccc1Nc1nc(Nc2cccc(NC(=O)CN3CCN(C)CC3)c2)ncc1Cl,1.7
964,CC(C)S(=O)(=O)c1ccccc1Nc1nc(Nc2cccc(NC(=O)CN3CCN(C4COC4)CC3)c2)ncc1Cl,4.9
965,CC(C)S(=O)(=O)c1ccccc1Nc1nc(Nc2cccc(NC(=O)CN3CCN(C(=O)/C=C/CN(C)C)CC3)c2)ncc1Cl,0.7
966,CC(C)S(=O)(=O)c1ccccc1Nc1nc(Nc2cccc(NC(=O)CN3CCN(C(=O)CO)CC3)c2)ncc1Cl,9.0
967,CC(C)S(=O)(=O)c1ccccc1Nc1nc(Nc2cccc(NC(=O)CN3CC4CC3CN4)c2)ncc1Cl,2.3
968,CC(C)S(=O)(=O)c1ccccc1Nc1nc(Nc2cccc(NC(=O)CN3CC4CCC(C3)O4)c2)ncc1Cl,51.3
969,CC(C)S(=O)(=O)c1ccccc1Nc1nc(Nc2cccc(NC(=O)CN3CC4CC3CC4O)c2)ncc1Cl,3.0
970,CC(C)S(=O)(=O)c1ccccc1Nc1nc(Nc2cccc(NC(=O)CN3CCC4CNCC43)c2)ncc1Cl,2.3
971,CC(C)S(=O)(=O)c1ccccc1Nc1nc(Nc2cccc(NC(=O)CN3CC4CNCC4C3)c2)ncc1Cl,5.5
972,CC(C)S(=O)(=O)c1ccccc1Nc1nc(Nc2cccc(NC(=O)Cc3ccco3)c2)ncc1Cl,31.9
973,CC(C)S(=O)(=O)c1ccccc1Nc1nc(Nc2cccc(NC(=O)Cc3cc4ccccc4[nH]3)c2)ncc1Cl,95.3
974,C[C@@H](Oc1cc(-c2cnn(C3CCNCC3)c2)cnc1N)c1c(Cl)ccc(F)c1Cl,13.7
975,CC(C)S(=O)(=O)c1ccccc1Nc1nc(Nc2cccc(NC(=O)CN)c2)ncc1Cl,15.3
976,C[C@@H](Oc1cc(-c2cnn(C3CCNCC3)c2)cnc1N)c1c(Cl)ccc(F)c1Cl,122.0
977,Nc1nc2c3c(F)cccc3nc(Cc3ccc4c(c3)OCO4)n2n1,10000.0
978,Nc1ccc2c(c1)nc(Cc1ccc3c(c1)OCO3)n1nc(N)nc21,10000.0
979,OCCCNc1ccc2c(c1)nc(-c1ccc3c(c1)OCO3)n1ncnc21,10000.0
980,Nc1nc2c3ccc(NCCO)cc3nc(Cc3ccc4c(c3)OCO4)n2n1,10000.0
981,CN1CCN(c2cc(F)c3c(c2)nc(Cc2ccc4c(c2)OCO4)n2nc(N)nc32)CC1,10000.0
982,CC(C)S(=O)(=O)c1ccccc1Nc1nc(Nc2nc3c(s2)CCN(C(=O)C2CCOCC2)CC3)ncc1Cl,24.0
983,CC(C)S(=O)(=O)c1ccccc1Nc1nc(Nc2ncc(C(=O)N3C[C@H]4CN(C)C[C@H]4C3)s2)ncc1Cl,1000.0
984,CC(C)S(=O)(=O)c1ccccc1Nc1nc(Nc2nc(CC(=O)N3C[C@H]4CN(C)C[C@H]4C3)cs2)ncc1Cl,243.0
985,CC(C)S(=O)(=O)c1ccccc1Nc1nc(Nc2nc(C(=O)N3C[C@H]4CN(C)C[C@H]4C3)cs2)ncc1Cl,134.0
986,CC(C)S(=O)(=O)c1ccccc1Nc1nc(Nc2nc(C(=O)N3CC4(CCNCC4)C3)cs2)ncc1Cl,1000.0
987,CC(C)S(=O)(=O)c1ccccc1Nc1nc(Nc2nc(C(=O)N3CC4CCC(C3)O4)cs2)ncc1Cl,144.0
988,CC(C)S(=O)(=O)c1ccccc1Nc1nc(Nc2nc(C(=O)N3CCOCC3)cs2)ncc1Cl,1000.0
989,CC(C)S(=O)(=O)c1ccccc1Nc1nc(Nc2nc(C(=O)N3CCCCC3)cs2)ncc1Cl,1000.0
990,CCN(CC)C(=O)c1csc(Nc2ncc(Cl)c(Nc3ccccc3S(=O)(=O)C(C)C)n2)n1,471.0
991,COc1cc(NC(=O)c2csc(Nc3ncc(Cl)c(Nc4ccccc4S(=O)(=O)C(C)C)n3)n2)cc(OC)c1OC,1000.0
992,CC(C)S(=O)(=O)c1ccccc1Nc1nc(Nc2nc(C(=O)NCCN3CCOCC3)cs2)ncc1Cl,121.0
993,CNC(=O)c1csc(Nc2ncc(Cl)c(Nc3ccccc3S(=O)(=O)C(C)C)n2)n1,1000.0
994,CCCCOC(=O)c1csc(Nc2ncc(Cl)c(Nc3ccccc3S(=O)(=O)C(C)C)n2)n1,1000.0
995,COC(=O)c1csc(Nc2ncc(Cl)c(Nc3ccccc3S(=O)(=O)C(C)C)n2)n1,1000.0
996,CC(C)S(=O)(=O)c1ccccc1Nc1nc(Nc2nc(C(=O)O)cs2)ncc1Cl,1000.0
997,CCOC(=O)c1csc(Nc2ncc(Cl)c(Nc3ccccc3S(=O)(=O)C(C)C)n2)n1,1000.0
998,CC(C)S(=O)(=O)c1ccccc1Nc1nc(Nc2nc3c(s2)CN(CC(=O)N2CCOCC2)CC3)ncc1Cl,775.0
999,CC(C)S(=O)(=O)c1ccccc1Nc1nc(Nc2nc3c(s2)CN(C)CC3)ncc1Cl,1000.0
1000,CC(C)S(=O)(=O)c1ccccc1Nc1nc(Nc2nc3c(s2)CNCC3)ncc1Cl,1000.0
1001,CC(C)S(=O)(=O)c1ccccc1Nc1nc(Nc2nc3c(s2)CCN(CCN2CCOCC2)CC3)ncc1Cl,67.8
1002,CC(C)S(=O)(=O)c1ccccc1Nc1nc(Nc2nc3c(s2)CCN(C(=O)C2CCOCC2)CC3)ncc1Cl,12.4
1003,CC(C)S(=O)(=O)c1ccccc1Nc1nc(Nc2nc3c(s2)CCN(CC2CCOCC2)CC3)ncc1Cl,18.0
1004,CNC(=O)c1ccccc1Nc1nc(Nc2nc3c(s2)CCN(C2COC2)CC3)ncc1Cl,1000000.0
1005,CNC(=O)c1ccccc1Nc1nc(Nc2nc3c(s2)CCN(C2=COC2)CC3)ncc1Cl,1000000.0
1006,CCOC(=O)N1CCc2nc(Nc3ncc(Cl)c(Nc4ccccc4S(=O)(=O)C(C)C)n3)sc2CC1,178.0
1007,CC(C)S(=O)(=O)c1ccccc1Nc1nc(Nc2nc3c(s2)CCN(C(=O)CO)CC3)ncc1Cl,171.0
1008,CC(C)S(=O)(=O)c1ccccc1Nc1nc(Nc2nc3c(s2)CCN(C)CC3)ncc1Cl,773.0
1009,CC(=O)N1CCc2nc(Nc3ncc(Cl)c(Nc4ccccc4S(=O)(=O)C(C)C)n3)sc2CC1,99.0
1010,CC(C)S(=O)(=O)c1ccccc1Nc1nc(Nc2nc3c(s2)CCNCC3)ncc1Cl,1000000.0
1011,CNC(=O)c1ccccc1Nc1nc(Nc2nc3c(s2)CCNCC3)ncc1Cl,61.8
1012,Cc1cc(Nc2ncc(Cl)c(Nc3ccccc3S(=O)(=O)C(C)C)n2)c(OC(C)C)cc1C1CCNCC1,3.4
1013,COc1cc2ncnc(Nc3ccc(F)c(Cl)c3)c2cc1NC(=O)/C(F)=C/CN(C)C,10000.0
1014,COc1cc(N2CCC(N3CCN(C)CC3)CC2)ccc1Nc1ncc(Cl)c(Nc2ccccc2S(=O)(=O)C(C)C)n1,3.0
1015,C[C@@H](Oc1cc(-c2cnn(C3CCNCC3)c2)cnc1N)c1c(Cl)ccc(F)c1Cl,24.0
1016,COc1cc(N2CCC(N(C)C)CC2)ccc1Nc1ncc(Cl)c(Nc2ccccc2P(C)(C)=O)n1,0.62
1017,COc1cc(C)cc(-c2nn(CC#N)cc2-c2cc(NCC(C)C)nc(-c3cccnc3)n2)c1,
1018,COc1cc(C)cc(-c2nn(CC#N)cc2-c2cc(NCCCO)nc(-c3cccnc3)n2)c1,4320.0
1019,COc1cc(C)cc(-c2nn(CC#N)cc2-c2cc(NCCCCO)nc(-c3cccnc3)n2)c1,1920.0
1020,COc1cc(C)cc(-c2nn(CC#N)cc2-c2cc(NCCN3CCOCC3)nc(-c3cccnc3)n2)c1,10200.0
1021,COc1cc(C)cc(-c2nn(CC#N)cc2-c2cc(NCCCN3CCOCC3)nc(-c3cccnc3)n2)c1,6220.0
1022,Cc1cc(O)cc(-c2nn(CC#N)cc2-c2cc(NCC(C)C)nc(-c3cccnc3)n2)c1,
1023,Cc1cc(O)cc(-c2nn(CC#N)cc2-c2cc(NCCCO)nc(-c3cccnc3)n2)c1,9720.0
1024,Cc1cc(O)cc(-c2nn(CC#N)cc2-c2cc(NCCCCO)nc(-c3cccnc3)n2)c1,4150.0
1025,Cc1cc(O)cc(-c2nn(CC#N)cc2-c2cc(NCCN3CCOCC3)nc(-c3cccnc3)n2)c1,20000.0
1026,Cc1cc(O)cc(-c2nn(CC#N)cc2-c2cc(NCCCN3CCOCC3)nc(-c3cccnc3)n2)c1,17600.0
1027,C[C@@H](Oc1cc(-c2cnn(C3CCNCC3)c2)cnc1N)c1c(Cl)ccc(F)c1Cl,
1028,Cc1cc(O)cc(-c2nn(CC#N)cc2-c2cc(NC[C@H](C)O)nc(-c3cccnc3)n2)c1,0.6
1029,COc1cc([C@H]2CCN(CCO)C[C@@H]2O)ccc1Nc1ncc2ccc(-c3ccccc3OC)n2n1,50.0
1030,COc1cc([C@@H]2CCN(CCO)C[C@@H]2O)ccc1Nc1ncc2ccc(-c3ccccc3OC)n2n1,60.0
1031,COc1cc([C@@H]2CCN(CC(N)=O)C[C@@H]2O)ccc1Nc1ncc2ccc(-c3ccccc3OC)n2n1,
1032,COc1cc([C@@H]2CCNC[C@@H]2O)ccc1Nc1ncc2ccc(-c3ccccc3OC)n2n1,120.0
1033,COc1cc(C2CCN(C)CC2O)ccc1Nc1ncc2ccc(-c3ccccc3OC)n2n1,30.0
1034,COc1cc([C@@]2(O)CCN(CC(N)=O)C[C@@H]2O)ccc1Nc1ncc2ccc(-c3ccccc3OC)n2n1,60.0
1035,COc1cc([C@@]2(O)CCN(CC(N)=O)C[C@@H]2O)ccc1Nc1ncc2ccc(-c3ccccc3N(C)S(C)(=O)=O)n2n1,200.0
1036,COc1cc([C@@]2(O)CCNC[C@@H]2O)ccc1Nc1ncc2ccc(-c3ccccc3OC)n2n1,40.0
1037,COc1cc([C@@]2(O)CCNC[C@@H]2O)ccc1Nc1ncc2ccc(-c3ccccc3N(C)S(C)(=O)=O)n2n1,500.0
1038,COc1cc([C@@]2(O)CCN(C(=O)OC(C)(C)C)C[C@@H]2O)ccc1Nc1ncc2ccc(-c3ccccc3OC)n2n1,
1039,COc1cc([C@@]2(O)CCN(C)C[C@@H]2O)ccc1Nc1ncc2ccc(-c3ccccc3OC)n2n1,30.0
1040,COc1cc([C@H]2CCN(CCO)C[C@@H]2O)ccc1Nc1ncc2ccc(-c3ccccc3OC)n2n1,5.0
1041,COc1cc([C@@H]2CCN(CCO)C[C@@H]2O)ccc1Nc1ncc2ccc(-c3ccccc3OC)n2n1,3.0
1042,COc1cc([C@@H]2CCN(CC(N)=O)C[C@@H]2O)ccc1Nc1ncc2ccc(-c3ccccc3OC)n2n1,15.0
1043,COc1cc([C@@H]2CCNC[C@@H]2O)ccc1Nc1ncc2ccc(-c3ccccc3OC)n2n1,8.0
1044,COc1cc(C2CCN(C)CC2O)ccc1Nc1ncc2ccc(-c3ccccc3OC)n2n1,3.0
1045,COc1cc([C@@]2(O)CCN(CC(N)=O)C[C@@H]2O)ccc1Nc1ncc2ccc(-c3ccccc3OC)n2n1,6.0
1046,COc1cc([C@@]2(O)CCN(CC(N)=O)C[C@@H]2O)ccc1Nc1ncc2ccc(-c3ccccc3N(C)S(C)(=O)=O)n2n1,15.0
1047,COc1cc([C@@]2(O)CCNC[C@@H]2O)ccc1Nc1ncc2ccc(-c3ccccc3OC)n2n1,4.0
1048,COc1cc([C@@]2(O)CCNC[C@@H]2O)ccc1Nc1ncc2ccc(-c3ccccc3N(C)S(C)(=O)=O)n2n1,6.0
1049,COc1cc([C@@]2(O)CCN(C(=O)OC(C)(C)C)C[C@@H]2O)ccc1Nc1ncc2ccc(-c3ccccc3OC)n2n1,57.0
1050,COc1cc([C@@]2(O)CCN(C)C[C@@H]2O)ccc1Nc1ncc2ccc(-c3ccccc3OC)n2n1,3.0
1051,O=c1ccc(-n2ccc3ccc(F)cc32)nn1CCOc1ccnc2cc(OCCCN3CCOCC3)ccc12,1000.0
1052,CN1CCN(c2ccc(Nc3ncc(Cl)c(NC[C@H]4CCCO4)n3)cc2)CC1,143.0
1053,OC1CCN(c2cc(-c3cnc4ccc(N5CCC[C@@H]5c5cccc(F)c5)nn34)ccn2)CC1,3900.0
1054,O=C(O)CN1CCN(c2cc(-c3cnc4ccc(N5CCC[C@@H]5c5cccc(F)c5)nn34)ccn2)CC1,2200.0
1055,N#Cc1ccc(-c2cnc3ccc(NCc4ccccc4)nn23)cc1,3100.0
1056,OC1CCN(c2cc(-c3cnc4ccc(N5CCC[C@@H]5c5cccc(F)c5)nn34)ccn2)CC1,3000.0
1057,O=C(O)CN1CCN(c2cc(-c3cnc4ccc(N5CCC[C@@H]5c5cccc(F)c5)nn34)ccn2)CC1,1200.0
1058,Fc1cccc([C@H]2CCCN2c2ccc3ncc(-c4ccccn4)n3n2)c1,6300.0
1059,N#Cc1ccc(-c2cnc3ccc(NCc4ccccc4)nn23)cc1,4800.0
1060,Cc1cc(Nc2ncc(Cl)c(Nc3cn(C)nc3S(=O)(=O)C(C)C)n2)c(OC2CC2)cc1C1CCCN(C)C1,7.0
1061,CCNC(=O)c1cc(OC2CC2)c(Nc2ncc(Cl)c(Nc3cn(C)nc3S(=O)(=O)C(C)C)n2)cc1C,6.0
1062,Cc1cc(Nc2ncc(Cl)c(Nc3cn(C)nc3S(=O)(=O)C(C)C)n2)c(OC2CC2)cc1S(C)(=O)=O,11.0
1063,Cc1cc(Nc2ncc(Cl)c(Nc3cn(C)nc3S(=O)(=O)C(C)C)n2)c(OC2CC2)cc1C(=O)C(C)C,29.0
1064,Cc1cc(Nc2ncc(Cl)c(Nc3cn(C)nc3S(=O)(=O)C(C)C)n2)c(OC2CC2)cc1CCN(C)C,5.0
1065,Cc1cc(Nc2ncc(Cl)c(Nc3cn(C)nc3S(=O)(=O)C(C)C)n2)c(OC2CC2)cc1C1COC1,10.0
1066,COCCc1cc(OC2CC2)c(Nc2ncc(Cl)c(Nc3cn(C)nc3S(=O)(=O)C(C)C)n2)cc1C,7.0
1067,Cc1cc(Nc2ncc(Cl)c(Nc3cn(C)nc3S(=O)(=O)C(C)C)n2)c(OC2CC2)cc1C1CCN(C(C)C)CC1,5.0
1068,Cc1cc(Nc2ncc(Cl)c(Nc3cn(C)nc3S(=O)(=O)C(C)C)n2)c(OC(C)C)cc1C1CCN(C)C1,4.0
1069,Cc1cc(Nc2ncc(Cl)c(Nc3cn(C)nc3S(=O)(=O)C(C)C)n2)c(OC(C)C)cc1C1CCNC1,5.0
1070,Cc1cc(Nc2ncc(Cl)c(Nc3cn(C)nc3S(=O)(=O)C(C)C)n2)c(OC(C)C)cc1C1CN(C)C1,5.0
1071,Cc1cc(Nc2ncc(Cl)c(Nc3cn(C)nc3S(=O)(=O)C(C)C)n2)c(OC(C)C)cc1C1CNC1,13.0
1072,CC(C)S(=O)(=O)c1nn(C)cc1Nc1nc(Nc2cc(C#N)c(C3CCN(C)CC3)cc2OC2CC2)ncc1Cl,13.0
1073,CC(C)S(=O)(=O)c1nn(C)cc1Nc1nc(Nc2cc(Cl)c(C3CCN(C)CC3)cc2OC2CC2)ncc1Cl,10.0
1074,CC(C)S(=O)(=O)c1nn(C)cc1Nc1nc(Nc2cc(F)c(C3CCN(C)CC3)cc2OC2CC2)ncc1Cl,4.0
1075,CC(C)S(=O)(=O)c1nn(C)cc1Nc1nc(Nc2ccc(C3CCN(C)CC3)cc2OC2CC2)ncc1Cl,5.0
1076,Cc1cc(Nc2ncc(Cl)c(Nc3cn(C)nc3S(=O)(=O)C(C)C)n2)c(C(C)C)cc1C1CCN(C)CC1,28.0
1077,Cc1cc(Nc2ncc(Cl)c(Nc3cn(C)nc3S(=O)(=O)C(C)C)n2)c(C(F)(F)F)cc1C1CCN(C)CC1,49.0
1078,Cc1cc(Nc2ncc(Cl)c(Nc3cn(C)nc3S(=O)(=O)C(C)C)n2)c(OC(F)(F)F)cc1C1CCN(C)CC1,10.0
1079,Cc1cc(Nc2ncc(Cl)c(Nc3cn(C)nc3S(=O)(=O)C(C)C)n2)c(OC(CF)CF)cc1C1CCN(C)CC1,23.0
1080,Cc1cc(Nc2ncc(Cl)c(Nc3cn(C)nc3S(=O)(=O)C(C)C)n2)c(OCC2CC2)cc1C1CCN(C)CC1,48.0
1081,Cc1cc(Nc2ncc(Cl)c(Nc3cn(C)nc3S(=O)(=O)C(C)C)n2)c(OCC2CC2)cc1C1CCNCC1,17.0
1082,Cc1cc(Nc2ncc(Cl)c(Nc3cn(C)nc3S(=O)(=O)C(C)C)n2)c(OC2CC2)cc1C1CCN(C)CC1,4.0
1083,Cc1cc(Nc2ncc(Cl)c(Nc3cn(C)nc3S(=O)(=O)C(C)C)n2)c(OC2CC2)cc1C1CCNCC1,4.0
1084,Cc1cc(Nc2ncc(Cl)c(Nc3cn(C)nc3S(=O)(=O)C(C)C)n2)c(OC(C)C)cc1C1CCN(C)CC1,8.0
1085,Cc1cc(Nc2ncc(Cl)c(Nc3cn(C)nc3S(=O)(=O)C(C)C)n2)c(OC(C)C)cc1C1CCNCC1,20.0
1086,Cc1cc(Nc2ncc(Cl)c(Nc3cn(C)nc3S(=O)(=O)C(C)C)n2)c(OC2CC2)cc1C1CCCN(C)C1,3.0
1087,CCNC(=O)c1cc(OC2CC2)c(Nc2ncc(Cl)c(Nc3cn(C)nc3S(=O)(=O)C(C)C)n2)cc1C,4.0
1088,Cc1cc(Nc2ncc(Cl)c(Nc3cn(C)nc3S(=O)(=O)C(C)C)n2)c(OC2CC2)cc1S(C)(=O)=O,9.0
1089,Cc1cc(Nc2ncc(Cl)c(Nc3cn(C)nc3S(=O)(=O)C(C)C)n2)c(OC2CC2)cc1C(=O)C(C)C,26.0
1090,Cc1cc(Nc2ncc(Cl)c(Nc3cn(C)nc3S(=O)(=O)C(C)C)n2)c(OC2CC2)cc1CCN(C)C,2.0
1091,Cc1cc(Nc2ncc(Cl)c(Nc3cn(C)nc3S(=O)(=O)C(C)C)n2)c(OC2CC2)cc1C1COC1,10.0
1092,COCCc1cc(OC2CC2)c(Nc2ncc(Cl)c(Nc3cn(C)nc3S(=O)(=O)C(C)C)n2)cc1C,4.0
1093,Cc1cc(Nc2ncc(Cl)c(Nc3cn(C)nc3S(=O)(=O)C(C)C)n2)c(OC(C)C)cc1C1CCN(C)CC1,4.0
1094,Cc1cc(Nc2ncc(Cl)c(Nc3cn(C)nc3S(=O)(=O)C(C)C)n2)c(OC2CC2)cc1C1CCNCC1,2.0
1095,Cc1cc(Nc2ncc(Cl)c(Nc3cn(C)nc3S(=O)(=O)C(C)C)n2)c(OC2CC2)cc1C1CCN(C)CC1,2.0
1096,Cc1cc(Nc2ncc(Cl)c(Nc3cn(C)nc3S(=O)(=O)C(C)C)n2)c(OCC2CC2)cc1C1CCNCC1,10.0
1097,Cc1cc(Nc2ncc(Cl)c(Nc3cn(C)nc3S(=O)(=O)C(C)C)n2)c(OCC2CC2)cc1C1CCN(C)CC1,15.0
1098,Cc1cc(Nc2ncc(Cl)c(Nc3cn(C)nc3S(=O)(=O)C(C)C)n2)c(OC(CF)CF)cc1C1CCN(C)CC1,10.0
1099,Cc1cc(Nc2ncc(Cl)c(Nc3cn(C)nc3S(=O)(=O)C(C)C)n2)c(OC(F)(F)F)cc1C1CCN(C)CC1,6.0
1100,Cc1cc(Nc2ncc(Cl)c(Nc3cn(C)nc3S(=O)(=O)C(C)C)n2)c(C(F)(F)F)cc1C1CCN(C)CC1,22.0
1101,Cc1cc(Nc2ncc(Cl)c(Nc3cn(C)nc3S(=O)(=O)C(C)C)n2)c(C(C)C)cc1C1CCN(C)CC1,12.0
1102,CC(C)S(=O)(=O)c1nn(C)cc1Nc1nc(Nc2ccc(C3CCN(C)CC3)cc2OC2CC2)ncc1Cl,3.0
1103,CC(C)S(=O)(=O)c1nn(C)cc1Nc1nc(Nc2cc(F)c(C3CCN(C)CC3)cc2OC2CC2)ncc1Cl,3.0
1104,CC(C)S(=O)(=O)c1nn(C)cc1Nc1nc(Nc2cc(Cl)c(C3CCN(C)CC3)cc2OC2CC2)ncc1Cl,4.0
1105,CC(C)S(=O)(=O)c1nn(C)cc1Nc1nc(Nc2cc(C#N)c(C3CCN(C)CC3)cc2OC2CC2)ncc1Cl,8.0
1106,Cc1cc(Nc2ncc(Cl)c(Nc3cn(C)nc3S(=O)(=O)C(C)C)n2)c(OC(C)C)cc1C1CNC1,4.0
1107,Cc1cc(Nc2ncc(Cl)c(Nc3cn(C)nc3S(=O)(=O)C(C)C)n2)c(OC(C)C)cc1C1CN(C)C1,2.0
1108,Cc1cc(Nc2ncc(Cl)c(Nc3cn(C)nc3S(=O)(=O)C(C)C)n2)c(OC(C)C)cc1C1CCNC1,4.0
1109,Cc1cc(Nc2ncc(Cl)c(Nc3cn(C)nc3S(=O)(=O)C(C)C)n2)c(OC(C)C)cc1C1CCN(C)C1,7.0
1110,Cc1cc(Nc2ncc(Cl)c(Nc3cn(C)nc3S(=O)(=O)C(C)C)n2)c(OC2CC2)cc1C1CCN(C(C)C)CC1,2.0
1111,Cc1cc(Nc2ncc(Cl)c(Nc3cn(C)nc3S(=O)(=O)C(C)C)n2)c(OC(C)C)cc1C1CCNCC1,8.0
1112,NC(=O)c1cc(F)cc2c1C(=O)N(C1CCN(C3CCC(F)(F)CC3)CC1)C2,10000.0
1113,COc1cc2c(cc1Nc1ncc(Cl)c(Nc3ccccc3S(=O)(=O)C(C)C)n1)CCCN(C1CCNCC1)C2,700.0
1114,COc1cc2c(cc1Nc1ncc(Cl)c(Nc3ccccc3S(=O)(=O)C(C)C)n1)CCN(CCO)CC2,3200.0
1115,COc1cc2c(cc1Nc1ncc(Cl)c(Nc3ccccc3S(=O)(=O)C(C)C)n1)CN(CCO)CCC2,1700.0
1116,COc1cc2c(cc1Nc1ncc(Cl)c(Nc3ccccc3S(=O)(=O)C(C)C)n1)CCCN(CCO)C2,600.0
1117,COc1cc2c(cc1Nc1ncc(Cl)c(Nc3ccccc3S(=O)(=O)C(C)C)n1)CCN(C(=O)CO)CC2,2100.0
1118,COc1cc2c(cc1Nc1ncc(Cl)c(Nc3ccccc3S(=O)(=O)C(C)C)n1)CN(C(=O)CO)CCC2,4500.0
1119,COc1cc2c(cc1Nc1ncc(Cl)c(Nc3ccccc3S(=O)(=O)C(C)C)n1)CCCN(C(=O)CO)C2,1000.0
1120,COc1cc2c(cc1Nc1ncc(Cl)c(Nc3ccccc3S(=O)(=O)C(C)C)n1)CN(C(C)=O)CCC2,800.0
1121,COc1cc2c(cc1Nc1ncc(Cl)c(Nc3ccccc3S(=O)(=O)C(C)C)n1)CCCN(C(C)=O)C2,1900.0
1122,CCN1CCc2cc(Nc3ncc(Cl)c(Nc4ccccc4S(=O)(=O)C(C)C)n3)c(OC)cc2CC1,1000.0
1123,CCN1CCCc2cc(OC)c(Nc3ncc(Cl)c(Nc4ccccc4S(=O)(=O)C(C)C)n3)cc2C1,2000.0
1124,CCN1CCCc2cc(Nc3ncc(Cl)c(Nc4ccccc4S(=O)(=O)C(C)C)n3)c(OC)cc2C1,390.0
1125,COc1cc2c(cc1Nc1ncc(Cl)c(Nc3ccccc3S(=O)(=O)C(C)C)n1)CNCCO2,1.5
1126,COc1cc2c(cc1Nc1ncc(Cl)c(Nc3ccccc3S(=O)(=O)C(C)C)n1)CCNCC2,1.8
1127,COc1cc2c(cc1Nc1ncc(Cl)c(Nc3ccccc3S(=O)(=O)C(C)C)n1)CNCCC2,1.6
1128,COc1cc2c(cc1Nc1ncc(Cl)c(Nc3ccccc3S(=O)(=O)C(C)C)n1)CCCNC2,1.7
1129,COc1cc2c(cc1Nc1ncc(Cl)c(Nc3ccccc3S(=O)(=O)C(C)C)n1)CCNC(=O)C2,5.2
1130,COc1cc2c(cc1Nc1ncc(Cl)c(Nc3ccccc3S(=O)(=O)C(C)C)n1)C(=O)NCCC2,4.4
1131,COc1cc2c(cc1Nc1ncc(Cl)c(Nc3ccccc3S(=O)(=O)C(C)C)n1)CCCNC2=O,2.7
1132,Cc1cc(Nc2ncc(Cl)c(Nc3ccccc3S(=O)(=O)C(C)C)n2)c(OC(C)C)cc1C1CCNCC1,14.0
1133,COc1cc2c(cc1Nc1ncc(Cl)c(Nc3ccccc3S(=O)(=O)C(C)C)n1)CN(C1CCNCC1)CCC2,2500.0
1134,COc1cc2c(cc1Nc1ncc(Cl)c(Nc3ccccc3S(=O)(=O)C(C)C)n1)CCCN(C1CCOCC1)C2,800.0
1135,COc1cc2c(cc1Nc1ncc(Cl)c(Nc3ccccc3S(=O)(=O)C(C)C)n1)CN(C1CCOCC1)CCC2,1500.0
1136,COc1cc2c(cc1Nc1ncc(Cl)c(Nc3ccccc3S(=O)(=O)C(C)C)n1)CCCN(C1COC1)C2,2000.0
1137,COc1cc2c(cc1Nc1ncc(Cl)c(Nc3ccccc3S(=O)(=O)C(C)C)n1)CN(C1COC1)CCC2,3600.0
1138,Cc1cc(Nc2ncc(Cl)c(Nc3ccccc3S(=O)(=O)C(C)C)n2)c(OC(C)C)cc1C1CCNCC1,29.0
1139,COc1cc2c(cc1Nc1ncc(Cl)c(Nc3ccccc3S(=O)(=O)C(C)C)n1)CCCNC2=O,3.0
1140,COc1cc2c(cc1Nc1ncc(Cl)c(Nc3ccccc3S(=O)(=O)C(C)C)n1)C(=O)NCCC2,12.0
1141,COc1cc2c(cc1Nc1ncc(Cl)c(Nc3ccccc3S(=O)(=O)C(C)C)n1)CCNC(=O)C2,15.0
1142,COc1cc2c(cc1Nc1ncc(Cl)c(Nc3ccccc3S(=O)(=O)C(C)C)n1)CCCNC2,2.7
1143,COc1cc2c(cc1Nc1ncc(Cl)c(Nc3ccccc3S(=O)(=O)C(C)C)n1)CNCCC2,3.4
1144,COc1cc2c(cc1Nc1ncc(Cl)c(Nc3ccccc3S(=O)(=O)C(C)C)n1)CCNCC2,1.6
1145,COc1cc2c(cc1Nc1ncc(Cl)c(Nc3ccccc3S(=O)(=O)C(C)C)n1)CNCCO2,5.8
1146,CCN1CCCc2cc(Nc3ncc(Cl)c(Nc4ccccc4S(=O)(=O)C(C)C)n3)c(OC)cc2C1,1400.0
1147,CCN1CCCc2cc(OC)c(Nc3ncc(Cl)c(Nc4ccccc4S(=O)(=O)C(C)C)n3)cc2C1,7200.0
1148,CCN1CCc2cc(Nc3ncc(Cl)c(Nc4ccccc4S(=O)(=O)C(C)C)n3)c(OC)cc2CC1,6100.0
1149,COc1cc2c(cc1Nc1ncc(Cl)c(Nc3ccccc3S(=O)(=O)C(C)C)n1)CCCN(C(C)=O)C2,2700.0
1150,COc1cc2c(cc1Nc1ncc(Cl)c(Nc3ccccc3S(=O)(=O)C(C)C)n1)CN(C(C)=O)CCC2,7600.0
1151,COc1cc2c(cc1Nc1ncc(Cl)c(Nc3ccccc3S(=O)(=O)C(C)C)n1)CCCN(C(=O)CO)C2,1300.0
1152,COc1cc2c(cc1Nc1ncc(Cl)c(Nc3ccccc3S(=O)(=O)C(C)C)n1)CN(C(=O)CO)CCC2,34000.0
1153,COc1cc2c(cc1Nc1ncc(Cl)c(Nc3ccccc3S(=O)(=O)C(C)C)n1)CCN(C(=O)CO)CC2,10000.0
1154,COc1cc2c(cc1Nc1ncc(Cl)c(Nc3ccccc3S(=O)(=O)C(C)C)n1)CCCN(CCO)C2,700.0
1155,COc1cc2c(cc1Nc1ncc(Cl)c(Nc3ccccc3S(=O)(=O)C(C)C)n1)CN(CCO)CCC2,35000.0
1156,COc1cc2c(cc1Nc1ncc(Cl)c(Nc3ccccc3S(=O)(=O)C(C)C)n1)CCN(CCO)CC2,11000.0
1157,COc1cc2c(cc1Nc1ncc(Cl)c(Nc3ccccc3S(=O)(=O)C(C)C)n1)CCCN(C1CCNCC1)C2,1000.0
1158,COc1cc2c(cc1Nc1ncc(Cl)c(Nc3ccccc3S(=O)(=O)C(C)C)n1)CN(C1CCNCC1)CCC2,4400.0
1159,COc1cc2c(cc1Nc1ncc(Cl)c(Nc3ccccc3S(=O)(=O)C(C)C)n1)CCCN(C1CCOCC1)C2,1200.0
1160,COc1cc2c(cc1Nc1ncc(Cl)c(Nc3ccccc3S(=O)(=O)C(C)C)n1)CN(C1CCOCC1)CCC2,7300.0
1161,COc1cc2c(cc1Nc1ncc(Cl)c(Nc3ccccc3S(=O)(=O)C(C)C)n1)CCCN(C1COC1)C2,2400.0
1162,COc1cc2c(cc1Nc1ncc(Cl)c(Nc3ccccc3S(=O)(=O)C(C)C)n1)CN(C1COC1)CCC2,3400.0
1163,CN[C@@H]1C[C@H]2O[C@@](C)([C@@H]1OC)n1c3ccccc3c3c4c(c5c6ccccc6n2c5c31)C(=O)NC4,1.0
1164,CCc1cc2c(cc1N1CCC(N3CCOCC3)CC1)C(C)(C)c1[nH]c3cc(C#N)ccc3c1C2=O,11.5
1165,CCc1cc2c(cc1N1CCN(C(=O)C3CNC3)CC1)C(C)(C)c1[nH]c3cc(C#N)ccc3c1C2=O,2.8
1166,CCc1cc2c(cc1N1CCN(C(=O)C3COCCN3)CC1)C(C)(C)c1[nH]c3cc(C#N)ccc3c1C2=O,0.8
1167,CCc1cc2c(cc1C1=CCN(C(=O)C3COCCN3)CC1)C(C)(C)c1[nH]c3cc(C#N)ccc3c1C2=O,2.1
1168,CCc1cc2c(cc1C1=CCN(C(=O)C3CCOCC3)CC1)C(C)(C)c1[nH]c3cc(C#N)ccc3c1C2=O,1.7
1169,CCc1cc2c(cc1C1=CCN(C(=O)C3CNC3)CC1)C(C)(C)c1[nH]c3cc(C#N)ccc3c1C2=O,1.0
1170,CCc1cc2c(cc1N1CCN(C[C@@H]3CCC(=O)N3)CC1)C(C)(C)c1[nH]c3cc(C#N)ccc3c1C2=O,1.3
1171,CCc1cc2c(cc1N1CCN(CC3(CO)COC3)CC1)C(C)(C)c1[nH]c3cc(C#N)ccc3c1C2=O,6.9
1172,CCc1cc2c(cc1N1CC3CC1CN3CC1CCOCC1)C(C)(C)c1[nH]c3cc(C#N)ccc3c1C2=O,6.6
1173,CCc1cc2c(cc1N1CCN(CC3CCOCC3)CC1)C(C)(C)c1[nH]c3cc(C#N)ccc3c1C2=O,2.1
1174,CCc1cc2c(cc1C1=CCN(CC3CCOCC3)CC1)C(C)(C)c1[nH]c3cc(C#N)ccc3c1C2=O,2.3
1175,CC1(C)c2cc(N3CCN(C(=O)C4CNC4)CC3)ccc2C(=O)c2c1[nH]c1cc(C#N)ccc21,10.4
1176,CC1(C)c2cc(C3CCN(C(=O)C4COCCN4)CC3)ccc2C(=O)c2c1[nH]c1cc(C#N)ccc21,15.5
1177,CC1(C)c2cc(C3CCN(CC4CCOCC4)CC3)ccc2C(=O)c2c1[nH]c1cc(C#N)ccc21,3.4
1178,CC1(C)c2cc(C3CCN(CC4(O)CCOCC4)CC3)ccc2C(=O)c2c1[nH]c1cc(C#N)ccc21,16.4
1179,CC1(C)c2cc(C3CCN(CC4COC4)CC3)ccc2C(=O)c2c1[nH]c1cc(C#N)ccc21,8.1
1180,CC1(C)c2cc(C3CCN(CC4CCOC4)CC3)ccc2C(=O)c2c1[nH]c1cc(C#N)ccc21,33.0
1181,CCc1cc2c(cc1N1CCC(N(C)C3COC3)CC1)C(C)(C)c1[nH]c3cc(C#N)ccc3c1C2=O,9.5
1182,CC1(C)c2cc(-c3cnn(C4CCOCC4)c3)ccc2C(=O)c2c1[nH]c1cc(C#N)ccc21,40.3
1183,CCc1cc2c(cc1-c1cnn(C3CCOCC3)c1)C(C)(C)c1[nH]c3cc(C#N)ccc3c1C2=O,11.2
1184,CCc1cc2c(cc1-c1cnn(C3CCOC3)c1)C(C)(C)c1[nH]c3cc(C#N)ccc3c1C2=O,11.8
1185,CC1(C)c2cc(-c3cnn(C4CCNCC4)c3)ccc2C(=O)c2c1[nH]c1cc(C#N)ccc21,53.0
1186,CCc1cc2c(cc1-c1cnn(C3CCNCC3)c1)C(C)(C)c1[nH]c3cc(C#N)ccc3c1C2=O,0.9
1187,CCc1cc2c(cc1-c1cnn(CC(=O)N(C)C)c1)C(C)(C)c1[nH]c3cc(C#N)ccc3c1C2=O,8.1
1188,CCc1cc2c(cc1-c1cnn(CC(N)=O)c1)C(C)(C)c1[nH]c3cc(C#N)ccc3c1C2=O,7.1
1189,CCc1cc2c(cc1-c1cnn(CC(O)CO)c1)C(C)(C)c1[nH]c3cc(C#N)ccc3c1C2=O,4.6
1190,CCc1ccc(C(C)(C)c2cc3ccc(C#N)cc3[nH]2)cc1-c1cnn(C2CCN(C(C)=O)CC2)c1,10000.0
1191,CCc1ccc(C(C)(C)c2cc3ccc(C#N)cc3[nH]2)cc1C1=CCN(C(C)=O)CC1,10000.0
1192,CCc1ccc(C(C)(C)c2cc3ccc(C#N)cc3[nH]2)cc1N1CCC(N2CCOCC2)CC1,10000.0
1193,CCc1ccc(C(C)(C)c2cc3ccc(C#N)cc3[nH]2)cc1-c1cnn(CC(=O)N(C)C)c1,10000.0
1194,CCc1ccc(C(C)(C)c2[nH]c3cc(C#N)ccc3c2C(=O)OC(C)(C)C)cc1-c1cnn(CC(=O)N(C)C)c1,10000.0
1195,CCc1ccc(C(C)(C)c2[nH]c3cc(C#N)ccc3c2C(=O)O)cc1-c1cnn(CC(=O)N(C)C)c1,10000.0
1196,CCc1cc2c(cc1NC(=O)N1CCC(N3CCOCC3)CC1)C(C)(C)c1[nH]c3cc(C#N)ccc3c1C2=O,32.0
1197,CCc1cc2c(cc1NC(=O)N1CCC(C(C)(C)O)CC1)C(C)(C)c1[nH]c3cc(C#N)ccc3c1C2=O,21.0
1198,CCc1cc2c(cc1NC(=O)C1CCn3c(nnc3C(F)(F)F)C1)C(C)(C)c1[nH]c3cc(C#N)ccc3c1C2=O,38.0
1199,CCc1cc2c(cc1NC(=O)N1CC(N3CCOCC3)C1)C(C)(C)c1[nH]c3cc(C#N)ccc3c1C2=O,381.0
1200,CCc1cc2c(cc1NC(=O)N1C[C@@H]3C(CO)[C@@H]3C1)C(C)(C)c1[nH]c3cc(C#N)ccc3c1C2=O,182.0
1201,CCc1cc2c(cc1NC(=O)CN1C[C@@H]3C(CO)[C@@H]3C1)C(C)(C)c1[nH]c3cc(C#N)ccc3c1C2=O,23.0
1202,CCc1cc2c(cc1NC(=O)CN1CC3CN(C)CC3C1)C(C)(C)c1[nH]c3cc(C#N)ccc3c1C2=O,24.0
1203,C[C@@H](Oc1cc(-c2cnn(C3CCNCC3)c2)cnc1N)c1c(Cl)ccc(F)c1Cl,23.6
1204,CCc1cc2c(cc1N1CCC(N3CCOCC3)CC1)C(C)(C)c1[nH]c3cc(C#N)ccc3c1C2=O,15.2
1205,CCc1cc2c(cc1N1CCN(C(=O)C3CNC3)CC1)C(C)(C)c1[nH]c3cc(C#N)ccc3c1C2=O,4.1
1206,CCc1cc2c(cc1N1CCN(C(=O)C3COCCN3)CC1)C(C)(C)c1[nH]c3cc(C#N)ccc3c1C2=O,4.3
1207,CCc1cc2c(cc1C1=CCN(C(=O)C3COCCN3)CC1)C(C)(C)c1[nH]c3cc(C#N)ccc3c1C2=O,3.8
1208,CCc1cc2c(cc1C1=CCN(C(=O)C3CCOCC3)CC1)C(C)(C)c1[nH]c3cc(C#N)ccc3c1C2=O,18.0
1209,CCc1cc2c(cc1C1=CCN(C(=O)C3CNC3)CC1)C(C)(C)c1[nH]c3cc(C#N)ccc3c1C2=O,3.1
1210,CCc1cc2c(cc1N1CCN(C[C@@H]3CCC(=O)N3)CC1)C(C)(C)c1[nH]c3cc(C#N)ccc3c1C2=O,4.5
1211,CCc1cc2c(cc1N1CCN(CC3(CO)COC3)CC1)C(C)(C)c1[nH]c3cc(C#N)ccc3c1C2=O,1.8
1212,CCc1cc2c(cc1N1CC3CC1CN3CC1CCOCC1)C(C)(C)c1[nH]c3cc(C#N)ccc3c1C2=O,4.7
1213,CCc1cc2c(cc1N1CCN(CC3CCOCC3)CC1)C(C)(C)c1[nH]c3cc(C#N)ccc3c1C2=O,4.5
1214,CCc1cc2c(cc1C1=CCN(CC3CCOCC3)CC1)C(C)(C)c1[nH]c3cc(C#N)ccc3c1C2=O,11.2
1215,CC1(C)c2cc(C3CCN(C(=O)C4COCCN4)CC3)ccc2C(=O)c2c1[nH]c1cc(C#N)ccc21,16.8
1216,CC1(C)c2cc(C3CCN(CC4CCOCC4)CC3)ccc2C(=O)c2c1[nH]c1cc(C#N)ccc21,3.9
1217,CC1(C)c2cc(C3CCN(CC4(O)CCOCC4)CC3)ccc2C(=O)c2c1[nH]c1cc(C#N)ccc21,100.0
1218,CC1(C)c2cc(C3CCN(CC4COC4)CC3)ccc2C(=O)c2c1[nH]c1cc(C#N)ccc21,5.6
1219,CCc1cc2c(cc1N1CCC(N(C)C3COC3)CC1)C(C)(C)c1[nH]c3cc(C#N)ccc3c1C2=O,100.0
1220,CCc1cc2c(cc1-c1cnn(C3CCNCC3)c1)C(C)(C)c1[nH]c3cc(C#N)ccc3c1C2=O,15.5
1221,CCc1cc2c(cc1-c1cnn(CC(=O)N(C)C)c1)C(C)(C)c1[nH]c3cc(C#N)ccc3c1C2=O,17.3
1222,CCc1cc2c(cc1-c1cnn(CC(N)=O)c1)C(C)(C)c1[nH]c3cc(C#N)ccc3c1C2=O,27.1
1223,CCc1cc2c(cc1-c1cnn(CC(O)CO)c1)C(C)(C)c1[nH]c3cc(C#N)ccc3c1C2=O,53.2
1224,C[C@@H](Oc1cc(-c2cnn(C3CCNCC3)c2)cnc1N)c1c(Cl)ccc(F)c1Cl,972.0
1225,O=C(O)C1CN(Cc2ccc(OCc3ccc(Cl)c(Cl)c3)cc2)C1,10000.0
1226,C[C@@H]1C[C@H](N)C[C@H](c2ccncc2NC(=O)c2ccc(F)c(-c3c(F)cccc3F)n2)C1,10000.0
1227,Cn1c(=O)c(S(=O)(=O)c2ccc(F)cc2F)cc2cnc(Nc3ccc4[nH]ccc4c3)nc21,10000.0
1228,Cc1cc(Nc2ncc(Cl)c(Nc3ccccc3S(=O)(=O)C(C)C)n2)c(OC(C)C)cc1C1CCNCC1,14.0
1229,COc1cc2c(cc1Nc1ncc(Cl)c(Nc3ccccc3S(=O)(=O)C(C)C)n1)C(C)(C)C(=O)CC2,342.0
1230,COc1cc2c(cc1Nc1ncc(Cl)c(Nc3ccccc3S(=O)(=O)C(C)C)n1)CCC(=O)C2(C)C,43.0
1231,COc1cc2c(cc1Nc1ncc(Cl)c(Nc3ccccc3S(=O)(=O)C(C)C)n1)C(C)(C)C(O)CC2,34.0
1232,COc1cc2c(cc1Nc1ncc(Cl)c(Nc3ccccc3S(=O)(=O)C(C)C)n1)CCC(O)C2(C)C,21.0
1233,COc1cc2c(cc1Nc1ncc(Cl)c(Nc3ccccc3S(=O)(=O)C(C)C)n1)C(C)(C)/C(=N/O)CC2,424.0
1234,COc1cc2c(cc1Nc1ncc(Cl)c(Nc3ccccc3S(=O)(=O)C(C)C)n1)C(C)(C)/C(=N/NC(C)=O)CC2,52.0
1235,COc1cc2c(cc1Nc1ncc(Cl)c(Nc3ccccc3S(=O)(=O)C(C)C)n1)C(C)(C)/C(=N/NC(N)=O)CC2,16.0
1236,COc1cc2c(cc1Nc1ncc(Cl)c(Nc3ccccc3S(=O)(=O)C(C)C)n1)C(C)(C)/C(=N/NC(=N)N)CC2,16.0
1237,COc1cc2c(cc1Nc1ncc(Cl)c(Nc3ccccc3S(=O)(=O)C(C)C)n1)C(C)(C)/C(=N/N1CCN(C)CC1)CC2,44.0
1238,COc1cc2c(cc1Nc1ncc(Cl)c(Nc3ccccc3S(=O)(=O)C(C)C)n1)C(C)(C)/C(=N/N1CCOCC1)CC2,122.0
1239,COc1cc2c(cc1Nc1ncc(Cl)c(Nc3ccccc3S(=O)(=O)C(C)C)n1)CC/C(=N\O)C2(C)C,212.0
1240,COc1cc2c(cc1Nc1ncc(Cl)c(Nc3ccccc3S(=O)(=O)C(C)C)n1)CC/C(=N\NC(C)=O)C2(C)C,21.0
1241,COc1cc2c(cc1Nc1ncc(Cl)c(Nc3ccccc3S(=O)(=O)C(C)C)n1)CC/C(=N\NC(N)=O)C2(C)C,29.0
1242,COc1cc2c(cc1Nc1ncc(Cl)c(Nc3ccccc3S(=O)(=O)C(C)C)n1)CC/C(=N\NC(=N)N)C2(C)C,18.0
1243,COc1cc2c(cc1Nc1ncc(Cl)c(Nc3ccccc3S(=O)(=O)C(C)C)n1)CC/C(=N\N1CCN(C)CC1)C2(C)C,0.5
1244,COc1cc2c(cc1Nc1ncc(Cl)c(Nc3ccccc3S(=O)(=O)C(C)C)n1)CC/C(=N\N1CCOCC1)C2(C)C,40.0
1245,COc1cc2c(cc1Nc1ncc(Cl)c(Nc3ccccc3S(=O)(=O)C(C)C)n1)C(C)(C)C(N)CC2,27.0
1246,COc1cc2c(cc1Nc1ncc(Cl)c(Nc3ccccc3S(=O)(=O)C(C)C)n1)CCC(N)C2(C)C,0.7
1247,COc1cc2c(cc1Nc1ncc(Cl)c(Nc3ccccc3S(=O)(=O)C(C)C)n1)CCC(NC(=O)CO)C2(C)C,6.1
1248,COc1cc2c(cc1Nc1ncc(Cl)c(Nc3ccccc3S(=O)(=O)C(C)C)n1)CCC(NC(=O)CN(C)C)C2(C)C,4.2
1249,Cc1cc(Nc2ncc(Cl)c(Nc3ccccc3S(=O)(=O)C(C)C)n2)c(OC(C)C)cc1C1CCNCC1,29.0
1250,COc1cc2c(cc1Nc1ncc(Cl)c(Nc3ccccc3S(=O)(=O)C(C)C)n1)C(C)(C)C(=O)CC2,1376.0
1251,COc1cc2c(cc1Nc1ncc(Cl)c(Nc3ccccc3S(=O)(=O)C(C)C)n1)CCC(=O)C2(C)C,207.0
1252,COc1cc2c(cc1Nc1ncc(Cl)c(Nc3ccccc3S(=O)(=O)C(C)C)n1)C(C)(C)C(O)CC2,109.0
1253,COc1cc2c(cc1Nc1ncc(Cl)c(Nc3ccccc3S(=O)(=O)C(C)C)n1)CCC(O)C2(C)C,56.0
1254,COc1cc2c(cc1Nc1ncc(Cl)c(Nc3ccccc3S(=O)(=O)C(C)C)n1)C(C)(C)/C(=N/O)CC2,600.0
1255,COc1cc2c(cc1Nc1ncc(Cl)c(Nc3ccccc3S(=O)(=O)C(C)C)n1)C(C)(C)/C(=N/NC(C)=O)CC2,201.0
1256,COc1cc2c(cc1Nc1ncc(Cl)c(Nc3ccccc3S(=O)(=O)C(C)C)n1)C(C)(C)/C(=N/NC(N)=O)CC2,97.0
1257,COc1cc2c(cc1Nc1ncc(Cl)c(Nc3ccccc3S(=O)(=O)C(C)C)n1)C(C)(C)/C(=N/NC(=N)N)CC2,100.0
1258,COc1cc2c(cc1Nc1ncc(Cl)c(Nc3ccccc3S(=O)(=O)C(C)C)n1)C(C)(C)/C(=N/N1CCN(C)CC1)CC2,200.0
1259,COc1cc2c(cc1Nc1ncc(Cl)c(Nc3ccccc3S(=O)(=O)C(C)C)n1)C(C)(C)/C(=N/N1CCOCC1)CC2,222.0
1260,COc1cc2c(cc1Nc1ncc(Cl)c(Nc3ccccc3S(=O)(=O)C(C)C)n1)CC/C(=N\O)C2(C)C,
1261,COc1cc2c(cc1Nc1ncc(Cl)c(Nc3ccccc3S(=O)(=O)C(C)C)n1)CC/C(=N\NC(C)=O)C2(C)C,40.0
1262,COc1cc2c(cc1Nc1ncc(Cl)c(Nc3ccccc3S(=O)(=O)C(C)C)n1)CC/C(=N\NC(N)=O)C2(C)C,42.0
1263,COc1cc2c(cc1Nc1ncc(Cl)c(Nc3ccccc3S(=O)(=O)C(C)C)n1)CC/C(=N\NC(=N)N)C2(C)C,37.0
1264,COc1cc2c(cc1Nc1ncc(Cl)c(Nc3ccccc3S(=O)(=O)C(C)C)n1)CC/C(=N\N1CCN(C)CC1)C2(C)C,8.4
1265,COc1cc2c(cc1Nc1ncc(Cl)c(Nc3ccccc3S(=O)(=O)C(C)C)n1)CC/C(=N\N1CCOCC1)C2(C)C,40.0
1266,COc1cc2c(cc1Nc1ncc(Cl)c(Nc3ccccc3S(=O)(=O)C(C)C)n1)C(C)(C)C(N)CC2,94.0
1267,COc1cc2c(cc1Nc1ncc(Cl)c(Nc3ccccc3S(=O)(=O)C(C)C)n1)CCC(N)C2(C)C,1.5
1268,COc1cc2c(cc1Nc1ncc(Cl)c(Nc3ccccc3S(=O)(=O)C(C)C)n1)CCC(NC(=O)CO)C2(C)C,9.9
1269,COc1cc2c(cc1Nc1ncc(Cl)c(Nc3ccccc3S(=O)(=O)C(C)C)n1)CCC(NC(=O)CN(C)C)C2(C)C,3.6
1270,Cc1cc(Nc2ncc(Cl)c(Nc3cn(C)nc3S(=O)(=O)C(C)C)n2)c(OC2CC2)cc1[C@H]1CC[C@H](NS(C)(=O)=O)CC1,20.0
1271,CC(=O)N1CCN([C@H]2CC[C@H](c3cc(OC4CC4)c(Nc4ncc(Cl)c(Nc5cn(C)nc5S(=O)(=O)C(C)C)n4)cc3C)CC2)CC1,18.0
1272,CCN(CC)[C@H]1CC[C@H](c2cc(OC3CC3)c(Nc3ncc(Cl)c(Nc4cn(C)nc4S(=O)(=O)C(C)C)n3)cc2C)CC1,12.0
1273,CCN(CC)[C@H]1CC[C@@H](c2cc(OC3CC3)c(Nc3ncc(Cl)c(Nc4cn(C)nc4S(=O)(=O)C(C)C)n3)cc2C)CC1,17.0
1274,Cc1cc(Nc2ncc(Cl)c(Nc3cn(C)nc3S(=O)(=O)C(C)C)n2)c(OC2CC2)cc1[C@H]1CC[C@H](NC2CC2)CC1,18.0
1275,Cc1cc(Nc2ncc(Cl)c(Nc3cn(C)nc3S(=O)(=O)C(C)C)n2)c(OC2CC2)cc1[C@H]1CC[C@@H](NC2CC2)CC1,20.0
1276,Cc1cc(Nc2ncc(Cl)c(Nc3cn(C)nc3S(=O)(=O)C(C)C)n2)c(OC2CC2)cc1[C@H]1CC[C@H](NC(C)C)CC1,9.0
1277,Cc1cc(Nc2ncc(Cl)c(Nc3cn(C)nc3S(=O)(=O)C(C)C)n2)c(OC2CC2)cc1[C@H]1CC[C@@H](NC(C)C)CC1,10.0
1278,Cc1cc(Nc2ncc(Cl)c(Nc3cn(C)nc3S(=O)(=O)C(C)C)n2)c(OC2CC2)cc1C1CCS(=O)(=O)CC1,9.0
1279,Cc1cc(Nc2ncc(Cl)c(Nc3cn(C)nc3S(=O)(=O)C(C)C)n2)c(OC2CC2)cc1C1CCOCC1,19.0
1280,Cc1cc(Nc2ncnc(Nc3cn(C)nc3S(=O)(=O)C(C)C)n2)c(OC2CC2)cc1C1CCN(C)CC1,111.0
1281,Cc1cc(Nc2ncc(C#N)c(Nc3cn(C)nc3S(=O)(=O)C(C)C)n2)c(OC2CC2)cc1C1CCN(C)CC1,4.0
1282,Cc1cc(Nc2ncc(C)c(Nc3cn(C)nc3S(=O)(=O)C(C)C)n2)c(OC2CC2)cc1C1CCN(C)CC1,6.0
1283,Cc1cc(Nc2ncc(Cl)c(Nc3cn(C)nc3S(=O)(=O)C(C)C)n2)c(OC2CC2)cc1C1CCN(C)CC1,4.0
1284,Cc1cc(Nc2ncc(F)c(Nc3cn(C)nc3S(=O)(=O)C(C)C)n2)c(OC2CC2)cc1C1CCN(C)CC1,18.0
1285,CCC(C)S(=O)(=O)c1nn(C)cc1Nc1nc(Nc2cc(C)c(C3CCNCC3)cc2OC(C)C)ncc1Cl,12.0
1286,Cc1cc(Nc2ncc(Cl)c(Nc3cn(C)nc3S(=O)(=O)CC(C)C)n2)c(OC(C)C)cc1C1CCNCC1,7.0
1287,Cc1cc(Nc2ncc(Cl)c(Nc3cn(C)nc3S(C)(=O)=O)n2)c(OC(C)C)cc1C1CCNCC1,94.0
1288,Cc1cc(Nc2ncc(Cl)c(Nc3c[nH]nc3S(=O)(=O)C(C)C)n2)c(OC(C)C)cc1C1CCNCC1,28.0
1289,COc1ccc(Cn2cc(Nc3nc(Nc4cc(C)c(C5CCNCC5)cc4OC(C)C)ncc3Cl)c(S(=O)(=O)C(C)C)n2)cc1,157.0
1290,Cc1cc(Nc2ncc(Cl)c(Nc3cn(C4CC4)nc3S(=O)(=O)C(C)C)n2)c(OC(C)C)cc1C1CCNCC1,12.0
1291,CCn1cc(Nc2nc(Nc3cc(C)c(C4CCNCC4)cc3OC(C)C)ncc2Cl)c(S(=O)(=O)C(C)C)n1,28.0
1292,Cc1cc(Nc2ncc(Cl)c(Nc3cn(C)nc3S(=O)(=O)C(C)C)n2)c(OC(C)C)cc1C1CCNCC1,16.0
1293,Cc1cc(Nc2ncc(Cl)c(Nc3cn(C)nc3S(=O)(=O)C(C)C)n2)c(OC2CC2)cc1[C@H]1CC[C@H](NS(C)(=O)=O)CC1,16.0
1294,CC(=O)N1CCN([C@H]2CC[C@H](c3cc(OC4CC4)c(Nc4ncc(Cl)c(Nc5cn(C)nc5S(=O)(=O)C(C)C)n4)cc3C)CC2)CC1,7.0
1295,CCN(CC)[C@H]1CC[C@H](c2cc(OC3CC3)c(Nc3ncc(Cl)c(Nc4cn(C)nc4S(=O)(=O)C(C)C)n3)cc2C)CC1,9.0
1296,CCN(CC)[C@H]1CC[C@@H](c2cc(OC3CC3)c(Nc3ncc(Cl)c(Nc4cn(C)nc4S(=O)(=O)C(C)C)n3)cc2C)CC1,8.0
1297,Cc1cc(Nc2ncc(Cl)c(Nc3cn(C)nc3S(=O)(=O)C(C)C)n2)c(OC2CC2)cc1[C@H]1CC[C@H](NC2CC2)CC1,9.0
1298,Cc1cc(Nc2ncc(Cl)c(Nc3cn(C)nc3S(=O)(=O)C(C)C)n2)c(OC2CC2)cc1[C@H]1CC[C@@H](NC2CC2)CC1,8.0
1299,Cc1cc(Nc2ncc(Cl)c(Nc3cn(C)nc3S(=O)(=O)C(C)C)n2)c(OC2CC2)cc1[C@H]1CC[C@H](NC(C)C)CC1,5.0
1300,Cc1cc(Nc2ncc(Cl)c(Nc3cn(C)nc3S(=O)(=O)C(C)C)n2)c(OC2CC2)cc1[C@H]1CC[C@@H](NC(C)C)CC1,5.0
1301,Cc1cc(Nc2ncc(Cl)c(Nc3cn(C)nc3S(=O)(=O)C(C)C)n2)c(OC2CC2)cc1C1CCS(=O)(=O)CC1,3.0
1302,Cc1cc(Nc2ncc(Cl)c(Nc3cn(C)nc3S(=O)(=O)C(C)C)n2)c(OC2CC2)cc1C1CCOCC1,9.0
1303,Cc1cc(Nc2ncnc(Nc3cn(C)nc3S(=O)(=O)C(C)C)n2)c(OC2CC2)cc1C1CCN(C)CC1,36.0
1304,Cc1cc(Nc2ncc(C#N)c(Nc3cn(C)nc3S(=O)(=O)C(C)C)n2)c(OC2CC2)cc1C1CCN(C)CC1,2.0
1305,Cc1cc(Nc2ncc(C)c(Nc3cn(C)nc3S(=O)(=O)C(C)C)n2)c(OC2CC2)cc1C1CCN(C)CC1,1.0
1306,Cc1cc(Nc2ncc(F)c(Nc3cn(C)nc3S(=O)(=O)C(C)C)n2)c(OC2CC2)cc1C1CCN(C)CC1,2.0
1307,Cc1cc(Nc2ncc(Cl)c(Nc3cn(C)nc3S(=O)(=O)C(C)C)n2)c(OC2CC2)cc1C1CCN(C)CC1,1.0
1308,Cc1nc(S(=O)(=O)C(C)C)c(Nc2nc(Nc3cc(C)c(C4CCN(C)CC4)cc3OC3CC3)ncc2Cl)s1,6.0
1309,Cc1nc(Nc2nc(Nc3cc(C)c(C4CCN(C)CC4)cc3OC3CC3)ncc2Cl)c(S(=O)(=O)C(C)C)s1,3.0
1310,Cc1cc(Nc2ncc(Cl)c(Nc3cn(C)nc3C#N)n2)c(OC2CC2)cc1C1CCN(C)CC1,3.0
1311,Cc1cc(Nc2ncc(Cl)c(Nc3cn(C)nc3S(=O)(=O)C(C)C(C)C)n2)c(OC(C)C)cc1C1CCNCC1,3905.0
1312,Cc1cc(Nc2ncc(Cl)c(Nc3cn(C)nc3S(=O)(=O)C3CC3)n2)c(OC(C)C)cc1C1CCNCC1,10000.0
1313,Cc1cc(Nc2ncc(Cl)c(Nc3cn(C)nc3S(=O)(=O)N(C)C)n2)c(OC(C)C)cc1C1CCNCC1,10000.0
1314,CNC(=O)c1nn(C)cc1Nc1nc(Nc2cc(C)c(C3CCN(C)CC3)cc2OC2CC2)ncc1Cl,24.0
1315,Cc1cc(Nc2ncc(Cl)c(Nc3cn(C)nc3C#N)n2)c(OC2CC2)cc1C1CCN(C)CC1,11.0
1316,Cc1nc(Nc2nc(Nc3cc(C)c(C4CCN(C)CC4)cc3OC3CC3)ncc2Cl)c(S(=O)(=O)C(C)C)s1,19.0
1317,Cc1nc(S(=O)(=O)C(C)C)c(Nc2nc(Nc3cc(C)c(C4CCN(C)CC4)cc3OC3CC3)ncc2Cl)s1,22.0
1318,CNC(=O)c1nn(C)cc1Nc1nc(Nc2cc(C)c(C3CCN(C)CC3)cc2OC2CC2)ncc1Cl,12.0
1319,Cc1cc(Nc2ncc(Cl)c(Nc3cn(C)nc3S(=O)(=O)N(C)C)n2)c(OC(C)C)cc1C1CCNCC1,6683.0
1320,Cc1cc(Nc2ncc(Cl)c(Nc3cn(C)nc3S(=O)(=O)C3CC3)n2)c(OC(C)C)cc1C1CCNCC1,400.0
1321,Cc1cc(Nc2ncc(Cl)c(Nc3cn(C)nc3S(=O)(=O)C(C)C(C)C)n2)c(OC(C)C)cc1C1CCNCC1,753.0
1322,CCC(C)S(=O)(=O)c1nn(C)cc1Nc1nc(Nc2cc(C)c(C3CCNCC3)cc2OC(C)C)ncc1Cl,8.0
1323,Cc1cc(Nc2ncc(Cl)c(Nc3cn(C)nc3S(=O)(=O)CC(C)C)n2)c(OC(C)C)cc1C1CCNCC1,3.0
1324,Cc1cc(Nc2ncc(Cl)c(Nc3cn(C)nc3S(C)(=O)=O)n2)c(OC(C)C)cc1C1CCNCC1,56.0
1325,Cc1cc(Nc2ncc(Cl)c(Nc3c[nH]nc3S(=O)(=O)C(C)C)n2)c(OC(C)C)cc1C1CCNCC1,22.0
1326,COc1ccc(Cn2cc(Nc3nc(Nc4cc(C)c(C5CCNCC5)cc4OC(C)C)ncc3Cl)c(S(=O)(=O)C(C)C)n2)cc1,129.0
1327,Cc1cc(Nc2ncc(Cl)c(Nc3cn(C4CC4)nc3S(=O)(=O)C(C)C)n2)c(OC(C)C)cc1C1CCNCC1,6.0
1328,CCn1cc(Nc2nc(Nc3cc(C)c(C4CCNCC4)cc3OC(C)C)ncc2Cl)c(S(=O)(=O)C(C)C)n1,20.0
1329,Cc1cc(Nc2ncc(Cl)c(Nc3cn(C)nc3S(=O)(=O)C(C)C)n2)c(OC(C)C)cc1C1CCNCC1,6.0
1330,Nc1ncnc2c1c(-c1cccc(OCc3ccccc3)c1)cn2[C@H]1C[C@@H](CN2CCC2)C1,5500.0
1331,Nc1ncnc2c1c(-c1cccc(OC[C@@H]3CCCO3)c1)cn2[C@H]1C[C@@H](CN2CCC2)C1,10000.0
1332,Nc1ncnc2c1c(-c1cccc(O)c1)cn2[C@H]1C[C@@H](CN2CCC2)C1,760.0
1333,Nc1ncnc2c1c(-c1cccc(OCC34CCC(CC3)O4)c1)cn2[C@H]1C[C@@H](CN2CCC2)C1,10000.0
1334,CC(=O)N1CCN([C@H]2C[C@@H](n3cc(-c4cccc(OC[C@@H]5CCCO5)c4F)c4c(N)ncnc43)C2)CC1,10000.0
1335,CC(=O)N1CCN([C@H]2C[C@@H](n3cc(-c4cc(OC[C@@H]5CCCO5)ccc4F)c4c(N)ncnc43)C2)CC1,10000.0
1336,CC(C)(C)C(=O)Nc1ccc2c(c1)/C(=C1/Nc3ccccc3/C1=N\O)C(=O)N2,10000.0
1337,CCCCC(=O)Nc1ccc2c(c1)/C(=C1/Nc3ccccc3/C1=N\O)C(=O)N2,10000.0
1338,CCCC(=O)Nc1ccc2c(c1)/C(=C1/Nc3ccccc3/C1=N\O)C(=O)N2,10000.0
1339,CC(NC(=O)c1ccc2[nH]nc(-c3ccncc3)c2c1)c1cccc(Cl)c1,1000.0
1340,Cc1cc(-c2n[nH]c3ccc(C(=O)NC(C)c4c(Cl)cncc4Cl)cc23)ccn1,1000.0
1341,COCCNc1cc(N2CCN(C)CC2)ccc1C(=O)Nc1n[nH]c2ccc(Cc3cc(F)cc(F)c3)cc12,210.0
1342,COC[C@@H](C)Nc1cc(N2CCN(C)CC2)ccc1C(=O)Nc1n[nH]c2ccc(Cc3cc(F)cc(F)c3)cc12,72.0
1343,COCCCNc1cc(N2CCN(C)CC2)ccc1C(=O)Nc1n[nH]c2ccc(Cc3cc(F)cc(F)c3)cc12,135.0
1344,COCC(COC)Nc1cc(N2CCN(C)CC2)ccc1C(=O)Nc1n[nH]c2ccc(Cc3cc(F)cc(F)c3)cc12,99.0
1345,CN1CCN(c2ccc(C(=O)Nc3n[nH]c4ccc(Cc5cc(F)cc(F)c5)cc34)c(NCCF)c2)CC1,14.0
1346,CN1CCN(c2ccc(C(=O)Nc3n[nH]c4ccc(Cc5cc(F)cc(F)c5)cc34)c(NCCO)c2)CC1,26.0
1347,CN1CCN(c2ccc(C(=O)Nc3n[nH]c4ccc(Cc5cc(F)cc(F)c5)cc34)c(NCC3CN(C)C3)c2)CC1,67.0
1348,CN1CCN(c2ccc(C(=O)Nc3n[nH]c4ccc(Cc5cc(F)cc(F)c5)cc34)c(NCc3ccccc3)c2)CC1,378.0
1349,CN1CCN(c2ccc(C(=O)Nc3n[nH]c4ccc(Cc5cc(F)cc(F)c5)cc34)c(Nc3ccccc3)c2)CC1,684.0
1350,CN1CCN(c2ccc(C(=O)Nc3n[nH]c4ccc(Cc5cc(F)cc(F)c5)cc34)c(NC3CCCCC3)c2)CC1,560.0
1351,CN1CCN(c2ccc(C(=O)Nc3n[nH]c4ccc(Cc5cc(F)cc(F)c5)cc34)c(N[C@H]3CC[C@H](O)CC3)c2)CC1,10.0
1352,CN1CCN(c2ccc(C(=O)Nc3n[nH]c4ccc(Cc5cc(F)cc(F)c5)cc34)c(N[C@H]3CC[C@@H](O)CC3)c2)CC1,98.0
1353,CN1CCC(Nc2cc(N3CCN(C)CC3)ccc2C(=O)Nc2n[nH]c3ccc(Cc4cc(F)cc(F)c4)cc23)CC1,15.0
1354,CN1CCN(c2ccc(C(=O)Nc3n[nH]c4ccc(Cc5cc(F)cc(F)c5)cc34)c(NC3CCOCC3)c2)CC1,12.0
1355,C[C@H](c1cc(F)cc(F)c1)c1ccc2[nH]nc(NC(=O)c3ccc(N4CCN(C)CC4)cc3NC3CCOCC3)c2c1,59.0
1356,C[C@@H](c1cc(F)cc(F)c1)c1ccc2[nH]nc(NC(=O)c3ccc(N4CCN(C)CC4)cc3NC3CCOCC3)c2c1,19.0
1357,CN1CCN(c2ccc(C(=O)Nc3n[nH]c4ccc(Cc5ccccc5)cc34)c(NC3CCOCC3)c2)CC1,106.0
1358,CN1CCN(c2ccc(C(=O)Nc3n[nH]c4ccc(Cc5cccc(F)c5)cc34)c(NC3CCOCC3)c2)CC1,30.0
1359,CN1CCN(c2ccc(C(=O)Nc3n[nH]c4ccc(Cc5cc(F)ccc5F)cc34)c(NC3CCOCC3)c2)CC1,38.0
1360,Cc1ccc(F)cc1Cc1ccc2[nH]nc(NC(=O)c3ccc(N4CCN(C)CC4)cc3NC3CCOCC3)c2c1,181.0
1361,CN(C)CCN(C)C(=O)c1ccc(C(=O)Nc2n[nH]c3ccc(Cc4cc(F)cc(F)c4)cc23)c(NC2CCOCC2)c1,15.0
1362,O=C(Nc1n[nH]c2ccc(Cc3cc(F)cc(F)c3)cc12)c1ccc(N2CCNCC2)cc1NC1CCOCC1,3.0
1363,O=C(Nc1n[nH]c2ccc(Cc3cc(F)cc(F)c3)cc12)c1ccc(CN2CCCCC2)cc1NC1CCOCC1,18.0
1364,CN1CCC(Oc2ccc(C(=O)Nc3n[nH]c4ccc(Cc5cc(F)cc(F)c5)cc34)c(NC3CCOCC3)c2)CC1,9.0
1365,CN1CCN(c2ccc(C(=O)Nc3n[nH]c4ccc(Cc5cc(F)cc(F)c5)cc34)c(N)c2)CC1,67.0
1366,CN1CCN(c2ccc(C(=O)Nc3n[nH]c4ccc(Cc5cc(F)cc(F)c5)cc34)cc2)CC1,73.0
1367,CN[C@@H]1C[C@H]2O[C@@](C)([C@@H]1OC)n1c3ccccc3c3c4c(c5c6ccccc6n2c5c31)C(=O)NC4,7.1
1368,CN1CCN(c2ccc(C(=O)Nc3cc(-c4ccc(NC(=O)Nc5cc(C(C)(C)C)on5)cc4)n[nH]3)cc2)CC1,10000.0
1369,Cc1cc(-c2cc(NC(=O)c3ccc(OCCN4CCOCC4)cc3)[nH]n2)ccc1NC(=O)Nc1cc(C(C)(C)C)on1,10000.0
1370,CC(C)(C)c1cc(NC(=O)Nc2ccc(-c3cc(NC(=O)c4ccc(OCCCN5CCCC5)cc4)[nH]n3)cc2)no1,1200.0
1371,CC(C)(C)c1cc(NC(=O)Nc2ccc(-c3cc(NC(=O)c4ccc(OCCN5CCCC5)cc4)[nH]n3)cc2)no1,559.0
1372,CC(C)c1cc(NC(=O)Nc2ccc(-c3cc(NC(=O)c4ccc(CN5CCN(C)CC5)cc4)[nH]n3)cc2)no1,855.0
1373,CN1CCN(Cc2ccc(C(=O)Nc3cc(-c4ccc(NC(=O)Nc5cc(C(C)(C)C)on5)cc4)n[nH]3)cc2)CC1,860.0
1374,Cc1cc(NC(=O)Nc2ccc(-c3cc(NC(=O)c4ccc(CN5CCN(C)CC5)cc4)[nH]n3)cc2C)no1,5642.0
1375,CCc1cc(NC(=O)Nc2ccc(-c3cc(NC(=O)c4ccc(CN5CCN(C)CC5)cc4)[nH]n3)cc2C)no1,805.0
1376,Cc1cc(-c2cc(NC(=O)c3ccc(CN4CCN(C)CC4)cc3)[nH]n2)ccc1NC(=O)Nc1cc(C(C)C)on1,402.0
1377,CN1CCN(Cc2ccc(C(=O)Nc3cc(-c4ccc(CNC(=O)Nc5cc(C(C)(C)C)on5)cc4)n[nH]3)cc2)CC1,4500.0
1378,Cc1cc(-c2cc(NC(=O)c3ccc(CN4CCN(C)CC4)cc3)[nH]n2)ccc1NC(=O)Nc1cccc(F)c1,6203.0
1379,Cc1cc(-c2cc(NC(=O)c3ccc(CN4CCN(C)CC4)cc3)[nH]n2)ccc1NC(=O)Nc1cc(C(C)(C)C)on1,177.0
1380,Cc1cc(-c2cc(NC(=O)c3ccc(CN4CCN(C)CC4)cc3)[nH]n2)ccc1N,10000.0
1381,CN1C(=O)COc2c1cnc1ccc(Sc3nnc4c(F)cc(-c5cnn(C)c5)cn34)cc21,30000.0
1382,CN[C@@H]1C[C@H]2O[C@@](C)([C@@H]1OC)n1c3ccccc3c3c4c(c5c6ccccc6n2c5c31)C(=O)NC4,6.7
1383,COc1cc(N2CCC(N3CCN(C)CC3)CC2)ccc1Nc1ncc(Cl)c(Nc2ccccc2S(=O)(=O)C(C)C)n1,0.15
1384,COc1cc(N2CCC(N3CCN(C)CC3)CC2)ccc1Nc1ncc(Cl)c(Nc2ccccc2S(C)(=O)=O)n1,0.59
1385,COc1cc(N2CCC(N3CCN(C)CC3)CC2)ccc1Nc1ncc(Cl)c(Nc2ccccc2C(C)O)n1,0.99
1386,COc1cc(N2CCC(N3CCN(C)CC3)CC2)ccc1Nc1ncc(Cl)c(Nc2ccccc2C(C)=O)n1,1.59
1387,COc1cc(N2CCC(N3CCN(C)CC3)CC2)ccc1Nc1ncc(Cl)c(Nc2ccccc2S(=O)(=O)N(C)C)n1,0.75
1388,COc1cc(N2CCC(N3CCN(C)CC3)CC2)ccc1Nc1ncc(Cl)c(Nc2ccccc2C(=O)N(C)C)n1,4.77
1389,COc1cc(N2CCC(N3CCN(C)CC3)CC2)ccc1Nc1ncc(Cl)c(Nc2ccccc2C(N)=O)n1,0.8
1390,COc1cc(N2CCC(N3CCN(C)CC3)CC2)ccc1Nc1ncc(Cl)c(Nc2ccccc2OC)n1,1.88
1391,COc1cc(N2CCC(N3CCN(C)CC3)CC2)ccc1Nc1ncc(Cl)c(Nc2ccccc2C#N)n1,1.86
1392,COc1cc(N2CCC(N3CCN(C)CC3)CC2)ccc1Nc1ncc(Cl)c(Nc2ccccc2I)n1,1.36
1393,COc1cc(N2CCC(N3CCN(C)CC3)CC2)ccc1Nc1ncc(Cl)c(Nc2ccccc2)n1,9.9
1394,CC(C)Oc1cc(N2CCC(N3CCN(C)CC3)CC2)ccc1Nc1ncc(Cl)c(Nc2ccccc2P(C)(C)=O)n1,0.68
1395,CCOc1cc(N2CCC(N3CCN(C)CC3)CC2)ccc1Nc1ncc(Cl)c(Nc2ccccc2P(C)(C)=O)n1,0.75
1396,COc1cc(N2CCC(N3CCN(C)CC3)CC2)c(C)cc1Nc1ncc(Cl)c(Nc2ccccc2P(C)(C)=O)n1,0.86
1397,COc1cc(N2CCC(N3CCN(C)CC3)CC2)c(F)cc1Nc1ncc(Cl)c(Nc2ccccc2P(C)(C)=O)n1,1.03
1398,CCP(=O)(CC)c1ccccc1Nc1nc(Nc2ccc(N3CCC(N4CCN(C)CC4)CC3)cc2OC)ncc1Cl,0.12
1399,COc1cc(N2CCC(N3CCN(C)CC3)CC2)ccc1Nc1ncc(C(C)=O)c(Nc2ccccc2P(C)(C)=O)n1,291.0
1400,COc1cc(N2CCC(N3CCN(C)CC3)CC2)ccc1Nc1ncc(C)c(Nc2ccccc2P(C)(C)=O)n1,0.42
1401,COc1cc(N2CCC(N3CCN(C)CC3)CC2)ccc1Nc1ncc(F)c(Nc2ccccc2P(C)(C)=O)n1,0.39
1402,COc1cc(N2CCC(N3CCN(C)CC3)CC2)ccc1Nc1ncc(OC)c(Nc2ccccc2P(C)(C)=O)n1,1.19
1403,COc1cc(N2CCC(N3CCN(C)CC3)CC2)ccc1Nc1ncc(C2CC2)c(Nc2ccccc2P(C)(C)=O)n1,3.23
1404,COc1cc(C2CCN(C)CC2)ccc1Nc1ncc(Cl)c(Nc2ccccc2P(C)(C)=O)n1,0.38
1405,COc1cc(-c2cnn(C3CCNCC3)c2)ccc1Nc1ncc(Cl)c(Nc2ccccc2P(C)(C)=O)n1,0.76
1406,COc1cc(N2CCC(N3CCCCC3)C2)ccc1Nc1ncc(Cl)c(Nc2ccccc2P(C)(C)=O)n1,0.88
1407,COc1cc(N2CCC(N3CCCN(C)CC3)CC2)ccc1Nc1ncc(Cl)c(Nc2ccccc2P(C)(C)=O)n1,0.49
1408,COc1cc(N2CCC(N3CCN(C)CC3)CC2)ccc1Nc1ncc(Cl)c(Nc2ccccc2P(C)(C)=O)n1,0.37
1409,COc1cc(N2CCC(N3CCOCC3)CC2)ccc1Nc1ncc(Cl)c(Nc2ccccc2P(C)(C)=O)n1,0.49
1410,COc1cc(N2CCN(C3CCN(C)CC3)CC2)ccc1Nc1ncc(Cl)c(Nc2ccccc2P(C)(C)=O)n1,0.28
1411,COc1cc(N2CCC(N3CCCC3)CC2)ccc1Nc1ncc(Cl)c(Nc2ccccc2P(C)(C)=O)n1,0.53
1412,COc1cc(N2CCC(CN3CCC3)CC2)ccc1Nc1ncc(Cl)c(Nc2ccccc2P(C)(C)=O)n1,0.88
1413,COc1cc(N2CCC(N(C)C)CC2)ccc1Nc1ncc(Cl)c(Nc2ccccc2P(C)(C)=O)n1,0.07
1414,COc1cc(N2CC[C@@H](N(C)C)C2)ccc1Nc1ncc(Cl)c(Nc2ccccc2P(C)(C)=O)n1,0.33
1415,COc1cc(N2CCCN(C)CC2)ccc1Nc1ncc(Cl)c(Nc2ccccc2P(C)(C)=O)n1,0.72
1416,COc1cc(N2CCN(CCO)CC2)ccc1Nc1ncc(Cl)c(Nc2ccccc2P(C)(C)=O)n1,0.18
1417,CNC(=O)CN1CCN(c2ccc(Nc3ncc(Cl)c(Nc4ccccc4P(C)(C)=O)n3)c(OC)c2)CC1,3.1
1418,COc1cc(N2CCC(O)CC2)ccc1Nc1ncc(Cl)c(Nc2ccccc2P(C)(C)=O)n1,0.36
1419,COc1cc(N2CCN(C(C)=O)CC2)ccc1Nc1ncc(Cl)c(Nc2ccccc2P(C)(C)=O)n1,0.59
1420,COc1cc(N2CCN(C)CC2)ccc1Nc1ncc(Cl)c(Nc2ccccc2P(C)(C)=O)n1,0.18
1421,COc1cc(N2CCOCC2)ccc1Nc1ncc(Cl)c(Nc2ccccc2P(C)(C)=O)n1,0.24
1422,COc1cc(OC2CCN(C)CC2)ccc1Nc1ncc(Cl)c(Nc2ccccc2P(C)(C)=O)n1,0.54
1423,COc1cc(OC2CCN(C)C2)ccc1Nc1ncc(Cl)c(Nc2ccccc2P(C)(C)=O)n1,0.33
1424,COc1cc(OCCCN2CCCC2)ccc1Nc1ncc(Cl)c(Nc2ccccc2P(C)(C)=O)n1,0.22
1425,COc1ccccc1Nc1ncc(Cl)c(Nc2ccccc2S(=O)(=O)C(C)C)n1,2.1
1426,COc1cc(P(C)(C)=O)ccc1Nc1ncc(Cl)c(Nc2ccccc2P(C)(C)=O)n1,1.06
1427,COc1cc(P(C)(C)=O)ccc1Nc1ncc(Cl)c(Nc2ccccc2S(C)(=O)=O)n1,0.33
1428,COc1cc(P(C)(C)=O)ccc1Nc1ncc(Cl)c(Nc2ccccc2C(N)=O)n1,0.68
1429,COc1cc(P(C)(C)=O)ccc1Nc1ncc(Cl)c(Nc2ccccc2C(C)=O)n1,0.79
1430,COc1cc(P(C)(C)=O)ccc1Nc1ncc(Cl)c(Nc2ccccc2OC)n1,0.96
1431,COc1cc(P(C)(C)=O)ccc1Nc1ncc(Cl)c(Nc2ccccc2S(=O)(=O)C(C)C)n1,0.31
1432,C[C@@H](Oc1cc(-c2cnn(C3CCNCC3)c2)cnc1N)c1c(Cl)ccc(F)c1Cl,0.64
1433,CCc1cc2c(cc1C1=CCN(C(=O)C3CCOCC3)CC1)C(C)(C)c1[nH]c3cc(C#N)ccc3c1C2=O,126.0
1434,CCc1cc2c(cc1C1=CCN(CC3CCOCC3)CC1)C(C)(C)c1[nH]c3cc(C#N)ccc3c1C2=O,49.0
1435,CC1(C)c2cc(C3CCN(CC4CCOCC4)CC3)ccc2C(=O)c2c1[nH]c1cc(C#N)ccc21,3.4
1436,CC1(C)c2cc(C3CCN(CC4CCOCC4)CC3)ccc2C(=O)c2c1[nH]c1cc(C#N)ccc21,17.9
1437,CC1(C)c2cc(C3CCN(CC4CCOCC4)CC3)ccc2C(=O)c2c1[nH]c1cc(C#N)ccc21,3.9
1438,CC1(C)c2cc(C3CCN(CC4CCOCC4)CC3)ccc2C(=O)c2c1[nH]c1cc(C#N)ccc21,3.7
1439,CC1(C)c2cc(C3CCN(CC4CCOCC4)CC3)ccc2C(=O)c2c1[nH]c1cc(C#N)ccc21,8.5
1440,CC1(C)c2cc(C3CCN(CC4CCOCC4)CC3)ccc2C(=O)c2c1[nH]c1cc(C#N)ccc21,8.1
1441,CC1(C)c2cc(C3CCN(CC4CCOCC4)CC3)ccc2C(=O)c2c1[nH]c1cc(C#N)ccc21,7.6
1442,CC1(C)c2cc(C3CCN(CC4CCOCC4)CC3)ccc2C(=O)c2c1[nH]c1cc(C#N)ccc21,38.1
1443,C[C@@H](Oc1cc(-c2cnn(C3CCNCC3)c2)cnc1N)c1c(Cl)ccc(F)c1Cl,261.0
1444,CCc1cc2c(cc1N1CCC(N3CCOCC3)CC1)C(C)(C)c1[nH]c3cc(C#N)ccc3c1C2=O,19.0
1445,COc1c(Nc2ncc(Cl)c(N[C@H]3[C@@H](C(N)=O)[C@@H]4C=C[C@H]3C4)n2)ccc2c1CC[C@@H](N1CCOCC1)CC2,1.9
1446,COc1c(Nc2ncc(Cl)c(N[C@H]3[C@@H](C(N)=O)[C@@H]4C=C[C@H]3C4)n2)ccc2c1CC(N1CCOCC1)CCC2,39.0
1447,COc1c(Nc2ncc(Cl)c(N[C@H]3[C@@H](C(N)=O)[C@@H]4C=C[C@H]3C4)n2)ccc2c1CCC[C@H](N1CCOCC1)C2,7.0
1448,COc1c(Nc2ncc(Cl)c(N[C@H]3[C@@H](C(N)=O)[C@@H]4C=C[C@H]3C4)n2)ccc2c1CCC[C@@H](N1CCOCC1)C2,1.5
1449,COc1c(Nc2ncc(Cl)c(N[C@H]3[C@@H](C(N)=O)[C@@H]4C=C[C@H]3C4)n2)ccc2c1CCC[C@H](N1CCN(C)CC1)C2,9.0
1450,COc1c(Nc2ncc(Cl)c(N[C@H]3[C@@H](C(N)=O)[C@@H]4C=C[C@H]3C4)n2)ccc2c1CCC[C@@H](N1CCN(C)CC1)C2,9.0
1451,COCCNC1CCCc2c(ccc(Nc3ncc(Cl)c(N[C@H]4[C@@H](C(N)=O)[C@@H]5C=C[C@H]4C5)n3)c2OC)C1,7.0
1452,COc1c(Nc2ncc(Cl)c(N[C@H]3[C@@H](C(N)=O)[C@@H]4C=C[C@H]3C4)n2)ccc2c1CCC[C@H](N1CCN(CCO)CC1)C2,5.8
1453,COc1c(Nc2ncc(Cl)c(N[C@H]3[C@@H](C(N)=O)[C@@H]4C=C[C@H]3C4)n2)ccc2c1CCC[C@@H](N1CCN(CCO)CC1)C2,6.3
1454,COc1c(Nc2ncc(Cl)c(Nc3ccccc3N(C)S(C)(=O)=O)n2)ccc2c1CCCC(N1CCN(C)CC1)C2,2.3
1455,COc1c(Nc2ncc(Cl)c(Nc3ccccc3N(C)S(C)(=O)=O)n2)ccc2c1CCCC(N1CCN(CCO)CC1)C2,2.0
1456,COc1c(Nc2ncc(Cl)c(Nc3ccccc3NS(C)(=O)=O)n2)ccc2c1CCCC(N1CCN(CCO)CC1)C2,18.0
1457,COc1c(Nc2ncc(Cl)c(Nc3ccccc3N3CCCS3(=O)=O)n2)ccc2c1CCCC(N1CCN(CCO)CC1)C2,6.1
1458,COc1c(Nc2ncc(Cl)c(Nc3ccccc3S(=O)(=O)N(C)C)n2)ccc2c1CCCC(N1CCN(CCO)CC1)C2,4.0
1459,CNC(=O)c1ccccc1Nc1nc(Nc2ccc3c(c2OC)CCCC(N2CCN(CCO)CC2)C3)ncc1Cl,3.4
1460,COc1c(Nc2ncc(Cl)c(Nc3ccccc3-n3cccn3)n2)ccc2c1CCCC(N1CCN(CCO)CC1)C2,2.3
1461,COc1c(Nc2ncc(Cl)c(Nc3ccccc3-c3nccn3C)n2)ccc2c1CCCC(N1CCN(CCO)CC1)C2,5.0
1462,COc1ccccc1Nc1nc(Nc2ccc3c(c2OC)CCCC(N2CCN(CCO)CC2)C3)ncc1Cl,44.0
1463,CNC(=O)c1ccccc1Nc1nc(Nc2ccc3c(c2OC)CCC[C@@H](N2CCN(CCO)CC2)C3)ncc1Cl,5.7
1464,CNC(=O)c1ccccc1Nc1nc(Nc2ccc3c(c2OC)CCC[C@H](N2CCN(CCO)CC2)C3)ncc1Cl,3.1
1465,COc1c(Nc2ncc(Cl)c(N[C@H]3[C@@H](C(N)=O)[C@@H]4C=C[C@H]3C4)n2)ccc2c1CC[C@@H](N1CCOCC1)CC2,20.0
1466,COc1c(Nc2ncc(Cl)c(N[C@H]3[C@@H](C(N)=O)[C@@H]4C=C[C@H]3C4)n2)ccc2c1CCC[C@H](N1CCN(C)CC1)C2,200.0
1467,COc1c(Nc2ncc(Cl)c(N[C@H]3[C@@H](C(N)=O)[C@@H]4C=C[C@H]3C4)n2)ccc2c1CCC[C@@H](N1CCN(C)CC1)C2,200.0
1468,COc1c(Nc2ncc(Cl)c(N[C@H]3[C@@H](C(N)=O)[C@@H]4C=C[C@H]3C4)n2)ccc2c1CCC[C@H](N1CCN(CCO)CC1)C2,30.0
1469,COc1c(Nc2ncc(Cl)c(N[C@H]3[C@@H](C(N)=O)[C@@H]4C=C[C@H]3C4)n2)ccc2c1CCC[C@@H](N1CCN(CCO)CC1)C2,50.0
1470,COc1c(Nc2ncc(Cl)c(Nc3ccccc3N(C)S(C)(=O)=O)n2)ccc2c1CCCC(N1CCN(C)CC1)C2,40.0
1471,COc1c(Nc2ncc(Cl)c(Nc3ccccc3N(C)S(C)(=O)=O)n2)ccc2c1CCCC(N1CCN(CCO)CC1)C2,30.0
1472,COc1c(Nc2ncc(Cl)c(Nc3ccccc3N3CCCS3(=O)=O)n2)ccc2c1CCCC(N1CCN(CCO)CC1)C2,60.0
1473,COc1c(Nc2ncc(Cl)c(Nc3ccccc3S(=O)(=O)N(C)C)n2)ccc2c1CCCC(N1CCN(CCO)CC1)C2,40.0
1474,CNC(=O)c1ccccc1Nc1nc(Nc2ccc3c(c2OC)CCCC(N2CCN(CCO)CC2)C3)ncc1Cl,40.0
1475,COc1c(Nc2ncc(Cl)c(Nc3ccccc3-n3cccn3)n2)ccc2c1CCCC(N1CCN(CCO)CC1)C2,20.0
1476,COc1c(Nc2ncc(Cl)c(Nc3ccccc3-c3nccn3C)n2)ccc2c1CCCC(N1CCN(CCO)CC1)C2,50.0
1477,CNC(=O)c1ccccc1Nc1nc(Nc2ccc3c(c2OC)CCC[C@@H](N2CCN(CCO)CC2)C3)ncc1Cl,50.0
1478,CNC(=O)c1ccccc1Nc1nc(Nc2ccc3c(c2OC)CCC[C@H](N2CCN(CCO)CC2)C3)ncc1Cl,22.0
1479,CNC(=O)c1ccccc1Nc1nc(Nc2ccc3c(c2OC)CCC[C@H](N2CCN(CCO)CC2)C3)ncc1Cl,175.0
1480,CNC(=O)c1ccccc1Nc1nc(Nc2ccc3c(c2OC)CCC[C@H](N2CCN(CCO)CC2)C3)ncc1Cl,85.0
1481,CCc1cc2c(cc1N1CCN(CC3(O)CCOCC3)CC1)C(C)(C)c1[nH]c3cc(C#N)ccc3c1C2=O,1.5
1482,CCc1cc2c(cc1N1CCN(CC3(O)CCOCC3)CC1)C(C)(C)c1[nH]c3cc(C#N)ccc3c1C2=O,4.2
1483,CC1(C)c2cc(C3CCN(CC4(O)CCOCC4)CC3)ccc2C(=O)c2c1[nH]c1cc(C#N)ccc21,16.4
1484,CC1(C)c2cc(C3CCN(CC4(O)CCOCC4)CC3)ccc2C(=O)c2c1[nH]c1cc(C#N)ccc21,100.0
1485,CCc1cc2c(cc1N1CCN(CC3(O)CCCCC3)CC1)C(C)(C)c1[nH]c3cc(C#N)ccc3c1C2=O,7.0
1486,CCc1cc2c(cc1N1CCN(CC3(O)CCNCC3)CC1)C(C)(C)c1[nH]c3cc(C#N)ccc3c1C2=O,1.4
1487,CCc1cc2c(cc1N1CCN(CC3(O)CC(C)OC(C)C3)CC1)C(C)(C)c1[nH]c3cc(C#N)ccc3c1C2=O,2.4
1488,CCc1cc2c(cc1N1CCN(CC(O)(CCC(=O)O)CC(=O)O)CC1)C(C)(C)c1[nH]c3cc(C#N)ccc3c1C2=O,17.1
1489,CC(C)S(=O)(=O)c1ccccc1Nc1nc(N/N=C/c2ccc(F)cc2)ncc1Cl,2.3
1490,CC(C)S(=O)(=O)c1ccccc1Nc1nc(N/N=C/c2ccc(C(F)(F)F)cc2)ncc1Cl,3.6
1491,COc1ccc(/C=N/Nc2ncc(Cl)c(Nc3ccccc3S(=O)(=O)C(C)C)n2)cc1,4.8
1492,CC(C)S(=O)(=O)c1ccccc1Nc1nc(N/N=C/c2ccc(OC(F)(F)F)cc2)ncc1Cl,5.5
1493,COc1cccc(/C=N/Nc2ncc(Cl)c(Nc3ccccc3S(=O)(=O)C(C)C)n2)c1,6.2
1494,CC(C)S(=O)(=O)c1ccccc1Nc1nc(N/N=C/c2cccc(C(F)(F)F)c2)ncc1Cl,5.5
1495,COc1ccc(/C(C)=N/Nc2ncc(Cl)c(Nc3ccccc3S(=O)(=O)C(C)C)n2)cc1,4.9
1496,C/C(=N\Nc1ncc(Cl)c(Nc2ccccc2S(=O)(=O)C(C)C)n1)c1ccc(F)cc1,2.5
1497,Cc1cc(Nc2ncc(Cl)c(Nc3ccccc3S(=O)(=O)C(C)C)n2)c(OC(C)C)cc1C1CCNCC1,2.3
1498,C[C@@H](Oc1cc(-c2cnn(C3CCNCC3)c2)cnc1N)c1c(Cl)ccc(F)c1Cl,25.0
1499,CC(C)S(=O)(=O)c1ccccc1Nc1nc(N/N=C/c2ccc(F)cc2)ncc1Cl,45.0
1500,CC(C)S(=O)(=O)c1ccccc1Nc1nc(N/N=C/c2ccc(C(F)(F)F)cc2)ncc1Cl,73.0
1501,COc1ccc(/C=N/Nc2ncc(Cl)c(Nc3ccccc3S(=O)(=O)C(C)C)n2)cc1,82.0
1502,CC(C)S(=O)(=O)c1ccccc1Nc1nc(N/N=C/c2ccc(OC(F)(F)F)cc2)ncc1Cl,79.0
1503,COc1cccc(/C=N/Nc2ncc(Cl)c(Nc3ccccc3S(=O)(=O)C(C)C)n2)c1,86.0
1504,CC(C)S(=O)(=O)c1ccccc1Nc1nc(N/N=C/c2cccc(C(F)(F)F)c2)ncc1Cl,69.0
1505,COc1ccc(/C(C)=N/Nc2ncc(Cl)c(Nc3ccccc3S(=O)(=O)C(C)C)n2)cc1,80.0
1506,C/C(=N\Nc1ncc(Cl)c(Nc2ccccc2S(=O)(=O)C(C)C)n1)c1ccc(F)cc1,67.0
1507,Cc1cc(Nc2ncc(Cl)c(Nc3ccccc3S(=O)(=O)C(C)C)n2)c(OC(C)C)cc1C1CCNCC1,64.0
1508,C[C@@H](Oc1cc(-c2cnn(C3CCNCC3)c2)cnc1N)c1c(Cl)ccc(F)c1Cl,980.0
1509,COc1cc2c(Oc3ccc(NC(=O)c4cn(-c5ccccc5OC)cn4)cc3F)ccnc2cc1OCCCN1CCN(C)CC1,3333.0
1510,Cc1cc(Nc2ncc(Cl)c(Nc3ccccc3S(=O)(=O)C(C)C)n2)c(OC(C)C)cc1C1CCN(C(=O)CN(C)C)CC1,26.0
1511,COc1cc(C2CCN(C(=O)CN(C)C)CC2)c(C)cc1Nc1ncc(Cl)c(Nc2ccccc2S(=O)(=O)C(C)C)n1,8.0
1512,Cc1cc(Nc2ncc(Cl)c(Nc3ccccc3S(=O)(=O)C(F)F)n2)c(OC(C)C)cc1C1CCN(C(=O)CN(C)C)CC1,77.0
1513,Cc1cc(Nc2ncc(Cl)c(Nc3ccccc3S(=O)(=O)C(C)C)n2)c(OC(C)C)cc1C1CCN(C[C@@H](O)C(F)(F)F)CC1,88.0
1514,Cc1cc(Nc2ncc(Cl)c(Nc3ccccc3S(=O)(=O)C(C)C)n2)c(OC(C)C)cc1C1CCN(C[C@H](O)C(F)(F)F)CC1,43.0
1515,Cc1cc(Nc2ncc(Cl)c(Nc3ccccc3S(=O)(=O)C(C)C)n2)c(OC(C)C)cc1C1CCN(C(=O)[C@@H]2CCCN2)CC1,13.0
1516,Cc1cc(Nc2ncc(Cl)c(Nc3ccccc3S(=O)(=O)C(F)F)n2)c(OC(C)C)cc1C1CCN(C(=O)[C@@H]2CCCN2)CC1,34.0
1517,CC(C)Oc1cc2c(cc1Nc1ncc(Cl)c(Nc3ccccc3S(=O)(=O)C(C)C)n1)C(=O)N(C1CCN(C(=O)CN(C)C)CC1)C2,6.0
1518,CC(C)Oc1cc2c(cc1Nc1ncc(Cl)c(Nc3ccccc3S(=O)(=O)C3CCCCC3)n1)C(=O)N(C1CCN(C(=O)CN(C)C)CC1)C2,33.0
1519,CC(C)Oc1cc2c(cc1Nc1ncc(Cl)c(Nc3ccccc3S(=O)(=O)C3CCC3)n1)C(=O)N(C1CCN(C(=O)CN(C)C)CC1)C2,2.0
1520,CC(C)Oc1cc2c(cc1Nc1ncc(Cl)c(Nc3ccccc3S(=O)(=O)C(C)C)n1)C(=O)N(C1CCN(C(=O)[C@@H]3CCCN3)CC1)C2,29.0
1521,CC(C)Oc1cc2c(cc1Nc1ncc(Cl)c(Nc3ccccc3S(=O)(=O)C(C)C)n1)C(=O)N(C1CCN(C(=O)C3CCCN3C)CC1)C2,5.0
1522,CC(C)Oc1cc2c(cc1Nc1ncc(Cl)c(Nc3ccccc3S(=O)(=O)C(C)C)n1)C(=O)N(C1CCN(C(=O)[C@@H]3CCCN3C)CC1)C2,23.0
1523,CC(C)Oc1cc2c(cc1Nc1ncc(Cl)c(Nc3ccccc3S(=O)(=O)C(C)C)n1)C(=O)N(C1CCN(C(=O)C3CNC3)CC1)C2,87.0
1524,CC(C)Oc1cc2c(cc1Nc1ncc(Cl)c(Nc3ccccc3S(=O)(=O)C(C)C)n1)C(=O)N(C1CCN(C(=O)C3CN(C)C3)CC1)C2,12.0
1525,COc1cc2c(cc1Nc1ncc(Cl)c(Nc3ccccc3S(=O)(=O)C(C)C)n1)C(=O)N(C1CN(C(=O)CN(C)C)C1)C2,6.0
1526,COc1cc2c(cc1Nc1ncc(Cl)c(Nc3ccccc3S(=O)(=O)C(C)C)n1)C(=O)N(C1CN(C(=O)[C@@H]3CCCN3)C1)C2,12.0
1527,COc1cc2c(cc1Nc1ncc(Cl)c(Nc3ccccc3S(=O)(=O)C(C)C)n1)C(=O)N(C1CN(C(=O)[C@@H]3CCCN3C)C1)C2,5.0
1528,Cc1cc(Nc2nc(Nc3ccccc3S(=O)(=O)C(C)C)c3c[nH]nc3n2)c(OC(C)C)cc1C1CCN(C(=O)CN(C)C)CC1,13.0
1529,Cc1cc(Nc2nc(Nc3ccccc3S(=O)(=O)C(C)C)c3c[nH]nc3n2)c(OC(C)C)cc1C1CCN(C[C@@H](O)C(F)(F)F)CC1,29.0
1530,COc1cc(C2CCN(C[C@H](O)C(F)(F)F)CC2)c(C)cc1Nc1nc(Nc2ccccc2S(=O)(=O)C(C)C)c2c[nH]nc2n1,48.0
1531,COc1cc(C2CCN(C(=O)CN(C)C)CC2)c(C)cc1Nc1nc(Nc2ccccc2S(=O)(=O)C(C)C)c2c(C)[nH]nc2n1,5.0
1532,Cc1cc(Nc2nc(Nc3ccccc3S(=O)(=O)C(C)C)c3c(C)[nH]nc3n2)c(OC(C)C)cc1C1CCN(C(=O)CN(C)C)CC1,7.0
1533,Cc1cc(Nc2nc(Nc3ccccc3S(=O)(=O)C(C)C)c3c(C)[nH]nc3n2)c(OC(C)C)cc1C1CCN(C(=O)Cn2cccn2)CC1,22.0
1534,Cc1cc(Nc2nc(Nc3ccccc3S(=O)(=O)C(C)C)c3c(C)[nH]nc3n2)c(OC(C)C)cc1C1CCN(C(=O)Cn2ccnc2)CC1,29.0
1535,Cc1cc(Nc2nc(Nc3ccccc3S(=O)(=O)C(C)C)c3c(C)[nH]nc3n2)c(OC(C)C)cc1C1CCN(C(=O)CN2CCOCC2)CC1,41.0
1536,Cc1cc(Nc2nc(Nc3ccccc3S(=O)(=O)C(C)C)c3c(C)[nH]nc3n2)c(OC(C)C)cc1C1CCN(C(=O)C2CCNCC2)CC1,113.0
1537,Cc1cc(Nc2cc(Nc3ccccc3S(=O)(=O)C(C)C)c3c(C)n[nH]c3c2)c(OC(C)C)cc1C1CCNCC1,38.0
1538,Cc1cc(Nc2nc(Nc3ccccc3S(=O)(=O)C(C)C)c3c(C)[nH]nc3n2)c(OC(C)C)cc1C1CCN(C)CC1,20.0
1539,Cc1cc(Nc2nc(Nc3ccccc3S(=O)(=O)C(C)C)c3c(C)[nH]nc3n2)c(OC(C)C)cc1C1CCN(CC(N)=O)CC1,14.0
1540,CNC(=O)CN1CCC(c2cc(OC(C)C)c(Nc3nc(Nc4ccccc4S(=O)(=O)C(C)C)c4c(C)[nH]nc4n3)cc2C)CC1,21.0
1541,Cc1cc(Nc2nc(Nc3ccccc3S(=O)(=O)C(C)C)c3c(C)[nH]nc3n2)c(OC(C)C)cc1C1CCN(CCO)CC1,11.0
1542,COCCN1CCC(c2cc(OC(C)C)c(Nc3nc(Nc4ccccc4S(=O)(=O)C(C)C)c4c(C)[nH]nc4n3)cc2C)CC1,12.0
1543,COCCN1CCC(c2cc(OC(C)C)c(Nc3nc(Nc4ccccc4S(=O)(=O)C(C)C)c4c(-c5ccccc5)[nH]nc4n3)cc2C)CC1,579.0
1544,CCc1[nH]nc2nc(Nc3cc(C)c(C4CCN(CCOC)CC4)cc3OC(C)C)nc(Nc3ccccc3S(=O)(=O)C(C)C)c12,181.0
1545,Cc1cc(Nc2nc(Nc3ccccc3S(=O)(=O)C(C)C)c3c(C)[nH]nc3n2)c(OC(C)C)cc1C1CCN(CCS(C)(=O)=O)CC1,23.0
1546,COc1cc(C2CCN(C)CC2)c(C)cc1Nc1nc(Nc2ccccc2S(=O)(=O)C(C)C)c2c(C)[nH]nc2n1,2.0
1547,COc1cc(C2CCNCC2)c(C)cc1Nc1nc(Nc2ccccc2S(=O)(=O)C(C)C)c2c(C)[nH]nc2n1,12.0
1548,Cc1cc(Nc2nc(Nc3ccccc3S(=O)(=O)C(C)C)c3c(C)[nH]nc3n2)c(OC(C)C)cc1C1CCN(CCC(N)=O)CC1,18.0
1549,Cc1cc(Nc2nc(Nc3ccccc3S(=O)(=O)C(C)C)c3c(C)[nH]nc3n2)c(OC(C)C)cc1C1CCN(CCC(=O)N2CCC2)CC1,21.0
1550,Cc1cc(Nc2nc(Nc3ccccc3S(=O)(=O)C(C)C)c3c(C)[nH]nc3n2)c(OC(C)C)cc1C1CCN(CCC(=O)N(C)C)CC1,15.0
1551,CNC(=O)CCN1CCC(c2cc(OC(C)C)c(Nc3nc(Nc4ccccc4S(=O)(=O)C(C)C)c4c(C)[nH]nc4n3)cc2C)CC1,25.0
1552,Cc1cc(Nc2nc(Nc3ccccc3S(=O)(=O)C(C)C)c3c(C)[nH]nc3n2)c(OC(C)C)cc1C1CCN(C[C@@H](O)C(F)(F)F)CC1,105.0
1553,Cc1cc(Nc2nc(Nc3ccccc3S(=O)(=O)C(C)C)c3c(C)[nH]nc3n2)c(OC(C)C)cc1C1CCN(C[C@H](O)C(F)(F)F)CC1,87.0
1554,Cc1[nH]nc2nc(Nc3ccc(C4CCNCC4)cc3)nc(Nc3ccccc3S(=O)(=O)C(C)C)c12,17.0
1555,COc1cc(C2CCN(CCS(C)(=O)=O)CC2)c(C)cc1Nc1nc(Nc2ccccc2S(=O)(=O)C(C)C)c2c(C)[nH]nc2n1,43.0
1556,CCN1CCC(c2ccc(Nc3nc(Nc4ccccc4S(=O)(=O)C(C)C)c4c(C)[nH]nc4n3)cc2)C1,10.0
1557,Cc1cc(Nc2nc(Nc3ccccc3S(=O)(=O)C(C)C)c3c(C)[nH]nc3n2)c(OC(C)C)cc1C1CCN([C@H]2CCS(=O)(=O)C2)CC1,19.0
1558,Cc1cc(Nc2nc(Nc3ccccc3S(=O)(=O)C(C)C)c3c(C)[nH]nc3n2)c(OC(C)C)cc1C1CCN([C@@H]2CCS(=O)(=O)C2)CC1,18.0
1559,COc1cc(C2CCOCC2)c(C)cc1Nc1nc(Nc2ccccc2S(=O)(=O)C(C)C)c2c(C)[nH]nc2n1,6.0
1560,Cc1cc(Nc2nc(Nc3ccccc3S(=O)(=O)C(C)C)c3c(C)[nH]nc3n2)c(OC(C)C)cc1C1CCN(C(=O)CCN(C)C)CC1,18.0
1561,Cc1cc(Nc2nc(Nc3ccccc3S(=O)(=O)C(C)C)c3c(C)[nH]nc3n2)c(OC(C)C)cc1C1CCN(C(=O)CCN2CCC2)CC1,46.0
1562,CCS(=O)(=O)N1CCC(c2cc(OC(C)C)c(Nc3nc(Nc4ccccc4S(=O)(=O)C(C)C)c4c(C)[nH]nc4n3)cc2C)CC1,92.0
1563,Cc1cc(Nc2nc(Nc3ccccc3S(=O)(=O)C(C)C)c3c(C)c[nH]c3n2)c(OC(C)C)cc1C1CCNCC1,155.0
1564,Cc1cc(Nc2nc(Nc3ccccc3S(=O)(=O)C(C)C)c3c(C)c[nH]c3n2)c(OC(C)C)cc1C1CCN(CC(N)=O)CC1,7.0
1565,Cc1cc(Nc2nc(Nc3ccccc3S(=O)(=O)C(C)C)c3c(C)c[nH]c3n2)c(OC(C)C)cc1C1CCN(C)CC1,9.0
1566,Cc1cc(Nc2nc(Nc3ccccc3S(=O)(=O)C(C)C)c3c(C)c[nH]c3n2)c(OC(C)C)cc1C1CCN(CCO)CC1,6.0
1567,Cc1cc(Nc2nc(Nc3ccccc3S(=O)(=O)C(C)C)c3c(C)c[nH]c3n2)c(OC(C)C)cc1C1CCN(C[C@@H](O)C(F)(F)F)CC1,163.0
1568,Cc1cc(Nc2nc(Nc3ccccc3S(=O)(=O)C(C)C)c3c(C)c[nH]c3n2)c(OC(C)C)cc1C1CCN(C[C@H](O)C(F)(F)F)CC1,102.0
1569,Cc1cc(Nc2nc(Nc3ccccc3S(=O)(=O)C(C)C)c3[nH]nnc3n2)c(OC(C)C)cc1C1CCN(C)CC1,48.0
1570,CCN1CCC(c2cc(OC(C)C)c(Nc3nc(Nc4ccccc4S(=O)(=O)C(C)C)c4[nH]nnc4n3)cc2C)CC1,39.0
1571,COc1nc(C)ccc1-c1c(CO)sc2cnc(Nc3cc(C)c(N4CCN(C)CC4)cc3OC(C)C)nc12,14.0
1572,Clc1cnc2nc1NCc1cccc(c1)OCc1cccc(c1)N2,1000.0
1573,Clc1cnc2nc1NCc1cccc(c1)OCCc1cccc(c1)N2,1530.0
1574,O=S1(=O)Nc2cccc(c2)CNc2nc(ncc2Cl)Nc2cccc1c2,10000.0
1575,O=C1Nc2cccc(c2)CNc2nc(ncc2Cl)Nc2cccc1c2,10000.0
1576,Clc1cnc2nc1NCc1cccc(c1)OCCCc1cccc(c1)N2,706.0
1577,C[C@H]1Nc2nc(ncc2Cl)Nc2cccc(c2)COc2cccc1c2,10000.0
1578,Clc1cnc2nc1NCc1cccc(c1)OCCOc1cccc(c1)N2,2050.0
1579,Clc1cnc2nc1NCCc1cccc(c1)OCc1cccc(c1)N2,10000.0
1580,Clc1cnc2nc1NCCc1cccc(c1)OCCc1cccc(c1)N2,1230.0
1581,Clc1cnc2nc1NCCCc1cccc(c1)OCc1cccc(c1)N2,1000.0
1582,C[C@@H]1Nc2nc(ncc2Cl)Nc2cccc(c2)COc2cccc1c2,10000.0
1583,Clc1cnc2nc1NCCc1cccc(c1)OCCCc1cccc(c1)N2,10000.0
1584,Clc1cnc2nc1NCCCc1cccc(c1)OCCc1cccc(c1)N2,10000.0
1585,Clc1cnc2nc1NCc1cc(ccc1Br)OCCCc1cccc(c1)N2,8200.0
1586,Clc1cnc2nc1NCc1cc(ccc1-c1ccccc1)OCCCc1cccc(c1)N2,1000.0
1587,Clc1cnc2nc1NCc1cc(Br)cc(c1)OCCCc1cccc(c1)N2,280.0
1588,Nc1ccc2cc1CCc1cncc(c1)Nc1ncc(Cl)c(n1)NC2,1000.0
1589,O=C(Nc1ccc2cc1CCc1cncc(c1)Nc1ncc(Cl)c(n1)NC2)c1ccccc1,1000.0
1590,N#Cc1ccccc1S(=O)(=O)Nc1ccc2cc1CCc1cncc(c1)Nc1ncc(Cl)c(n1)NC2,1000.0
1591,CCN(CC)CCOc1ccc2c(c1)C(C)(C)c1c(c3ccc(C)cc3n1C)C2=O,5947.3
1592,CCN(CC)CCOc1ccc2c(c1)C(C)(C)c1c(c3ccc(NC(=O)Cc4ccccc4)cc3n1C)C2=O,21307.8
1593,Cn1c2c(c3ccc(C(=O)Nc4ccccc4)cc31)C(=O)c1ccc(OC[C@@H](O)[C@H](O)CO)cc1C2(C)C,12951.9
1594,CN(C)C(=O)c1ccc2c3c(n(C)c2c1)C(C)(C)c1cc(OC[C@@H](O)[C@H](O)CO)ccc1C3=O,12970.4
1595,CC1(C)c2cc(OCCCCCC(=O)O)ccc2C(=O)c2c1oc1ccccc21,5934.6
1596,CCN(CC)C(=O)COc1ccc2c(c1)C(C)(C)c1oc3ccccc3c1C2=O,7794.7
1597,CC1(C)c2cc(OCC(=O)NCCOCCO)ccc2C(=O)c2c1oc1ccccc21,7045.1
1598,CC1(C)c2cc(OC[C@@H](O)CO)ccc2C(=O)c2c1oc1cc(OCC(=O)Nc3ccccc3)ccc21,17464.1
1599,CCc1nc(C(N)=O)c(Nc2cccc(S(C)(=O)=O)c2)nc1N[C@H]1CC[C@H](O)CC1,17.0
1600,CCc1nc(C(N)=O)c(Nc2cccc(S(C)(=O)=O)c2)nc1N[C@H]1CC[C@](C)(O)CC1,0.99
1601,CCc1nc(C(N)=O)c(Nc2ccc(N3CCC(N4CCN(C)CC4)CC3)cc2OC)nc1N[C@H]1CC[C@H](O)CC1,8.9
1602,CCc1nc(C(N)=O)c(Nc2ccc(N3CCN(C)CC3)cc2)nc1N[C@H]1CC[C@H](O)CC1,5.3
1603,CCc1nc(C(N)=O)c(Nc2ccc3cnn(C)c3c2)nc1N[C@H]1CC[C@H](O)CC1,76.0
1604,CCc1nc(C(N)=O)c(Nc2ccc(N3CCC(N4CCN(C)CC4)CC3)c(OC)c2)nc1N[C@H]1CC[C@H](O)CC1,0.37
1605,CCc1nc(C(N)=O)c(Nc2ccc(N3CCC(N4CCN(C)CC4)CC3)cc2)nc1N[C@H]1CC[C@H](O)CC1,2.8
1606,CC(C)c1nc(C(N)=O)c(Nc2ccc(N3CCN(C)CC3)cc2)nc1N[C@H]1CC[C@H](O)CC1,2.1
1607,CCc1nc(C(N)=O)c(Nc2cccc(N3CCN(C)CC3)c2)nc1N[C@H]1CC[C@H](O)CC1,1.7
1608,CCc1nc(C(N)=O)c(Nc2ccc(N3CCN(C)CC3)c(C(F)(F)F)c2)nc1N[C@H]1CC[C@H](O)CC1,0.77
1609,CCc1nc(C(N)=O)c(Nc2ccc(N3CCN(C)CC3)c(OC)c2)nc1N[C@H]1CC[C@H](O)CC1,0.33
1610,CCc1nc(C(N)=O)c(Nc2ccc(N3CCOCC3)cc2)nc1N[C@H]1CC[C@H](O)CC1,17.0
1611,CCc1nc(C(N)=O)c(Nc2ccc(N3CCC(N4CCN(C)CC4)CC3)c(C(F)(F)F)c2)nc1N[C@H]1CC[C@H](O)CC1,0.65
1612,CCc1nc(C(N)=O)c(Nc2ccc(N3CCN(C)CC3)c(C)c2)nc1N[C@H]1CC[C@H](O)CC1,0.24
1613,CCc1nc(C(N)=O)c(Nc2ccc(N3CCC(N4CCN(C)CC4)CC3)c(C)c2)nc1N[C@H]1CC[C@H](O)CC1,0.26
1614,CCc1nc(C(N)=O)c(Nc2ccc(OC)c(N3CCN(C)CC3)c2)nc1N[C@H]1CC[C@H](O)CC1,0.23
1615,CCc1nc(C(N)=O)c(Nc2ccc(C3CCN(C)CC3)cc2)nc1N[C@H]1CC[C@H](O)CC1,0.26
1616,CC(C)c1nc(C(N)=O)c(Nc2ccc(N3CCC(N4CCN(C)CC4)CC3)c(C(F)(F)F)c2)nc1N[C@H]1CC[C@H](O)CC1,0.17
1617,CCc1nc(C(N)=O)c(Nc2ccc(N3CCN(C)CC3)c(C)c2)nc1N[C@H]1CC[C@@](C)(O)CC1,0.22
1618,CCc1nc(C(N)=O)c(Nc2ccc(N3CCC(N4CCN(C)CC4)CC3)c(C)c2)nc1N[C@H]1CC[C@@](C)(O)CC1,0.21
1619,CCc1nc(C(N)=O)c(Nc2ccc(N3CCN(C4CC4)CC3)c(C(F)(F)F)c2)nc1N[C@H]1CC[C@H](O)CC1,0.94
1620,CCc1nc(C(N)=O)c(Nc2ccc(N3CCC(N(C)C)C3)c(C(F)(F)F)c2)nc1N[C@H]1CC[C@H](O)CC1,0.34
1621,CCc1nc(C(N)=O)c(Nc2ccc(N3CCN(C(C)C)CC3)c(C)c2)nc1N[C@H]1CC[C@H](O)CC1,0.49
1622,CCOc1cc(Nc2nc(N[C@H]3CC[C@H](O)CC3)c(CC)nc2C(N)=O)ccc1N1CCC(N2CCN(C)CC2)CC1,0.26
1623,CCc1nc(C(N)=O)c(Nc2ccc(N3CCC(N4CCN(C)CC4)CC3)c(C)c2)nc1N[C@H]1CC[C@](C)(O)CC1,0.93
1624,CCc1nc(C(N)=O)c(Nc2ccc(N3CCC(N4CCN(C)CC4)CC3)c(C)c2)nc1NC1CCC(O)(CC)CC1,3.1
1625,CCc1nc(C(N)=O)c(Nc2ccc(N3CCC(N4CCN(C)CC4)CC3)c(C)c2)nc1NC1CCC(O)(CC)CC1,2.8
1626,CCc1nc(C(N)=O)c(Nc2ccc(N3CCC(N4CCN(C)CC4)CC3)c(C)c2)nc1NC1CCC(O)(C(C)C)CC1,2.6
1627,CCc1nc(C(N)=O)c(Nc2ccc(N3CCC(N4CCN(C)CC4)CC3)c(C)c2)nc1NC1CCC(O)(C(C)C)CC1,4.1
1628,CCc1nc(C(N)=O)c(Nc2ccc(N3CCC(N4CCN(C)CC4)CC3)c(C)c2)nc1NC1CCOCC1,1.5
1629,CCc1nc(C(N)=O)c(Nc2ccc(N3CCC(N4CCN(C)CC4)CC3)c(C)c2)nc1NC1CCNCC1,1.0
1630,Cc1cc(Nc2nc(N[C@H]3CC[C@H](O)CC3)c(Cl)nc2C(N)=O)ccc1N1CCC(N2CCN(C)CC2)CC1,2.3
1631,CCc1nc(C(N)=O)c(Nc2ccc(N3CCC(N4CCN(C)CC4)CC3)c(C)c2)nc1NC1CCN(C)CC1,1.9
1632,CCc1nc(C(N)=O)c(Nc2ccc(N3CCN(C)CC3)cc2)nc1NC1CCOCC1,11.0
1633,CCc1nc(C(N)=O)c(Nc2ccc(N3CCC(N4CCN(C)CC4)CC3)cc2)nc1NC1CCOCC1,7.8
1634,CCc1nc(C(N)=O)c(Nc2ccc(N3CCC(N4CCN(C)CC4)CC3)c(OC)c2)nc1NC1CCOCC1,1.5
1635,CC(C)c1nc(C(N)=O)c(Nc2ccc(N3CCC(N4CCN(C)CC4)CC3)cc2)nc1NC1CCOCC1,2.1
1636,CCc1nc(C(N)=O)c(Nc2ccc(N3CCN(C)CC3)c(F)c2)nc1NC1CCOCC1,11.0
1637,COc1cc(Nc2nc(NC3CCOCC3)c(C(C)C)nc2C(N)=O)ccc1N1CCN(C)CC1,1.4
1638,CC(C)c1nc(C(N)=O)c(Nc2ccc(N3CCN(C)CC3)cc2)nc1NC1CCOCC1,4.5
1639,CCc1nc(C(N)=O)c(Nc2ccc(N3CCN(C4CCN(C)CC4)CC3)c(C)c2)nc1NC1CCOCC1,2.2
1640,CN1CCN(c2ccc(C(=O)Nc3n[nH]c4ccc(Cc5cc(F)cc(F)c5)cc34)c(NC3CCOCC3)c2)CC1,55.0
1641,CN1CCN(c2ccc(C(=O)Nc3n[nH]c4ccc(Cc5cc(F)cc(F)c5)cc34)cc2)CC1,207.0
1642,COCCNc1cc(N2CCN(C)CC2)ccc1C(=O)Nc1n[nH]c2ccc(Cc3cc(F)cc(F)c3)cc12,411.0
1643,CN1CCN(c2ccc(C(=O)Nc3n[nH]c4ccc(Cc5cc(F)cc(F)c5)cc34)c(NC3CCCCC3)c2)CC1,1771.0
1644,C[C@@H](Oc1cc(-c2cnn(C3CCNCC3)c2)cnc1N)c1c(Cl)ccc(F)c1Cl,36.0
1645,C[C@@H](Oc1cc(-c2cnn(C3CCNCC3)c2)cnc1N)c1c(Cl)ccc(F)c1Cl,220.0
1646,COc1cc(N2CCN(C(C)C)CC2)ccc1Nc1ncc2sc(C(N)=O)c(-c3ccccc3)c2n1,28.0
1647,COc1cc(C2CCN(C)CC2)c(C)cc1Nc1ncc2sc(C(N)=O)c(-c3ccccc3)c2n1,14.0
1648,COc1ccccc1-c1c(C(N)=O)sc2cnc(Nc3ccc(C4CCN(C)CC4)cc3OC(C)C)nc12,7.0
1649,CC(C)Oc1cc(C2CCN(C)CC2)ccc1Nc1ncc2sc(C(N)=O)c(-c3ccccc3OC(F)(F)F)c2n1,0.5
1650,COc1ccccc1-c1c(C(N)=O)sc2cnc(Nc3cnc(C4CCN(C)CC4)cc3OC(C)C)nc12,7.0
1651,COc1ncccc1-c1c(C(N)=O)sc2cnc(Nc3cc(C)c(N4CCN(C)CC4)cc3OC(C)C)nc12,3.0
1652,Cc1occc1-c1c(C(N)=O)sc2cnc(Nc3ccc(C4CCN(C)CC4)cc3OC(C)C)nc12,13.0
1653,COc1ccccc1-c1c(C(N)=O)sc2cnc(Nc3cc(C)c(N4CCC(N(C)C)C4)cc3OC(C)C)nc12,2.0
1654,CCN1CCC(c2cc(Nc3ncc4sc(C(N)=O)c(-c5ccccc5OC(F)(F)F)c4n3)n(C(C)C)n2)CC1,0.5
1655,COc1ccccc1-c1c(C(N)=O)sc2cnc(Nc3ccc(-c4cnn(C)c4)cc3OC(C)C)nc12,43.0
1656,COc1ncccc1-c1c(C(N)=O)sc2cnc(Nc3cc(F)c(C4CCN(C)CC4)cc3OC(C)C)nc12,3.0
1657,COc1ncccc1-c1c(C(N)=O)sc2cnc(Nc3cc(C)c(-n4ccnc4C)cc3OC(C)C)nc12,17.0
1658,COc1ccccc1-c1c(C(N)=O)sc2cnc(Nc3ccc(CN4CCN(C)CC4)cc3OC(C)C)nc12,4.0
1659,COc1ccccc1-c1c(C(N)=O)sc2cnc(Nc3ccc(NC4CCOCC4)cc3OC(C)C)nc12,35.0
1660,COc1ncc(F)cc1-c1c(C(N)=O)sc2cnc(Nc3cc(C4CCOCC4)nn3C(C)C)nc12,8.0
1661,COc1ncccc1-c1c(C(N)=O)sc2cnc(Nc3cccc(N4CCN(C)CC4)c3OC(C)C)nc12,23.0
1662,COc1ccccc1-c1c(C(N)=O)sc2cnc(Nc3cc4c(cc3OC(C)C)N(C)C(=O)CCC4)nc12,310.0
1663,COc1ccc(F)cc1-c1c(CO)sc2cnc(Nc3ccc(N4CCN(C)CC4)cc3OC(C)C)nc12,27.0
1664,COc1cc(N2CCN(C)CC2)ccc1Nc1ncc2sc(C(C)(C)O)c(-c3ccccc3OC)c2n1,130.0
1665,COc1ncccc1-c1c(C(N)=O)sc2cnc(Nc3cc(C)c(N4CCN(C)CC4)cc3OC(C)C)nc12,3.0
1666,Cc1occc1-c1c(C(N)=O)sc2cnc(Nc3ccc(C4CCN(C)CC4)cc3OC(C)C)nc12,17.0
1667,COc1ccccc1-c1c(C(N)=O)sc2cnc(Nc3cc(C)c(N4CCC(N(C)C)C4)cc3OC(C)C)nc12,2.0
1668,CCN1CCC(c2cc(Nc3ncc4sc(C(N)=O)c(-c5ccccc5OC(F)(F)F)c4n3)n(C(C)C)n2)CC1,4.0
1669,COc1ccccc1-c1c(C(N)=O)sc2cnc(Nc3ccc(-c4cnn(C)c4)cc3OC(C)C)nc12,54.0
1670,COc1ncccc1-c1c(C(N)=O)sc2cnc(Nc3cc(F)c(C4CCN(C)CC4)cc3OC(C)C)nc12,1.0
1671,COc1ncccc1-c1c(C(N)=O)sc2cnc(Nc3cc(C)c(-n4ccnc4C)cc3OC(C)C)nc12,65.0
1672,COc1ccccc1-c1c(C(N)=O)sc2cnc(Nc3ccc(CN4CCN(C)CC4)cc3OC(C)C)nc12,9.0
1673,COc1ccccc1-c1c(C(N)=O)sc2cnc(Nc3ccc(NC4CCOCC4)cc3OC(C)C)nc12,57.0
1674,COc1ncc(F)cc1-c1c(C(N)=O)sc2cnc(Nc3cc(C4CCOCC4)nn3C(C)C)nc12,13.0
1675,COc1ncccc1-c1c(C(N)=O)sc2cnc(Nc3cccc(N4CCN(C)CC4)c3OC(C)C)nc12,43.0
1676,COc1ccccc1-c1c(C(N)=O)sc2cnc(Nc3cc4c(cc3OC(C)C)N(C)C(=O)CCC4)nc12,424.0
1677,COc1ccc(F)cc1-c1c(CO)sc2cnc(Nc3ccc(N4CCN(C)CC4)cc3OC(C)C)nc12,29.0
1678,CC(C)N1CCC(Cc2ccc3c(c2)C(C)(C)c2[nH]c4cc(C#N)ccc4c2C3=O)CC1,2.28
1679,CC(C)N1CCC(c2ccc3c(c2)C(C)(C)c2[nH]c4cc(C#N)ccc4c2C3=O)CC1,0.84
1680,CC1(C)c2cc(C3CCN(C4COC4)CC3)ccc2C(=O)c2c1[nH]c1cc(C#N)ccc21,1.53
1681,Cn1cc(-c2cc3c(cc2N2CCOCC2)C(C)(C)c2[nH]c4cc(C#N)ccc4c2C3=O)cn1,0.81
1682,C#Cc1cc2c(cc1N1CCN(C3CCC3)CC1)C(C)(C)c1[nH]c3cc(C#N)ccc3c1C2=O,0.32
1683,CC1(C)c2cc(N3CCN(C4CCC4)CC3)c(C3CC3)cc2C(=O)c2c1[nH]c1cc(C#N)ccc21,10.56
1684,CCCc1cc2c(cc1N1CCN(C3CCC3)CC1)C(C)(C)c1[nH]c3cc(C#N)ccc3c1C2=O,1.77
1685,CCc1cc2c(cc1N1CCC(N3CCOCC3)CC1)C(C)(C)c1[nH]c3cc(C#N)ccc3c1C2=O,5.3
1686,CC1(C)c2cc(N3CCC(N4CCCC4)CC3)ccc2C(=O)c2c1[nH]c1ncccc21,30.74
1687,CCN(CC)CCOc1cc2c(cc1C(C)=O)C(=O)c1c([nH]c3cc(C#N)ccc13)C2(C)C,0.53
1688,CC1(C)c2ccc(C3=CCNCC3)cc2C(=O)c2c1[nH]c1cc(C#N)ccc21,0.83
1689,CC(C)(C)N1CCN(c2cc3c(cc2Br)C(=O)c2c([nH]c4cc(C#N)ccc24)C32CCOCC2)CC1,0.32
1690,CC#Cc1cc2c(cc1N1CCC(N3CCOCC3)CC1)C1(CCOCC1)c1[nH]c3cc(C#N)ccc3c1C2=O,0.9
1691,CCN(CC)CCOc1ccc2c(c1)C(C)(C)c1sc3ccccc3c1C2=O,93.85
1692,N#Cc1ccc2c3c([nH]c2c1)C1(CCOCC1)c1cc(OC2CCNCC2)ccc1C3=O,3.907
1693,CCN(CC)CCOc1ccc2c(c1)C1(CCNCC1)c1[nH]c3ccccc3c1C2=O,687.68
1694,CC1(C)c2cc(N3CCC(N4CCCCC4)CC3)ncc2C(=O)c2c1[nH]c1cc(C#N)ccc21,0.4938
1695,CCc1cc2c(cc1N1CCN(C3CCC3)CC1)C(C)(C)c1[nH]c3nc(C#N)ccc3c1C2=O,1.837
1696,CCN(CC)CCOc1ccc2c(n1)C(C)(C)c1[nH]c3cc(C#N)ccc3c1C2=O,6.473
1697,CCN(CC)CCOc1ccc2c(n1)C(C)(C)c1oc3cc(C#N)ccc3c1C2=O,399.87
1698,O=C1c2ccc(OC[C@@H](O)[C@H](O)CO)cc2C2(CCCCC2)c2oc3ccccc3c21,93.0
1699,CC(C)(C)OC(=O)N1CCC(Oc2ccc3c(c2)C(C)(C)c2[nH]c4cc(C#N)ccc4c2C3=O)CC1,52.71
1700,CC1(C)c2cc(OCCN3CCNC3=O)ccc2C(=O)c2c1[nH]c1cc(C#N)ccc21,6.159
1701,CC1(C)c2cc(OCCNC(N)=O)ccc2C(=O)c2c1[nH]c1cc(C#N)ccc21,26.18
1702,CC1(C)c2cc(OC3COC3)ccc2C(=O)c2c1[nH]c1cc(C#N)ccc21,17.71
1703,CC1(C)c2cc(Oc3ncccn3)ccc2C(=O)c2c1[nH]c1cc(C#N)ccc21,30.43
1704,CCOC(=O)COc1ccc2c(c1)C(C)(C)c1[nH]c3cc(C#N)ccc3c1C2=O,29.47
1705,CC1(C)c2cc(OCCN)ccc2C(=O)c2c1[nH]c1cc(C#N)ccc21,8.01
1706,C[S+]([O-])CCOc1ccc2c(c1)C(C)(C)c1[nH]c3cc(C#N)ccc3c1C2=O,10.25
1707,CCN(CC)CCOc1ccc2c(c1)C(C)(C)c1[nH]c3cc(C#N)c(Br)cc3c1C2=O,97.92
1708,CC1(C)c2cc(OCC(=O)O)ccc2C(=O)c2c1[nH]c1cc(C#N)ccc21,45.96
1709,CC(C)(C)NCCOc1ccc2c(c1)C(C)(C)c1[nH]c3cc(C#N)ccc3c1C2=O,6.73
1710,CC(C)(CO)NCCOc1ccc2c(c1)C(C)(C)c1[nH]c3cc(C#N)ccc3c1C2=O,3.595
1711,CC1(C)c2cc(OCCNS(=O)(=O)N3CCOCC3)ccc2C(=O)c2c1[nH]c1cc(C#N)ccc21,16.0
1712,CC1(C)c2cc(OCC3CCN(C4COC4)CC3)ccc2C(=O)c2c1[nH]c1cc(C#N)ccc21,2.9
1713,CC1(C)c2cc(OCCNS(C)(=O)=O)ccc2C(=O)c2c1[nH]c1cc(C#N)ccc21,4.943
1714,CC1(C)c2cc(OCCNS(N)(=O)=O)ccc2C(=O)c2c1[nH]c1cc(C#N)ccc21,7.65
1715,CC1(C)c2cc(OC3CCN(CCO)CC3)ccc2C(=O)c2c1[nH]c1cc(C#N)ccc21,1.398
1716,CC1(C)c2cc(OC3CCN(CCF)CC3)ccc2C(=O)c2c1[nH]c1cc(C#N)ccc21,3.461
1717,CC1(C)c2cc(OCC(N)=O)ccc2C(=O)c2c1[nH]c1cc(C#N)ccc21,17.15
1718,CC1(C)OCC(CNC(=O)COc2ccc3c(c2)C(C)(C)c2[nH]c4cc(C#N)ccc4c2C3=O)O1,51.12
1719,CC1(C)c2cc(OCC(=O)NCC(O)CO)ccc2C(=O)c2c1[nH]c1cc(C#N)ccc21,17.5
1720,CC1(C)c2cc(OCC(=O)N3CCNCC3)ccc2C(=O)c2c1[nH]c1cc(C#N)ccc21,3.5
1721,CC1(C)c2cc(OCC(=O)NCCC#N)ccc2C(=O)c2c1[nH]c1cc(C#N)ccc21,84.68
1722,CC(C)N1CCN(c2ccc3c(c2)C(C)(C)c2[nH]c4cc(C#N)ccc4c2C3=O)CC1,33.57
1723,CC1(C)c2cc(N3CCC(S(C)(=O)=O)C3)ccc2C(=O)c2c1[nH]c1cc(C#N)ccc21,16.23
1724,CC1(C)c2cc(N3CCS(=O)(=O)CC3)ccc2C(=O)c2c1[nH]c1cc(C#N)ccc21,39.43
1725,CC1(C)c2cc(N3CCN(C4CCCC4)CC3=O)ccc2C(=O)c2c1[nH]c1cc(C#N)ccc21,72.61
1726,CC1(C)c2cc(N3CCC(N4CCC(F)(F)CC4)CC3)ccc2C(=O)c2c1[nH]c1cc(C#N)ccc21,1.681
1727,C[C@H]1CN(C2CCC2)CCN1c1ccc2c(c1)C(C)(C)c1[nH]c3cc(C#N)ccc3c1C2=O,0.981
1728,Cn1cc(-c2ccc3c(c2)C(C)(C)c2[nH]c4cc(C#N)ccc4c2C3=O)cn1,5.437
1729,C=Cc1ccc2c(c1)C(C)(C)c1[nH]c3cc(C#N)ccc3c1C2=O,14.84
1730,CC1(C)c2cc(CC3CCN(S(N)(=O)=O)CC3)ccc2C(=O)c2c1[nH]c1cc(C#N)ccc21,7.278
1731,CC1(C)c2cc(C(=O)O)ccc2C(=O)c2c1[nH]c1cc(C#N)ccc21,59.63
1732,CC1(C)c2cc(N3CCN(S(N)(=O)=O)CC3)ccc2C(=O)c2c1[nH]c1cc(C#N)ccc21,3.184
1733,CN(C)S(=O)(=O)N1CCN(c2ccc3c(c2)C(C)(C)c2c(c4ccc(C#N)cc4n2C)C3=O)CC1,63.8
1734,CC(C)N(CCS(=O)(=O)c1ccc2c(c1)C(C)(C)c1[nH]c3cc(C#N)ccc3c1C2=O)C(C)C,14.92
1735,CC1(C)c2cc(S(=O)(=O)CCC(=O)O)ccc2C(=O)c2c1[nH]c1cc(C#N)ccc21,71.08
1736,CC1(C)c2cc(C(O)CO)ccc2C(=O)c2c1[nH]c1cc(C#N)ccc21,11.89
1737,CC1(C)c2cc(C(=O)N3CCOCC3)ccc2C(=O)c2c1[nH]c1cc(C#N)ccc21,30.13
1738,CC1(C)c2cc(C(=O)N3CCN(S(C)(=O)=O)CC3)ccc2C(=O)c2c1[nH]c1cc(C#N)ccc21,27.32
1739,CC1(C)c2cc(C(=O)NCCS(C)(=O)=O)ccc2C(=O)c2c1[nH]c1cc(C#N)ccc21,10.37
1740,CC1(C)c2cc(C(=O)NC3CCS(=O)(=O)C3)ccc2C(=O)c2c1[nH]c1cc(C#N)ccc21,26.85
1741,CC1(C)c2cc(C(=O)N(CCO)CCO)ccc2C(=O)c2c1[nH]c1cc(C#N)ccc21,272.36
1742,CC1(C)c2cc(C(=O)NC3COC3)ccc2C(=O)c2c1[nH]c1cc(C#N)ccc21,23.09
1743,CC1(C)c2cc(C(=O)NOCCO)ccc2C(=O)c2c1[nH]c1cc(C#N)ccc21,3.611
1744,CC1(C)c2cc(C(=O)NCCNS(N)(=O)=O)ccc2C(=O)c2c1[nH]c1cc(C#N)ccc21,2.115
1745,CC1(C)c2cc(C(=O)N3CCN(CCO)CC3)ccc2C(=O)c2c1[nH]c1cc(C#N)ccc21,42.38
1746,CC1(C)c2cc(C(=O)N3CCN(C(C)(C)C)CC3)ccc2C(=O)c2c1[nH]c1cc(C#N)ccc21,6.002
1747,CC1(C)c2cc(CN3CCS(=O)(=O)CC3)ccc2C(=O)c2c1[nH]c1cc(C#N)ccc21,6.783
1748,CC1(C)c2cc(CN3CCN(S(C)(=O)=O)CC3)ccc2C(=O)c2c1[nH]c1cc(C#N)ccc21,3.473
1749,CC1(C)c2cc(CNCC(F)(F)F)ccc2C(=O)c2c1[nH]c1cc(C#N)ccc21,11.86
1750,CCNC(=O)N1CCC(c2ccc3c(c2)C(C)(C)c2[nH]c4cc(C#N)ccc4c2C3=O)CC1,2.001
1751,COc1cc2c(cc1S(=O)(=O)N1CCN(C)CC1)C(=O)c1c([nH]c3cc(Br)ccc13)C2(C)C,96.12
1752,CN(C)S(=O)(=O)Oc1ccc2c(c1)C(C)(C)c1[nH]c3cc(C#N)ccc3c1C2=O,51.1
1753,CN(C)S(=O)(=O)c1cc2c(cc1N1CCN(CCO)CC1)C(C)(C)c1[nH]c3cc(C#N)ccc3c1C2=O,5.101
1754,CC1(C)c2cc(N3CCC(N4CCCC4)CC3)c(S(=O)(=O)N3CCCC3)cc2C(=O)c2c1[nH]c1cc(C#N)ccc21,8.753
1755,CC1(C)c2cc(OC3CCOCC3)c(S(=O)(=O)N3CCOCC3)cc2C(=O)c2c1[nH]c1cc(C#N)ccc21,9.617
1756,CN1CCC(Oc2cc3c(cc2[N+](=O)[O-])C(=O)c2c([nH]c4cc(C#N)ccc24)C3(C)C)CC1,0.991
1757,CN1CCC(Oc2cc3c(cc2N)C(=O)c2c([nH]c4cc(C#N)ccc24)C3(C)C)CC1,3.612
1758,CN1CCC(Oc2cc3c(cc2NS(C)(=O)=O)C(=O)c2c([nH]c4cc(C#N)ccc24)C3(C)C)CC1,6.28
1759,COc1cc2c(cc1SC(C)C)C(=O)c1c([nH]c3cc(C#N)ccc13)C2(C)C,9.451
1760,CCN(CC)CCS(=O)(=O)c1cc2c(cc1OC)C(C)(C)c1[nH]c3cc(C#N)ccc3c1C2=O,1.338
1761,COc1cc2c(cc1C#CC(=O)O)C(=O)c1c([nH]c3cc(C#N)ccc13)C2(C)C,6.668
1762,COc1cc2c(cc1CCC(C)(C)O)C(=O)c1c([nH]c3cc(C#N)ccc13)C2(C)C,8.113
1763,CC1(C)c2cc(OC3CCN(S(C)(=O)=O)CC3)c(Br)cc2C(=O)c2c1[nH]c1cc(C#N)ccc21,5.054
1764,CC1(C)c2cc(N3CCC(N)CC3)c(Br)cc2C(=O)c2c1[nH]c1cc(C#N)ccc21,0.168
1765,C#Cc1cc2c(cc1OC1CCN(C3COC3)CC1)C(C)(C)c1[nH]c3cc(C#N)ccc3c1C2=O,1.625
1766,CC1(C)c2cc(N3CCN(C4COC4)CC3)c(Br)cc2C(=O)c2c1[nH]c1cc(C#N)ccc21,0.952
1767,CC1(C)c2cc(N3CCN(C4CCS(=O)(=O)CC4)CC3)c(Br)cc2C(=O)c2c1[nH]c1cc(C#N)ccc21,1.134
1768,CC1(C)c2cc(N3CCN(C4CCC4)CC3)c(Br)cc2C(=O)c2c1[nH]c1cc(C#N)ccc21,2.099
1769,C#Cc1cc2c(cc1N1CCOCC1)C(C)(C)c1[nH]c3cc(C#N)ccc3c1C2=O,2.386
1770,CC1(C)c2cc(N3CCOCC3)c(C#CCN3CCOCC3)cc2C(=O)c2c1[nH]c1cc(C#N)ccc21,2.575
1771,C=Cc1cc2c(cc1N1CCOCC1)C(C)(C)c1[nH]c3cc(C#N)ccc3c1C2=O,2.052
1772,CC1(C)c2cc(N3CCN(C4COC4)CC3)c(C#CCN3CCN(C4COC4)CC3)cc2C(=O)c2c1[nH]c1cc(C#N)ccc21,0.996
1773,CC1(C)c2cc(N3CCN(C4COC4)CC3)c(C#CC3CC3)cc2C(=O)c2c1[nH]c1cc(C#N)ccc21,0.881
1774,CC(C)CCC#Cc1cc2c(cc1N1CCN(C3COC3)CC1)C(C)(C)c1[nH]c3cc(C#N)ccc3c1C2=O,12.27
1775,CC1(C)c2cc(N3CCC(N4CCCC4)CC3)c(C3=CCNCC3)cc2C(=O)c2c1[nH]c1cc(C#N)ccc21,1.778
1776,CC1(C)c2cc(N3CCN(C4CC4)CC3)c(-c3ccccc3)cc2C(=O)c2c1[nH]c1cc(C#N)ccc21,14.82
1777,CC1(C)c2cc(N3CCN(C4CCC4)CC3)c(C#CC3CCC3)cc2C(=O)c2c1[nH]c1cc(C#N)ccc21,0.58
1778,Cc1cc2c(cc1N1CCC(N3CCOCC3)CC1)C(C)(C)c1[nH]c3cc(C#N)ccc3c1C2=O,2.611
1779,CCc1cc2c(cc1N1CCN(C3COC3)CC1)C(C)(C)c1[nH]c3cc(C#N)ccc3c1C2=O,7.154
1780,CC1(C)c2cc(N3CCN(C4COC4)CC3)c(CCC3CCCC3)cc2C(=O)c2c1[nH]c1cc(C#N)ccc21,20.28
1781,CCCc1cc2c(cc1N1CCN(CCCCO)CC1)C(C)(C)c1[nH]c3cc(C#N)ccc3c1C2=O,1.093
1782,CCCCCc1cc2c(cc1N1CCN(C3COC3)CC1)C(C)(C)c1[nH]c3cc(C#N)ccc3c1C2=O,15.05
1783,CC(C)OCC#Cc1cc2c(cc1N1CCN(C3COC3)CC1)C(C)(C)c1[nH]c3cc(C#N)ccc3c1C2=O,0.4
1784,C#CC(C)(C)N1CCN(c2cc3c(cc2C(C)=O)C(=O)c2c([nH]c4cc(C#N)ccc24)C3(C)C)CC1,2.622
1785,CC1(C)c2cc(N3CCC(N4CCOCC4)CC3)c(Cl)cc2C(=O)c2c1[nH]c1cc(C#N)ccc21,0.391
1786,CC1(C)c2cc(N3CCC(NS(C)(=O)=O)CC3)c(Cl)cc2C(=O)c2c1[nH]c1cc(C#N)ccc21,1.864
1787,CC1(C)c2ccc(N3CCC(N4CCCC4)CC3)cc2C(=O)c2c1[nH]c1cc(C#N)ccc21,15.29
1788,CC(C)N1CCN(c2ccc3c(c2)C(=O)c2c([nH]c4cc(C#N)ccc24)C3(C)C)CC1,4.631
1789,CC1(C)c2ccc(N3CCCC3)cc2C(=O)c2c1[nH]c1cc(C#N)ccc21,12.01
1790,CC1(C)c2ccc(N3CCC[C@H]3CN3CCCC3)cc2C(=O)c2c1[nH]c1cc(C#N)ccc21,1.57
1791,CC(C)(O)C#Cc1ccc2c(c1)C(=O)c1c([nH]c3cc(C#N)ccc13)C2(C)C,1.171
1792,CC(C)N1CCC(Cc2ccc3c(c2)C(=O)c2c([nH]c4cc(C#N)ccc24)C3(C)C)CC1,11.73
1793,CC1(C)c2ccc(OCCOCCC(=O)O)cc2C(=O)c2c1[nH]c1cc(C#N)ccc21,23.19
1794,CC1(C)c2ccc(OCc3cccnc3)cc2C(=O)c2c1[nH]c1cc(C#N)ccc21,7.092
1795,CC1(C)c2ccc(N3CCN(C4COC4)CC3)cc2C(=O)c2c1[nH]c1cc(C#N)ccc21,12.52
1796,CC1(C)c2ccc(C3=CCN(C4CC4)CC3)cc2C(=O)c2c1[nH]c1cc(C#N)ccc21,3.96
1797,CC1(C)c2ccc(OCC(=O)O)cc2C(=O)c2c1[nH]c1cc(Br)ccc21,862.94
1798,CC1(C)c2ccc(OC[C@@H](O)[C@H](O)CO)cc2C(=O)c2c1[nH]c1cc(Br)ccc21,28.99
1799,CC1(C)c2ccc(OC[C@H](O)CO)cc2C(=O)c2c1[nH]c1cc(C#N)ccc21,4.338
1800,CC1(C)c2ccc(OCc3ccccc3)cc2C(=O)c2c1[nH]c1cc(Br)ccc21,492.73
1801,COc1cc2c(cc1Br)C(C)(C)c1[nH]c3cc(C#N)ccc3c1C2=O,29.29
1802,CC1(C)c2cc(N3CCOCC3)c(OC3CCOC3)cc2C(=O)c2c1[nH]c1cc(C#N)ccc21,0.59
1803,CC(C)Oc1cc2c(cc1O[C@@H]1CCN(C3CCC3)C1)C(C)(C)c1[nH]c3cc(C#N)ccc3c1C2=O,1.6
1804,N#Cc1ccc2c3c([nH]c2c1)C1(CCCC1)c1cc(OC[C@H](O)CO)ccc1C3=O,6.137
1805,N#Cc1ccc2c3c([nH]c2c1)C1(CCOCC1)c1cc(OCCN2CCOCC2)ccc1C3=O,32.73
1806,N#Cc1ccc2c3c([nH]c2c1)C1(CCOCC1)c1cc(OCCN2CCS(=O)(=O)CC2)ccc1C3=O,26.85
1807,N#Cc1ccc2c3c([nH]c2c1)C1(CCOCC1)c1cc(N2CCN(C4CCC4)CC2)c(F)cc1C3=O,4.31
1808,N#Cc1ccc2c3c([nH]c2c1)C1(CCOCC1)c1cc(N2CCC(N4CCCC4)CC2)c(C#N)cc1C3=O,0.86
1809,CC1(C)c2cc(OC3CCNCC3)ccc2C(=O)c2c1[nH]c1cc(C#N)c(F)cc21,5.719
1810,CC(C)N1CCN(c2ccc3c(c2)C(C)(C)c2[nH]c4c(F)c(C#N)ccc4c2C3=O)CC1,0.77
1811,Cc1cc2c3c([nH]c2cc1Cl)C(C)(C)c1cc(OC[C@@H](O)[C@H](O)CO)ccc1C3=O,1664.82
1812,CC1(C)c2cc(OC[C@H](O)CO)c(O)cc2C(=O)c2c1[nH]c1cc(Cl)ccc21,40.64
1813,CC1(C)c2cc(O)c(-c3nn[nH]n3)cc2C(=O)c2c1[nH]c1cc(Cl)ccc21,0.456
1814,CC1(C)c2cc(O[C@H]3CCOC3)ccc2C(=O)c2c1[nH]c1cc(Br)ccc21,432.81
1815,CC1(C)c2cc(OC3CCN(C(=O)C(F)(F)F)CC3)ccc2C(=O)c2c1[nH]c1cc(Br)ccc21,614.08
1816,CC(=O)N1CCC(Oc2ccc3c(c2)C(C)(C)c2c(c4ccc(Br)cc4n2C)C3=O)CC1,341.43
1817,CC1(C)c2cc(OC3COC[C@@H]3O)ccc2C(=O)c2c1[nH]c1cc(Br)ccc21,271.48
1818,CO[C@H]1O[C@H](COc2ccc3c(c2)C(C)(C)c2[nH]c4cc(Br)ccc4c2C3=O)[C@@H](O)[C@H](O)[C@H]1O,154.22
1819,CCC(O)(CC)CCNC(=O)COc1ccc2c(c1)C(C)(C)c1[nH]c3cc(Br)ccc3c1C2=O,162.11
1820,CC(C)S(=O)(=O)N1CCN(C(=O)COc2ccc3c(c2)C(C)(C)c2[nH]c4cc(Br)ccc4c2C3=O)CC1,168.21
1821,CC1(C)c2cc(OCC(=O)N3CCN(C4COC4)CC3)ccc2C(=O)c2c1[nH]c1cc(Br)ccc21,161.89
1822,CC1(C)c2cc(OCC3CCN(S(C)(=O)=O)CC3)ccc2C(=O)c2c1[nH]c1cc(Br)ccc21,413.27
1823,CC(=O)N1CC(N2CCC(COc3ccc4c(c3)C(C)(C)c3[nH]c5cc(Br)ccc5c3C4=O)CC2)C1,189.23
1824,CC(C)(C)OC(=O)N1CCC2(CC1)OCCC2Oc1ccc2c(c1)C(C)(C)c1[nH]c3cc(Br)ccc3c1C2=O,19.51
1825,CC1(C)c2cc(OC3CCOC34CCN(C3COC3)CC4)ccc2C(=O)c2c1[nH]c1cc(Br)ccc21,79.41
1826,CC1(C)c2cc(OC[C@H](O)CCC(=O)O)ccc2C(=O)c2c1[nH]c1cc(Br)ccc21,852.1
1827,CC1(C)O[C@H](CO)[C@@H](COc2ccc3c(c2)C(C)(C)c2[nH]c4cc(Br)ccc4c2C3=O)O1,151.06
1828,CC1(C)c2cc(OC[C@@H](O)[C@H](O)CO)ccc2C(=O)c2c1n(CC(=O)O)c1cc(Br)ccc21,2813.5
1829,COC(=O)Cn1c2c(c3ccc(Br)cc31)C(=O)c1ccc(OC[C@@H](O)[C@H](O)CO)cc1C2(C)C,583.0
1830,CC1(C)c2cc(OC[C@@H](O)[C@H](O)CO)ccc2C(=O)c2c1[nH]c1cc(I)ccc21,83.2
1831,CC1(C)c2cc(OC[C@H](O)CO)ccc2C(=O)c2c1[nH]c1c(C3CC3)c(C#N)ccc21,2.6
1832,Cc1c(C#N)ccc2c3c([nH]c12)C(C)(C)c1cc(OC[C@H](O)CO)ccc1C3=O,6.04
1833,CC1(C)c2cc(OC[C@H](O)CO)ccc2C(=O)c2c1[nH]c1c(C(=O)O)c(C#N)ccc21,359.76
1834,CC1(C)c2cc(OC[C@H](O)CO)ccc2C(=O)c2c1[nH]c1c(C(N)=O)c(C#N)ccc21,848.84
1835,COc1ccc2c(c1)C(C)(C)c1[nH]c3c(OC[C@H](O)CO)c(C#N)ccc3c1C2=O,552.15
1836,COc1ccc2c(c1)C(C)(C)c1[nH]c3c(N)c(C#N)ccc3c1C2=O,1.93
1837,CC1(C)c2[nH]c3cc(C#N)ccc3c2C(=O)c2cccc(OC[C@@H](O)CO)c21,134.45
1838,CC1(C)c2cc(OC[C@@H](O)[C@H](O)CO)ccc2C(=O)c2c1[nH]c1cc(Cl)c(Cl)cc21,554.74
1839,COCCOc1cc2c(cc1N1CCC(N3CCOCC3)CC1)C(C)(C)c1c(c3ccc(C#N)cc3n1CCOC)C2=O,8.5
1840,CCOc1cc2c(cc1N1CCC(N3CCOCC3)CC1)C(C)(C)c1[nH]c3cc(C#N)ccc3c1C2=O,2.2
1841,CCN(CC)CCOc1cc2c(cc1N1CCC(N3CCOCC3)CC1)C(C)(C)c1[nH]c3cc(C#N)ccc3c1C2=O,11.8
1842,CCC(CC)Oc1cc2c(cc1N1CCN(C3CCC3)CC1)C(C)(C)c1c(c3ccc(C#N)cc3n1C)C2=O,142.2
1843,CC1(C)c2cc(N3CCN(C4CCC4)CC3)c(OC3CCOCC3)cc2C(=O)c2c1[nH]c1cc(C#N)ccc21,1.5
1844,COCCOc1cc2c(cc1OC(C)C)C(=O)c1c(n(CCOC)c3cc(C#N)ccc13)C2(C)C,9.9
1845,C=COc1cc2c(cc1OC(C)C)C(=O)c1c([nH]c3cc(C#N)ccc13)C2(C)C,23.1
1846,CC1(C)c2cc(N3CCN(C(=O)C4CC4)CC3)ccc2C(=O)c2c1[nH]c1cc(C#N)ccc21,4.2
1847,CCc1cc2c(cc1N1CCN(C(=O)CN(C)C)CC1)C(C)(C)c1[nH]c3cc(C#N)ccc3c1C2=O,0.4
1848,CCc1cc2c(cc1N1CCN(C(=O)C3CCCCC3)CC1)C(C)(C)c1[nH]c3cc(C#N)ccc3c1C2=O,7.5
1849,C[C@@H]1CN(c2cc3c(cc2Br)C(=O)c2c([nH]c4cc(C#N)ccc24)C3(C)C)C[C@H](C)N1C1CCC1,0.3
1850,CCc1cc2c(cc1N1CCC(N3CCC3)CC1)C(C)(C)c1[nH]c3cc(C#N)ccc3c1C2=O,0.3
1851,CCc1cc2c(cc1N1CCC(N3CCC(O)CC3)CC1)C(C)(C)c1[nH]c3cc(C#N)ccc3c1C2=O,0.3
1852,CCc1cc2c(cc1N1CCC(O)(C3CC3)CC1)C(C)(C)c1[nH]c3cc(C#N)ccc3c1C2=O,14.2
1853,CCc1cc2c(cc1N1CCC(N3CCN(C)CC3)CC1)C(C)(C)c1[nH]c3cc(C#N)ccc3c1C2=O,0.7
1854,CCc1cc2c(cc1N1CCC(NCCCO)CC1)C(C)(C)c1[nH]c3cc(C#N)ccc3c1C2=O,0.6
1855,CCc1cc2c(cc1N1CCC(OCCC3CCCCC3)CC1)C(C)(C)c1[nH]c3cc(C#N)ccc3c1C2=O,21.74
1856,CCc1cc2c(cc1N1CCC(NC3CCCCC3)CC1)C(C)(C)c1[nH]c3cc(C#N)ccc3c1C2=O,1.891
1857,CCc1cc2c(cc1N1CCC(NCC3CC3)CC1)C(C)(C)c1[nH]c3cc(C#N)ccc3c1C2=O,0.813
1858,CCc1cc2c(cc1N1CCC(N3CCOCC3)CC1)C(C)(C)c1[nH]c3cc(NC(=O)c4ccccc4)ccc3c1C2=O,424.84
1859,CCc1cc2c(cc1N1CCC(N3CCOCC3)CC1)C(C)(C)c1[nH]c3cc(NC(C)=O)ccc3c1C2=O,2398.3
1860,C[C@@H]1CN(C2CCN(c3cc4c(cn3)C(=O)c3c([nH]c5cc(C(N)=O)ccc35)C4(C)C)CC2)C[C@H](C)O1,113.91
1861,CC(C)C1(N2CCOCC2)CCN(c2cc3c(cn2)C(=O)c2c([nH]c4cc(C#N)ccc24)C3(C)C)CC1,9.37
1862,CCCC1(N2CCN(c3cc4c(cn3)C(=O)c3c([nH]c5cc(C(N)=O)ccc35)C4(C)C)CC2)CCC1,142.93
1863,CCc1cc2c(cc1N1CCOCC1)C(C)(C)c1[nH]c3nc(C(=O)N4CCOCC4)ccc3c1C2=O,326.37
1864,CCN(CC)CCOc1ccc2c(n1)C(C)(C)c1c(c3ccc(C#N)cc3n1CCN(CC)CC)C2=O,300.76
1865,CCCn1c2c(c3ccccc31)C(=O)c1ccc(OCCN(CC)CC)cc1C2(C)C,1325.5
1866,CCN(CC)CCOc1ccc2c(c1)C(C)(C)c1c(c3ccccc3n1S(C)(=O)=O)C2=O,161.7
1867,CCN(CC)CCOc1ccc2c(c1)C(C)(C)c1c(c3ccc(C)cc3n1C)C2=O,5947.3
1868,CCN(CC)CCOc1ccc2c(c1)C(C)(C)c1[nH]c3cc(C(F)(F)F)ccc3c1C2=O,1082.9
1869,CCN(CC)CCOc1ccc2c(c1)C(C)(C)c1c(c3ccc([N+](=O)[O-])cc3n1CCN(CC)CC)C2=O,4224.0
1870,CC1(C)c2cc(OC[C@@H](O)[C@H](O)CO)ccc2C(=O)c2c1[nH]c1ccc(C#N)cc21,898.1
1871,COc1ccc2c3c(n(C)c2c1)C(C)(C)c1cc(OC[C@H](O)CO)ccc1C3=O,1621.4
1872,CC1(C)c2cc(OC[C@H](O)CO)c(Br)cc2C(=O)c2c1[nH]c1cc(OC(F)(F)F)ccc21,290.0
1873,CC1(C)c2cc(OC[C@H](O)CO)c(Br)cc2C(=O)c2c1[nH]c1cccc(Cl)c21,104.0
1874,CCN(CC)CCOc1ccc2c(c1)C(C)(C)c1[nH]c3cc(NC(=O)Nc4ccccc4)ccc3c1C2=O,2974.3
1875,CCN(CC)CCOc1ccc2c(c1)C(C)(C)c1[nH]c3cc(NC(=O)Cc4ccccc4)ccc3c1C2=O,21307.8
1876,CCN(CC)CCOc1ccc2c(c1)C(C)(C)c1[nH]c3cc(NC(=O)c4cccc(C(F)(F)F)c4)ccc3c1C2=O,3200.0
1877,CCN(CC)CCOc1ccc2c(c1)C(C)(C)c1[nH]c3cc(NC(=O)Oc4ccccc4)ccc3c1C2=O,1246.6
1878,CC1(C)c2cc(OC[C@@H](O)[C@H](O)CO)ccc2C(=O)c2c1[nH]c1cc(C(=O)Nc3ccccc3)ccc21,12951.9
1879,CN(C)C(=O)c1ccc2c3c([nH]c2c1)C(C)(C)c1cc(OC[C@@H](O)[C@H](O)CO)ccc1C3=O,12970.4
1880,CC1(C)c2cc(OC[C@@H](O)[C@H](O)CO)ccc2C(=O)c2c1[nH]c1cc(C(=O)OCCO)ccc21,575.0
1881,COC(=O)N[C@@H](C(=O)N[C@@H](c1ccc([C@H](CO)N(CCC(C)(C)C)S(=O)(=O)c2ccc3[nH]ccc3c2)s1)C(F)(F)F)C(c1ccccc1)c1ccccc1,4385.5
1882,COCCNC(=O)c1ccc2c3c([nH]c2c1)C(C)(C)c1cc(OC[C@@H](O)[C@H](O)CO)ccc1C3=O,3900.0
1883,CNC(=O)c1ccc2c3c([nH]c2c1)C(C)(C)c1cc(OC[C@@H](O)[C@H](O)CO)ccc1C3=O,5400.0
1884,CC1(C)c2cc(OC[C@@H](O)[C@H](O)CO)ccc2C(=O)c2c1[nH]c1cc(C(=O)NCc3ccccc3)ccc21,3700.0
1885,CC1(C)c2cc(OC[C@@H](O)[C@H](O)CO)ccc2C(=O)c2c1[nH]c1cc(C(=O)O)ccc21,900.0
1886,CC1(C)c2cc(OC[C@@H](O)[C@H](O)CO)ccc2C(=O)c2c1[nH]c1cc(C(=O)Nc3ccccn3)ccc21,1438.5
1887,CC1(C)c2cc(OC[C@@H](O)[C@H](O)CO)ccc2C(=O)c2c1[nH]c1cc(C(=O)NCCc3ccccc3)ccc21,752.6
1888,CC1(C)c2cc(OC[C@@H](O)[C@H](O)CO)ccc2C(=O)c2c1[nH]c1cc(C(=O)NS(=O)(=O)c3ccccc3)ccc21,4842.9
1889,Cn1c2c(c3ccc(OC4COC4)cc31)C(=O)c1ccc(OC[C@H](O)CO)cc1C2(C)C,930.0
1890,CC1(C)c2cc(OC[C@H](O)CO)ccc2C(=O)c2c1[nH]c1cc(-c3cccs3)ccc21,378.5
1891,CC1(C)c2cc(OC[C@H](O)CO)ccc2C(=O)c2c1[nH]c1cc(-c3ccn[nH]3)ccc21,770.0
1892,CC1(C)c2cc(OCCCCCC(=O)O)ccc2C(=O)c2c1oc1ccccc21,5934.6
1893,CCN(CC)C(=O)COc1ccc2c(c1)C(C)(C)c1oc3ccccc3c1C2=O,7794.7
1894,CC1(C)c2cc(OC[C@@H](O)CO)ccc2C(=O)c2c1oc1ccccc21,2076.0
1895,CC1(C)c2cc(OC[C@H](O)CO)ccc2C(=O)c2c1oc1ccccc21,1627.4
1896,CC1(C)c2cc(OCCN3CCCCCC3)ccc2C(=O)c2c1oc1ccccc21,793.8
1897,CC1(C)c2cc(OCCN3CCNCC3)ccc2C(=O)c2c1oc1ccccc21,508.3
1898,CC1(C)c2cc(OCCN3CCN(S(C)(=O)=O)CC3)ccc2C(=O)c2c1oc1ccccc21,2282.2
1899,CC(=O)N1CCN(CCOc2ccc3c(c2)C(C)(C)c2oc4ccccc4c2C3=O)CC1,1903.8
1900,CC(C)(C)OC(=O)N1CCN(C(=O)COc2ccc3c(c2)C(C)(C)c2oc4ccccc4c2C3=O)CC1,5370.8
1901,CC1(C)c2cc(OCCOCCOCCO)ccc2C(=O)c2c1oc1ccccc21,3281.3
1902,CC1(C)c2cc(OCCn3ccnc3)ccc2C(=O)c2c1oc1ccccc21,1811.0
1903,CC1(C)c2cc(OCC(=O)NCCc3ccncc3)ccc2C(=O)c2c1oc1ccccc21,4093.1
1904,CC1(C)c2cc(OCC(=O)NCCOCCO)ccc2C(=O)c2c1oc1ccccc21,7045.1
1905,CC1(C)c2cc(OCCN3CCN(C(=O)CO)CC3)ccc2C(=O)c2c1oc1ccccc21,2773.9
1906,CC1(C)c2cc(OC[C@@H](O)CN3CCCCC3)ccc2C(=O)c2c1oc1ccccc21,1158.7
1907,CC1(C)c2cc(OCCNC[C@@H](O)CO)ccc2C(=O)c2c1oc1ccccc21,1091.4
1908,CC1(C)c2cc(OCC(=O)NCCN(CCO)CCO)ccc2C(=O)c2c1oc1ccccc21,3702.8
1909,CN(C)CCCNC(=O)COc1ccc2c(c1)C(C)(C)c1oc3ccccc3c1C2=O,3120.3
1910,CC1(C)c2cc(OCC(=O)NCCN3CCNCC3)ccc2C(=O)c2c1oc1ccccc21,3342.8
1911,CN(C)CC(=O)NCCOc1ccc2c(c1)C(C)(C)c1oc3ccccc3c1C2=O,2547.0
1912,CC1(C)c2cc(OCCN3CC[N+](C)(C)CC3=O)ccc2C(=O)c2c1oc1ccccc21,1258.8
1913,CC1(C)c2cc(OCCN3CCCC(O)C3)ccc2C(=O)c2c1oc1ccccc21,1058.6
1914,CCN(CCO)CCOc1ccc2c(c1)C(C)(C)c1oc3ccccc3c1C2=O,792.8
1915,CC1(C)c2cc(OCCNC3(CO)CCCC3)ccc2C(=O)c2c1oc1ccccc21,901.3
1916,CC1(C)c2cc(OCC3CC(O)CN3)ccc2C(=O)c2c1oc1ccccc21,312.7
1917,CC1(C)c2cc(OC3CCCNC3)ccc2C(=O)c2c1oc1ccccc21,206.0
1918,CCN(C)CCOc1ccc2c(c1)C(C)(C)C1Oc3cc(F)ccc3C1C2=O,854.1
1919,CCN(CC)CCOc1ccc2c(c1)C(C)(C)c1oc3cccc(F)c3c1C2=O,5757.1
1920,CC(C)N(CCSc1ccc2c(c1)C(C)(C)c1oc3ccccc3c1C2=O)C(C)C,420.9
1921,CCN(CC)CCOc1ccc2c(c1)C(C)(C)c1oc3cc(O)ccc3c1C2=O,389.4
1922,CC1(C)c2cc(OC[C@@H](O)[C@H](O)CO)ccc2C(=O)c2c1oc1cc(OCCCCO)ccc21,157.1
1923,CC(C)Oc1ccc2c3c(oc2c1)C(C)(C)c1cc(OC[C@@H](O)[C@H](O)CO)ccc1C3=O,700.0
1924,COCCCCOc1ccc2c3c(oc2c1)C(C)(C)c1cc(OC[C@@H](O)[C@H](O)CO)ccc1C3=O,2200.0
1925,CC1(C)c2cc(OC[C@@H](O)[C@H](O)CO)ccc2C(=O)c2c1oc1cc(OC[C@@H](O)CO)ccc21,500.0
1926,CC1(C)c2cc(OC[C@@H](O)[C@H](O)CO)ccc2C(=O)c2c1oc1cc(OC[C@H](O)CO)ccc21,420.0
1927,CC1(C)c2cc(OC[C@@H](O)[C@H](O)CO)ccc2C(=O)c2c1oc1cc(OC(=O)NCc3ccccc3)ccc21,28.0
1928,CN(C(=O)Oc1ccc2c3c(oc2c1)C(C)(C)c1cc(OC[C@@H](O)[C@H](O)CO)ccc1C3=O)c1ccccc1,3064.5
1929,CCN(CC)CCOc1ccc2c3c(oc2c1)C(C)(C)c1cc(OC)ccc1C3=O,5631.1
1930,CC1(C)c2cc(OC[C@H](O)CO)ccc2C(=O)c2c1oc1cc(OCC(=O)Nc3ccccc3)ccc21,17464.1
1931,CC(C)(C)c1ccc(NC(=O)Oc2ccc3c4c(oc3c2)C(C)(C)c2cc(OC[C@H](O)CO)ccc2C4=O)cc1,510.0
1932,CC(C)(C)c1ccccc1NC(=O)Oc1ccc2c3c(oc2c1)C(C)(C)c1cc(OC[C@H](O)CO)ccc1C3=O,540.0
1933,CCN(CC)CCOc1ccc2c(c1)C(=O)c1c(oc3ccccc13)C2(C)C,414.9
1934,CCN(CC)CCOc1ccc2c(c1)C1(CCOCC1)c1oc3ccccc3c1C2=O,752.7
1935,COCn1ccnc1-c1ccc2c3c([nH]c2c1)C(C)(C)c1cc(OC[C@H](O)CO)ccc1C3=O,1800.0
1936,C[C@@H](Oc1cc(C(=O)Nc2ccc(C(=O)N3CCN(C)CC3)cc2)nnc1N)c1c(Cl)ccc(F)c1Cl,1.0
1937,C[C@@H](Oc1cc(C(=O)Nc2ccc(C(=O)N3CCN4CCCC4C3)cc2)nnc1N)c1c(Cl)ccc(F)c1Cl,1.0
1938,C[C@@H](Oc1cc(C(=O)Nc2ccc(C(=O)N3CCCN(C)CC3)cc2)nnc1N)c1c(Cl)ccc(F)c1Cl,1.0
1939,C[C@@H](Oc1cc(C(=O)Nc2ccc(C(=O)N3CCCNCC3)cc2)nnc1N)c1c(Cl)ccc(F)c1Cl,1.0
1940,C[C@@H](Oc1cc(C(=O)Nc2ccc(C(=O)N3CCNC(C)(C)C3)cc2)nnc1N)c1c(Cl)ccc(F)c1Cl,1.0
1941,C[C@@H]1CN(C(=O)c2ccc(NC(=O)c3cc(O[C@H](C)c4c(Cl)ccc(F)c4Cl)c(N)nn3)cc2)C[C@H](C)N1,1.0
1942,COc1cc2c(Oc3ccc(NC(=O)C4(C(=O)Nc5ccc(F)cc5)CC4)cc3F)ccnc2cc1OCCCC(=O)NO,630.0
1943,CCOc1cc(N2CCN(C(C)=O)CC2)ccc1Nc1nc(Nc2ccc(N3CCN(C(C)=O)CC3)cc2OC)ncc1Cl,25.0
1944,CCCOc1cc(N2CCN(C(C)=O)CC2)ccc1Nc1nc(Nc2ccc(N3CCN(C(C)=O)CC3)cc2OC)ncc1Cl,38.0
1945,COc1cc(N2CCN(C(C)=O)CC2)ccc1Nc1ncc(Cl)c(Nc2ccc(N3CCN(C(C)=O)CC3)cc2OC(C)C)n1,33.0
1946,CCCOc1cc(N2CCN(C(C)=O)CC2)ccc1Nc1nc(Nc2ccc(N3CCN(C(C)=O)CC3)cc2)ncc1Cl,150.0
1947,COc1cc(N2CCN(C(C)=O)CC2)ccc1Nc1ncc(F)c(Nc2ccc(N3CCN(C(C)=O)CC3)cc2OC)n1,29.0
1948,CCOc1cc(N2CCN(C(C)=O)CC2)ccc1Nc1nc(Nc2ccc(N3CCN(C(C)=O)CC3)cc2)ncc1Cl,65.0
1949,COc1cc(N2CCN(C(C)=O)CC2)ccc1Nc1ncc(Cl)c(Nc2ccc(N3CCN(C(C)=O)CC3)cc2OC)n1,12.0
1950,COc1cc(N2CCN(C(C)=O)CC2)ccc1Nc1ncc(Cl)c(Nc2ccc(N3CCN(C(C)=O)CC3)cc2)n1,64.0
1951,CC(=O)N1CCN(c2ccc(Nc3ncc(Cl)c(Nc4ccc(N5CCN(C(C)=O)CC5)cc4)n3)cc2)CC1,300.0
1952,COc1cc(N2CCN(C(C)=O)CC2)ccc1Nc1nc(Nc2ccc(N3CCN(C(C)=O)CC3)cc2)ncc1Cl,18.0
1953,COc1cc(N2CCN(C(C)=O)CC2)ccc1Nc1ncc(C(F)(F)F)c(Nc2ccc(N3CCN(C(C)=O)CC3)cc2OC)n1,9.0
1954,COc1cc(N2CCN(C(C)=O)CC2)ccc1Nc1ncc(Cl)c(Nc2ccc(N3CCNCC3)cc2OC)n1,9.0
1955,COc1cc(N2CCN(C(C)=O)CC2)ccc1Nc1ncc(Cl)c(Nc2ccc(N3CCN(S(C)(=O)=O)CC3)cc2OC)n1,25.0
1956,COc1cc(N2CCN(C(C)=O)CC2)ccc1Nc1ncc(Cl)c(Nc2ccc(N3CCN(C(=O)CO)CC3)cc2OC)n1,16.0
1957,COc1cc(N2CCN(C(C)=O)CC2)ccc1Nc1ncc(Cl)c(Nc2ccc(N3CCN(C(=O)OC(C)(C)C)CC3)cc2OC)n1,85.0
1958,COc1cc(N2CCN(C(C)=O)CC2)ccc1Nc1ncc(Cl)c(Nc2ccc(N3CCN(CCO)CC3)cc2OC)n1,14.0
1959,COc1cc(N2CCN(C(C)=O)CC2)ccc1Nc1ncc(Cl)c(Nc2ccc(N3CCN(C(C)=O)CC3)cc2OCc2ccccc2)n1,1000.0
1960,COc1cc(N2CCN(C(C)=O)CC2)ccc1Nc1ncc(Br)c(Nc2ccc(N3CCN(C(C)=O)CC3)cc2OC)n1,11.0
1961,COc1cc(N2CCN(C(C)=O)CC2)ccc1Nc1ccnc(Nc2ccc(N3CCN(C(C)=O)CC3)cc2OC)n1,120.0
1962,COC(=O)N1CCN(c2ccc(Nc3nc(Nc4ccc(N5CCN(C(C)=O)CC5)cc4OC)ncc3Cl)c(OC)c2)CC1,130.0
1963,COc1cc(N2CCN(C(C)=O)CC2)ccc1Nc1ncc(Cl)c(Nc2ccc(N3CCN(S(N)(=O)=O)CC3)cc2OC)n1,12.0
1964,CCC(=O)N1CCN(c2ccc(Nc3nc(Nc4ccc(N5CCN(C(C)=O)CC5)cc4OC)ncc3Cl)c(OC)c2)CC1,10.0
1965,COc1cc(N2CCN(C(C)=O)CC2)ccc1Nc1ncc(Cl)c(Nc2ccc(N3CCN(C(=O)C(C)(C)C)CC3)cc2OC)n1,23.0
1966,COc1cc(N2CCN(C(C)=O)CC2)ccc1Nc1nc(Nc2ccc(N3CCN(C(C)=O)CC3)cc2)ncc1F,67.0
1967,COc1cc(N2CCN(C(C)=O)CC2)ccc1Nc1ncc(F)c(Nc2ccc(N3CCNCC3)cc2OC)n1,15.0
1968,COc1cc(N2CCN(C(C)=O)CC2)ccc1Nc1ncc(F)c(Nc2ccc(N3CCN(S(C)(=O)=O)CC3)cc2OC)n1,22.0
1969,COC(=O)N1CCN(c2ccc(Nc3nc(Nc4ccc(N5CCN(C(C)=O)CC5)cc4OC)ncc3F)c(OC)c2)CC1,19.0
1970,COc1cc(N2CCN(C(C)=O)CC2)ccc1Nc1ncc(F)c(Nc2ccc(N3CCN(CCO)CC3)cc2OC)n1,11.0
1971,CCOc1cc(N2CCN(C(C)=O)CC2)ccc1Nc1nc(Nc2ccc(N3CCN(C(C)=O)CC3)cc2OC)ncc1F,79.0
1972,COc1cc(N2CCN(C(C)=O)CC2)ccc1Nc1ncc(F)c(Nc2ccc(N3CCN(C)CC3)cc2OC)n1,14.0
1973,CCNC(=O)N1CCN(c2ccc(Nc3nc(Nc4ccc(N5CCN(C(C)=O)CC5)cc4OC)ncc3F)c(OC)c2)CC1,31.0
1974,COc1cc(N2CCN(C(C)=O)CC2)ccc1Nc1ncc(F)c(Nc2ccc(N3CCN(C(=O)OC(C)(C)C)CC3)cc2OC)n1,210.0
1975,COc1cc(N2CCN(C(C)=O)CC2)ccc1Nc1ncc(Cl)c(Nc2ccc(N3CCNCC3)cc2OC(F)F)n1,5.0
1976,COc1cc(N2CCN(C(C)=O)CC2)ccc1Nc1ncc(Cl)c(Nc2ccc(N3CCN(C(=O)OC(C)(C)C)CC3)cc2OC(F)F)n1,570.0
1977,COc1cc(N2CCN(C(C)=O)CC2)ccc1Nc1ncc(Cl)c(Nc2ccc(N3CCN(C(C)=O)CC3)cc2OC(F)F)n1,10.0
1978,COc1cc(N2CCN(C(C)=O)CC2)ccc1Nc1ncc(F)c(Nc2ccc(N3CCN(C(=O)CO)CC3)cc2OC)n1,10.0
1979,COc1cc(N2CCN(C(C)=O)CC2)ccc1Nc1ncc(F)c(Nc2ccc(N3CCNCC3)cc2OC(F)F)n1,12.0
1980,COc1cc(N2CCN(C(C)=O)CC2)ccc1Nc1ncc(F)c(Nc2ccc(N3CCN(C)CC3)cc2OC(F)F)n1,17.0
1981,COc1cc(N2CCN(C(C)=O)CC2)ccc1Nc1ncc(F)c(Nc2ccc(N3CCN(C(=O)OC(C)(C)C)CC3)cc2OC(F)F)n1,350.0
1982,COc1cc(N2CCN(C(C)=O)CC2)ccc1Nc1ncc(F)c(Nc2ccc(N3CCN(S(C)(=O)=O)CC3)cc2OC(F)F)n1,29.0
1983,COC(=O)N1CCN(c2ccc(Nc3nc(Nc4ccc(N5CCN(C(C)=O)CC5)cc4OC)ncc3F)c(OC(F)F)c2)CC1,73.0
1984,COc1cc(N2CCN(C(C)=O)CC2)ccc1Nc1ncc(F)c(Nc2ccc(N3CCN(CCO)CC3)cc2OC(F)F)n1,16.0
1985,CCNC(=O)N1CCN(c2ccc(Nc3nc(Nc4ccc(N5CCN(C(C)=O)CC5)cc4OC)ncc3F)c(OC(F)F)c2)CC1,32.0
1986,COc1cc(N2CCN(C(C)=O)CC2)ccc1Nc1ncc(F)c(Nc2ccc(N3CCN(C(=O)CO)CC3)cc2OC(F)F)n1,8.0
1987,COc1cc(N2CCN(C(C)=O)CC2)ccc1Nc1ncc(F)c(Nc2ccc(N3CCN(C(C)=O)CC3)cc2OC(F)F)n1,10.0
1988,COc1cc(N2CCN(C(C)=O)CC2)ccc1Nc1ncc(Cl)c(Nc2ccc(N3CCN(C(C)=O)CC3)cc2NC(C)(C)C)n1,580.0
1989,COc1cc(N2CCN(C(C)=O)CC2)ccc1Nc1ncc(Cl)c(Nc2ccc(N3CCN(C(C)=O)CC3)cc2Nc2ccccc2)n1,1000.0
1990,CCC(=O)N(C)c1cc(N2CCNCC2)ccc1Nc1nc(Nc2ccc(N3CCN(C(C)=O)CC3)cc2OC)ncc1Cl,760.0
1991,CCCC(=O)N(C)c1cc(N2CCNCC2)ccc1Nc1nc(Nc2ccc(N3CCN(C(C)=O)CC3)cc2OC)ncc1Cl,1200.0
1992,CCC(=O)N(C)c1cc(N2CCN(C(=O)OC(C)(C)C)CC2)ccc1Nc1nc(Nc2ccc(N3CCN(C(C)=O)CC3)cc2OC)ncc1Cl,1000.0
1993,CCCC(=O)N(C)c1cc(N2CCN(C(=O)OC(C)(C)C)CC2)ccc1Nc1nc(Nc2ccc(N3CCN(C(C)=O)CC3)cc2OC)ncc1Cl,1000.0
1994,COc1cc(N2CCN(C(=O)OC(C)(C)C)CC2)ccc1Nc1ncc(Cl)c(Nc2ccc(N3CCN(C(C)=O)CC3)cc2OC)n1,25.0
1995,CCC(=O)N(C)c1cc(N2CCN(C(C)=O)CC2)ccc1Nc1nc(Nc2ccc(N3CCN(C(C)=O)CC3)cc2OC)ncc1C(F)(F)F,990.0
1996,CCCC(=O)N(C)c1cc(N2CCN(C(C)=O)CC2)ccc1Nc1nc(Nc2ccc(N3CCN(C(C)=O)CC3)cc2OC)ncc1Cl,4500.0
1997,COc1cc(N2CCN(C(C)=O)CC2)ccc1Nc1ncc(C(F)(F)F)c(Nc2ccc(N3CCN(C(=O)OC(C)(C)C)CC3)cc2OC)n1,120.0
1998,COc1cc(N2CCN(C(C)=O)CC2)ccc1Nc1ncc(C(F)(F)F)c(Nc2ccc(N3CCNCC3)cc2OC)n1,4.0
1999,CCNC(=O)N1CCN(c2ccc(Nc3nc(Nc4ccc(N5CCN(C(C)=O)CC5)cc4OC)ncc3C(F)(F)F)c(OC)c2)CC1,3.0
2000,COc1cc(N2CCN(C(C)=O)CC2)ccc1Nc1ncc(C(F)(F)F)c(Nc2ccc(N3CCN(C(=O)CO)CC3)cc2OC)n1,4.0
2001,COc1cc(N2CCN(C(C)=O)CC2)ccc1Nc1ncc(C(F)(F)F)c(Nc2ccc(N3CCN(C)CC3)cc2OC)n1,7.0
2002,COc1cc(N2CCN(C(C)=O)CC2)ccc1Nc1ncc(C(F)(F)F)c(Nc2ccc(N3CCN(S(C)(=O)=O)CC3)cc2OC)n1,10.0
2003,COc1cc(N2CCN(C(C)=O)CC2)ccc1Nc1ncc(C(F)(F)F)c(Nc2ccc(N3CCN(CCO)CC3)cc2OC)n1,4.0
2004,COc1cc(N2CCN(C(=O)OC(C)(C)C)CC2)ccc1Nc1ncc(C(F)(F)F)c(Nc2ccc(N3CCN(C(C)=O)CC3)cc2OC)n1,31.0
2005,COc1cc(N2CCNCC2)ccc1Nc1ncc(C(F)(F)F)c(Nc2ccc(N3CCN(C(C)=O)CC3)cc2OC)n1,3.0
2006,CCNC(=O)N1CCN(c2ccc(Nc3ncc(C(F)(F)F)c(Nc4ccc(N5CCN(C(C)=O)CC5)cc4OC)n3)c(OC)c2)CC1,6.0
2007,COc1cc(N2CCN(C(=O)CO)CC2)ccc1Nc1ncc(C(F)(F)F)c(Nc2ccc(N3CCN(C(C)=O)CC3)cc2OC)n1,7.0
2008,COc1cc(N2CCN(C)CC2)ccc1Nc1ncc(C(F)(F)F)c(Nc2ccc(N3CCN(C(C)=O)CC3)cc2OC)n1,6.0
2009,COc1cc(N2CCN(S(C)(=O)=O)CC2)ccc1Nc1ncc(C(F)(F)F)c(Nc2ccc(N3CCN(C(C)=O)CC3)cc2OC)n1,14.0
2010,COc1cc(N2CCN(CCO)CC2)ccc1Nc1ncc(C(F)(F)F)c(Nc2ccc(N3CCN(C(C)=O)CC3)cc2OC)n1,3.0
2011,COc1cc(N2CCNCC2)ccc1Nc1ncc(C(F)(F)F)c(Nc2ccc(N3CCNCC3)cc2OC)n1,3.0
2012,COC(=O)N1CCN(c2ccc(Nc3ncc(C(F)(F)F)c(Nc4ccc(N5CCN(C(=O)OC)CC5)cc4OC)n3)c(OC)c2)CC1,160.0
2013,CCNC(=O)N1CCN(c2ccc(Nc3ncc(C(F)(F)F)c(Nc4ccc(N5CCN(C(=O)NCC)CC5)cc4OC)n3)c(OC)c2)CC1,20.0
2014,COc1cc(N2CCN(C(=O)CO)CC2)ccc1Nc1ncc(C(F)(F)F)c(Nc2ccc(N3CCN(C(=O)CO)CC3)cc2OC)n1,3.0
2015,CC(=O)N1CCN(c2ccc(Nc3ncc(C(F)(F)F)c(Nc4ccc(N5CCN(C(C)=O)CC5)cc4OC(F)F)n3)c(OC(F)F)c2)CC1,16.0
2016,COc1cc(N2CCN(C(C)=O)CC2)ccc1Nc1ncc(Cl)c(Nc2ccc(N3CCN(C(C)=O)CC3)cc2Cl)n1,7.0
2017,CC(=O)N1CCN(c2ccc(Nc3ncc(Cl)c(Nc4ccc(N5CCN(C(C)=O)CC5)cc4Cl)n3)c(Cl)c2)CC1,40.0
2018,COc1cc(N2CCN(C(C)=O)CC2)ccc1Nc1ncc(Cl)c(Nc2ccc(N3CCN(C(C)=O)CC3)cc2Oc2ccccc2)n1,1000.0
2019,COc1cc(N2CCNCC2)ccc1Nc1ncc(Cl)c(Nc2ccc(N3CCNCC3)cc2OC)n1,3.0
2020,CCNC(=O)N1CCN(c2ccc(Nc3ncc(Cl)c(Nc4ccc(N5CCN(C(=O)NCC)CC5)cc4OC)n3)c(OC)c2)CC1,18.0
2021,COc1cc(N2CCN(S(C)(=O)=O)CC2)ccc1Nc1ncc(Cl)c(Nc2ccc(N3CCN(S(C)(=O)=O)CC3)cc2OC)n1,20.0
2022,COc1cc(N2CCN(C(=O)CO)CC2)ccc1Nc1ncc(Cl)c(Nc2ccc(N3CCN(C(=O)CO)CC3)cc2OC)n1,6.0
2023,COc1cc(N2CCN(C(C)=O)CC2)ccc1Nc1ncc(Cl)c(Nc2ccc(N3CCNCC3)cc2F)n1,17.0
2024,COc1cc(N2CCN(C(C)=O)CC2)ccc1Nc1ncc(Cl)c(Nc2ccc(N3CCN(C(C)=O)CC3)cc2F)n1,11.0
2025,COc1cc(N2CCN(C(=O)CO)CC2)ccc1Nc1ncc(Cl)c(Nc2ccc(N3CCN(C(C)=O)CC3)cc2OC)n1,4.0
2026,COC(=O)N1CCN(c2ccc(Nc3ncc(Cl)c(Nc4ccc(N5CCN(C(C)=O)CC5)cc4OC)n3)c(OC)c2)CC1,10.0
2027,COc1cc(N2CCN(CCO)CC2)ccc1Nc1ncc(Cl)c(Nc2ccc(N3CCN(C(C)=O)CC3)cc2OC)n1,2.0
2028,COc1cc(N2CCN(S(N)(=O)=O)CC2)ccc1Nc1ncc(Cl)c(Nc2ccc(N3CCN(C(C)=O)CC3)cc2OC)n1,9.0
2029,COc1cc(N2CCN(S(C)(=O)=O)CC2)ccc1Nc1ncc(Cl)c(Nc2ccc(N3CCN(C(C)=O)CC3)cc2OC)n1,10.0
2030,COc1cc(N2CCN(C(C)=O)CC2)ccc1Nc1ncc(Cl)c(Nc2ccc(N3CCN(C(=O)CO)CC3)cc2OC(F)F)n1,4.0
2031,COc1cc(N2CCNCC2)ccc1Nc1ncc(F)c(Nc2ccc(N3CCN(C(C)=O)CC3)cc2OC(F)F)n1,13.0
2032,CCOc1cc(N2CCN(C(C)=O)CC2)ccc1Nc1nc(Nc2ccc(N3CCN(C(C)=O)CC3)cc2OC)ncc1Cl,23.4
2033,CCCOc1cc(N2CCN(C(C)=O)CC2)ccc1Nc1nc(Nc2ccc(N3CCN(C(C)=O)CC3)cc2OC)ncc1Cl,364.0
2034,COc1cc(N2CCN(C(C)=O)CC2)ccc1Nc1ncc(Cl)c(Nc2ccc(N3CCN(C(C)=O)CC3)cc2OC(C)C)n1,361.0
2035,COc1cc(N2CCN(C(C)=O)CC2)ccc1Nc1ncc(F)c(Nc2ccc(N3CCN(C(C)=O)CC3)cc2OC)n1,305.0
2036,CCOc1cc(N2CCN(C(C)=O)CC2)ccc1Nc1nc(Nc2ccc(N3CCN(C(C)=O)CC3)cc2)ncc1Cl,247.0
2037,COc1cc(N2CCN(C(C)=O)CC2)ccc1Nc1ncc(Cl)c(Nc2ccc(N3CCN(C(C)=O)CC3)cc2OC)n1,75.0
2038,COc1cc(N2CCN(C(C)=O)CC2)ccc1Nc1ncc(Cl)c(Nc2ccc(N3CCN(C(C)=O)CC3)cc2)n1,326.6
2039,COc1cc(N2CCN(C(C)=O)CC2)ccc1Nc1nc(Nc2ccc(N3CCN(C(C)=O)CC3)cc2)ncc1Cl,207.0
2040,COc1cc(N2CCN(C(C)=O)CC2)ccc1Nc1ncc(C(F)(F)F)c(Nc2ccc(N3CCN(C(C)=O)CC3)cc2OC)n1,49.0
2041,COc1cc(N2CCN(C(C)=O)CC2)ccc1Nc1ncc(Cl)c(Nc2ccc(N3CCNCC3)cc2OC)n1,43.0
2042,COc1cc(N2CCN(C(C)=O)CC2)ccc1Nc1ncc(Cl)c(Nc2ccc(N3CCN(S(C)(=O)=O)CC3)cc2OC)n1,113.0
2043,COc1cc(N2CCN(C(C)=O)CC2)ccc1Nc1ncc(Cl)c(Nc2ccc(N3CCN(C(=O)CO)CC3)cc2OC)n1,63.0
2044,COc1cc(N2CCN(C(C)=O)CC2)ccc1Nc1ncc(Cl)c(Nc2ccc(N3CCN(C(=O)OC(C)(C)C)CC3)cc2OC)n1,301.0
2045,COc1cc(N2CCN(C(C)=O)CC2)ccc1Nc1ncc(Cl)c(Nc2ccc(N3CCN(CCO)CC3)cc2OC)n1,56.0
2046,COc1cc(N2CCN(C(C)=O)CC2)ccc1Nc1ncc(Br)c(Nc2ccc(N3CCN(C(C)=O)CC3)cc2OC)n1,86.0
2047,COc1cc(N2CCN(C(C)=O)CC2)ccc1Nc1ccnc(Nc2ccc(N3CCN(C(C)=O)CC3)cc2OC)n1,751.0
2048,COC(=O)N1CCN(c2ccc(Nc3nc(Nc4ccc(N5CCN(C(C)=O)CC5)cc4OC)ncc3Cl)c(OC)c2)CC1,1101.0
2049,COc1cc(N2CCN(C(C)=O)CC2)ccc1Nc1ncc(Cl)c(Nc2ccc(N3CCN(S(N)(=O)=O)CC3)cc2OC)n1,43.0
2050,CCC(=O)N1CCN(c2ccc(Nc3nc(Nc4ccc(N5CCN(C(C)=O)CC5)cc4OC)ncc3Cl)c(OC)c2)CC1,257.0
2051,COc1cc(N2CCN(C(C)=O)CC2)ccc1Nc1ncc(Cl)c(Nc2ccc(N3CCN(C(=O)C(C)(C)C)CC3)cc2OC)n1,183.0
2052,COc1cc(N2CCN(C(C)=O)CC2)ccc1Nc1nc(Nc2ccc(N3CCN(C(C)=O)CC3)cc2)ncc1F,846.0
2053,COc1cc(N2CCN(C(C)=O)CC2)ccc1Nc1ncc(F)c(Nc2ccc(N3CCN(S(C)(=O)=O)CC3)cc2OC)n1,235.0
2054,COC(=O)N1CCN(c2ccc(Nc3nc(Nc4ccc(N5CCN(C(C)=O)CC5)cc4OC)ncc3F)c(OC)c2)CC1,567.0
2055,COc1cc(N2CCN(C(C)=O)CC2)ccc1Nc1ncc(F)c(Nc2ccc(N3CCN(CCO)CC3)cc2OC)n1,169.0
2056,CCOc1cc(N2CCN(C(C)=O)CC2)ccc1Nc1nc(Nc2ccc(N3CCN(C(C)=O)CC3)cc2OC)ncc1F,698.0
2057,COc1cc(N2CCN(C(C)=O)CC2)ccc1Nc1ncc(F)c(Nc2ccc(N3CCN(C)CC3)cc2OC)n1,265.0
2058,CCNC(=O)N1CCN(c2ccc(Nc3nc(Nc4ccc(N5CCN(C(C)=O)CC5)cc4OC)ncc3F)c(OC)c2)CC1,394.0
2059,COc1cc(N2CCN(C(C)=O)CC2)ccc1Nc1ncc(Cl)c(Nc2ccc(N3CCNCC3)cc2OC(F)F)n1,10.0
2060,COc1cc(N2CCN(C(C)=O)CC2)ccc1Nc1ncc(Cl)c(Nc2ccc(N3CCN(C(C)=O)CC3)cc2OC(F)F)n1,41.0
2061,COc1cc(N2CCN(C(C)=O)CC2)ccc1Nc1ncc(F)c(Nc2ccc(N3CCN(C(=O)CO)CC3)cc2OC)n1,31.0
2062,COc1cc(N2CCN(C(C)=O)CC2)ccc1Nc1ncc(F)c(Nc2ccc(N3CCNCC3)cc2OC(F)F)n1,49.0
2063,COc1cc(N2CCN(C(C)=O)CC2)ccc1Nc1ncc(F)c(Nc2ccc(N3CCN(C)CC3)cc2OC(F)F)n1,110.0
2064,COc1cc(N2CCN(C(C)=O)CC2)ccc1Nc1ncc(F)c(Nc2ccc(N3CCN(CCO)CC3)cc2OC(F)F)n1,140.0
2065,COc1cc(N2CCN(C(C)=O)CC2)ccc1Nc1ncc(F)c(Nc2ccc(N3CCN(C(=O)CO)CC3)cc2OC(F)F)n1,36.0
2066,COc1cc(N2CCN(C(=O)OC(C)(C)C)CC2)ccc1Nc1ncc(Cl)c(Nc2ccc(N3CCN(C(C)=O)CC3)cc2OC)n1,550.0
2067,COc1cc(N2CCN(C(C)=O)CC2)ccc1Nc1ncc(C(F)(F)F)c(Nc2ccc(N3CCNCC3)cc2OC)n1,4.0
2068,CCNC(=O)N1CCN(c2ccc(Nc3nc(Nc4ccc(N5CCN(C(C)=O)CC5)cc4OC)ncc3C(F)(F)F)c(OC)c2)CC1,2.0
2069,COc1cc(N2CCN(C(C)=O)CC2)ccc1Nc1ncc(C(F)(F)F)c(Nc2ccc(N3CCN(C(=O)CO)CC3)cc2OC)n1,2.0
2070,COc1cc(N2CCN(C(C)=O)CC2)ccc1Nc1ncc(C(F)(F)F)c(Nc2ccc(N3CCN(C)CC3)cc2OC)n1,3.0
2071,COc1cc(N2CCN(C(C)=O)CC2)ccc1Nc1ncc(C(F)(F)F)c(Nc2ccc(N3CCN(S(C)(=O)=O)CC3)cc2OC)n1,3.0
2072,COc1cc(N2CCN(C(C)=O)CC2)ccc1Nc1ncc(C(F)(F)F)c(Nc2ccc(N3CCN(CCO)CC3)cc2OC)n1,11.0
2073,COc1cc(N2CCN(C(=O)OC(C)(C)C)CC2)ccc1Nc1ncc(C(F)(F)F)c(Nc2ccc(N3CCN(C(C)=O)CC3)cc2OC)n1,33.0
2074,COc1cc(N2CCNCC2)ccc1Nc1ncc(C(F)(F)F)c(Nc2ccc(N3CCN(C(C)=O)CC3)cc2OC)n1,3.0
2075,CCNC(=O)N1CCN(c2ccc(Nc3ncc(C(F)(F)F)c(Nc4ccc(N5CCN(C(C)=O)CC5)cc4OC)n3)c(OC)c2)CC1,8.0
2076,COc1cc(N2CCN(C(=O)CO)CC2)ccc1Nc1ncc(C(F)(F)F)c(Nc2ccc(N3CCN(C(C)=O)CC3)cc2OC)n1,3.0
2077,COc1cc(N2CCN(C)CC2)ccc1Nc1ncc(C(F)(F)F)c(Nc2ccc(N3CCN(C(C)=O)CC3)cc2OC)n1,3.0
2078,COc1cc(N2CCN(S(C)(=O)=O)CC2)ccc1Nc1ncc(C(F)(F)F)c(Nc2ccc(N3CCN(C(C)=O)CC3)cc2OC)n1,39.0
2079,COc1cc(N2CCN(CCO)CC2)ccc1Nc1ncc(C(F)(F)F)c(Nc2ccc(N3CCN(C(C)=O)CC3)cc2OC)n1,5.0
2080,COc1cc(N2CCNCC2)ccc1Nc1ncc(C(F)(F)F)c(Nc2ccc(N3CCNCC3)cc2OC)n1,4.0
2081,CCNC(=O)N1CCN(c2ccc(Nc3ncc(C(F)(F)F)c(Nc4ccc(N5CCN(C(=O)NCC)CC5)cc4OC)n3)c(OC)c2)CC1,46.0
2082,COc1cc(N2CCN(C(=O)CO)CC2)ccc1Nc1ncc(C(F)(F)F)c(Nc2ccc(N3CCN(C(=O)CO)CC3)cc2OC)n1,5.0
2083,CC(=O)N1CCN(c2ccc(Nc3ncc(C(F)(F)F)c(Nc4ccc(N5CCN(C(C)=O)CC5)cc4OC(F)F)n3)c(OC(F)F)c2)CC1,58.0
2084,COc1cc(N2CCN(C(C)=O)CC2)ccc1Nc1ncc(Cl)c(Nc2ccc(N3CCN(C(C)=O)CC3)cc2Cl)n1,44.0
2085,CC(=O)N1CCN(c2ccc(Nc3ncc(Cl)c(Nc4ccc(N5CCN(C(C)=O)CC5)cc4Cl)n3)c(Cl)c2)CC1,260.0
2086,COc1cc(N2CCNCC2)ccc1Nc1ncc(Cl)c(Nc2ccc(N3CCNCC3)cc2OC)n1,4.0
2087,COc1cc(N2CCN(S(C)(=O)=O)CC2)ccc1Nc1ncc(Cl)c(Nc2ccc(N3CCN(S(C)(=O)=O)CC3)cc2OC)n1,64.0
2088,COc1cc(N2CCN(C(=O)CO)CC2)ccc1Nc1ncc(Cl)c(Nc2ccc(N3CCN(C(=O)CO)CC3)cc2OC)n1,11.0
2089,COc1cc(N2CCN(C(C)=O)CC2)ccc1Nc1ncc(Cl)c(Nc2ccc(N3CCNCC3)cc2F)n1,130.0
2090,COc1cc(N2CCN(C(C)=O)CC2)ccc1Nc1ncc(Cl)c(Nc2ccc(N3CCN(C(C)=O)CC3)cc2F)n1,280.0
2091,COc1cc(N2CCN(C(=O)CO)CC2)ccc1Nc1ncc(Cl)c(Nc2ccc(N3CCN(C(C)=O)CC3)cc2OC)n1,27.0
2092,COC(=O)N1CCN(c2ccc(Nc3ncc(Cl)c(Nc4ccc(N5CCN(C(C)=O)CC5)cc4OC)n3)c(OC)c2)CC1,94.0
2093,COc1cc(N2CCN(CCO)CC2)ccc1Nc1ncc(Cl)c(Nc2ccc(N3CCN(C(C)=O)CC3)cc2OC)n1,21.0
2094,COc1cc(N2CCN(S(N)(=O)=O)CC2)ccc1Nc1ncc(Cl)c(Nc2ccc(N3CCN(C(C)=O)CC3)cc2OC)n1,91.0
2095,COc1cc(N2CCN(S(C)(=O)=O)CC2)ccc1Nc1ncc(Cl)c(Nc2ccc(N3CCN(C(C)=O)CC3)cc2OC)n1,53.0
2096,COc1cc(N2CCN(C(C)=O)CC2)ccc1Nc1ncc(Cl)c(Nc2ccc(N3CCN(C(=O)CO)CC3)cc2OC(F)F)n1,27.0
2097,COc1cc(N2CCNCC2)ccc1Nc1ncc(F)c(Nc2ccc(N3CCN(C(C)=O)CC3)cc2OC(F)F)n1,170.0
2098,C[C@@H](Oc1cc(-c2cnn(C3CC4(CNC4)C3)c2)cnc1N)c1c(Cl)ccc(F)c1Cl,2.21
2099,C[C@@H](Oc1cc(-c2cnn(C3CC4(CCNCC4)C3)c2)cnc1N)c1c(Cl)ccc(F)c1Cl,1.2
2100,C[C@@H](Oc1cc(-c2cnn(C3CCC4(CC3)CNC4)c2)cnc1N)c1c(Cl)ccc(F)c1Cl,4.31
2101,C[C@@H](Oc1cc(-c2cnn(C3CC4(CCCNC4)C3)c2)cnc1N)c1c(Cl)ccc(F)c1Cl,1.92
2102,CN[C@@H]1C[C@H]2O[C@@](C)([C@@H]1OC)n1c3ccccc3c3c4c(c5c6ccccc6n2c5c31)C(=O)NC4,2.3
2103,C[C@@H](Oc1cc(-c2cnn(C3CC4(CCNCC4)C3)c2)cnc1N)c1c(Cl)ccc(F)c1Cl,1.2
2104,C[C@@H](Oc1cc(-c2cnn(C3CC4(CCNCC4)C3)c2)cnc1N)c1c(Cl)ccc(F)c1Cl,1.4
2105,C[C@@H](Oc1cc(-c2cnn(C3CC4(CCNCC4)C3)c2)cnc1N)c1c(Cl)ccc(F)c1Cl,1.8
2106,C[C@@H](Oc1cc(-c2cnn(C3CC4(CCNCC4)C3)c2)cnc1N)c1c(Cl)ccc(F)c1Cl,1.5
2107,C[C@@H](Oc1cc(-c2cnn(C3CCNCC3)c2)cnc1N)c1c(Cl)ccc(F)c1Cl,2.1
2108,C[C@@H](Oc1cc(-c2cnn(C3CCNCC3)c2)cnc1N)c1c(Cl)ccc(F)c1Cl,1.2
2109,C[C@@H](Oc1cc(-c2cnn(C3CCNCC3)c2)cnc1N)c1c(Cl)ccc(F)c1Cl,2.7
2110,C[C@@H](Oc1cc(-c2cnn(C3CCNCC3)c2)cnc1N)c1c(Cl)ccc(F)c1Cl,7.4
2111,C[C@@H](Oc1cc(-c2cnn(C3CCNCC3)c2)cnc1N)c1c(Cl)ccc(F)c1Cl,2.9
2112,CN1CCN(c2ccc(C(=O)Nc3n[nH]c4ccc(Cc5cc(F)cc(F)c5)cc34)c(NC3CCOCC3)c2)CC1,55.0
2113,CN1CCN(c2ccc(C(=O)Nc3n[nH]c4ccc(Cc5cc(F)cc(F)c5)cc34)cc2)CC1,207.0
2114,COCCNc1cc(N2CCN(C)CC2)ccc1C(=O)Nc1n[nH]c2ccc(Cc3cc(F)cc(F)c3)cc12,411.0
2115,CN1CCN(c2ccc(C(=O)Nc3n[nH]c4ccc(Cc5cc(F)cc(F)c5)cc34)c(NC3CCCCC3)c2)CC1,1771.0
2116,Nc1ccc(-c2ccc3ncc4c(=O)[nH]c(=O)n(-c5cccc(C(F)(F)F)c5)c4c3n2)cn1,1170.0
2117,CN1CCN(c2ccc(-c3ccc4[nH]c5nccc(Cl)c5c4c3)cc2)CC1,2100.0
2118,CN1CCN(c2ccc(-c3ccc4[nH]c5nccc(/C=C/c6ccccc6)c5c4c3)cc2)CC1,500.0
2119,C/C(=C\c1ccccc1C(F)(F)F)c1ccnc2[nH]c3ccc(-c4ccc(N5CCN(C)CC5)cc4)cc3c12,7600.0
2120,CN1CCN(c2ccc(-c3ccc4[nH]c5nccc(/C=C/c6ccccc6)c5c4c3)cn2)CC1,350.0
2121,CN1CCN(c2ccc(-c3ccc4[nH]c5nccc(-c6ccc(-c7ccccc7)cc6)c5c4c3)cc2)CC1,660.0
2122,CN1CCN(c2ccc(-c3ccc4[nH]c5nccc(/C=C/c6cccc(F)c6)c5c4c3)cc2)CC1,250.0
2123,COc1ccc(/C=C/c2ccnc3[nH]c4ccc(-c5ccc(N6CCN(C)CC6)cc5)cc4c23)cc1,1200.0
2124,CN1CCN(c2ccc(-c3ccc4[nH]c5nccc(-c6ccc(OCc7ccccc7)cc6)c5c4c3)cc2)CC1,2200.0
2125,CN1CCN(c2ccc(-c3ccc4[nH]c5nccc(-c6ccc(COc7cccc(C(F)(F)F)c7)cc6)c5c4c3)cc2)CC1,1700.0
2126,COc1ccccc1/C=C/c1ccnc2[nH]c3ccc(-c4ccc(N5CCN(C)CC5)cc4)cc3c12,320.0
2127,CN1CCN(c2ccc(-c3ccc4[nH]c5nccc(/C=C/c6ccccc6C(F)(F)F)c5c4c3)cc2)CC1,260.0
2128,Cc1cc(OCc2ccc(-c3ccnc4[nH]c5ccc(-c6ccc(N7CCN(C)CC7)cc6)cc5c34)cc2)ccc1Cl,110.0
2129,CN1CCN(c2ccc(-c3ccc4[nH]c5nccc(/C=C/c6ccc(F)cc6)c5c4c3)cc2)CC1,370.0
2130,CN1CCN(c2ccc(-c3ccc4[nH]c5nccc(/C=C/c6ccc(C(F)(F)F)cc6)c5c4c3)cc2)CC1,280.0
2131,CN1CCN(c2ccc(-c3ccc4[nH]c5nccc(-c6ccc(-c7ccccc7)cc6F)c5c4c3)cc2)CC1,970.0
2132,CN1CCN(c2ccc(-c3ccc4[nH]c5nccc(-c6ccc(Cc7ccccc7)cc6)c5c4c3)cc2)CC1,200.0
2133,CN1CCN(c2ccc(-c3ccc4[nH]c5nccc(-c6cccc(-c7ccccc7)c6)c5c4c3)cc2)CC1,210.0
2134,CN1CCN(c2ccc(-c3ccc4[nH]c5nccc(/C=C/c6ccccc6F)c5c4c3)cc2)CC1,460.0
2135,CN1CCN(c2ccc(-c3ccc4[nH]c5nccc(/C=C/c6ccccc6Cl)c5c4c3)cc2)CC1,880.0
2136,CN1CCN(c2ccc(-c3ccc4[nH]c5nccc(-c6ccc(N7CCN(C)CC7)cc6)c5c4c3)cc2)CC1,10000.0
2137,CN1CCC(N2CCN(c3ccc(-c4ccc5[nH]c6nccc(-c7ccc(Cc8ccccc8)cc7)c6c5c4)cc3)CC2)CC1,1500.0
2138,CN1CCC(N2CCN(c3ccc(-c4ccc5[nH]c6nccc(/C=C/c7ccccc7C(F)(F)F)c6c5c4)cc3)CC2)CC1,2900.0
2139,CN1CCN(c2ccc(-c3ccc4[nH]c5nccc(-c6ccc(C(=O)c7ccccc7)cc6)c5c4c3)cc2)CC1,610.0
2140,CN1CCN(c2ccc(-c3ccc4[nH]c5nccc(-c6ccc(-c7cccc8ccccc78)cc6)c5c4c3)cc2)CC1,52.0
2141,CN1CCN(c2ccc(-c3ccc4[nH]c5nccc(/C(=C/c6ccccc6)c6ccccc6)c5c4c3)cc2)CC1,1200.0
2142,COc1ccc(Cc2ccc(-c3ccnc4[nH]c5ccc(-c6ccc(N7CCN(C)CC7)cc6)cc5c34)cc2)c(OC)c1,520.0
2143,COc1ccccc1/C=C(\C)c1ccnc2[nH]c3ccc(-c4ccc(N5CCN(C)CC5)cc4)cc3c12,1500.0
2144,C/C(=C\c1ccccc1)c1ccnc2[nH]c3ccc(-c4ccc(N5CCN(C)CC5)cc4)cc3c12,270.0
2145,CN1CCN(c2ccc(-c3ccc4[nH]c5nccc(/C=C/c6ccccc6NS(C)(=O)=O)c5c4c3)cc2)CC1,160.0
2146,CC/C=C(\c1ccccc1)c1ccnc2[nH]c3ccc(-c4ccc(N5CCN(C)CC5)cc4)cc3c12,1400.0
2147,CC/C=C(\c1ccccc1)c1ccnc2[nH]c3ccc(-c4ccc(N5CCN(C)CC5)cc4)cc3c12,1000.0
2148,CC(C)[Si](/C=C/c1ccnc2[nH]c3ccc(-c4ccc(N5CCN(C)CC5)cc4)cc3c12)(C(C)C)C(C)C,3200.0
2149,CN1CCN(c2ccc(-c3ccc4[nH]c5nccc(-c6ccc(C(O)c7ccccc7)cc6)c5c4c3)cc2)CC1,1400.0
2150,CN1CCN(c2ccc(-c3ccc4[nH]c5nccc(Nc6ccccc6[N+](=O)[O-])c5c4c3)cc2)CC1,560.0
2151,CN1CCN(c2ccc(-c3ccc4[nH]c5nccc(Nc6ccccc6[N+](=O)[O-])c5c4c3)cc2)CC1,3300.0
2152,CN1CCC(N2CCN(c3ccc(-c4ccc5[nH]c6nccc(Nc7ccccc7[N+](=O)[O-])c6c5c4)cc3)CC2)CC1,8500.0
2153,CN1CCN(c2ccc(-c3ccc4[nH]c5nccc(C#Cc6ccccc6)c5c4c3)cc2)CC1,170.0
2154,COc1ccccc1C#Cc1ccnc2[nH]c3ccc(-c4ccc(N5CCN(C)CC5)cc4)cc3c12,750.0
2155,CN1CCN(c2ccc(-c3ccc4[nH]c5nccc(C#Cc6ccccc6C(F)(F)F)c5c4c3)cc2)CC1,1100.0
2156,CN1CCN(c2ccc(-c3ccc4[nH]c5nccc(C#Cc6ccc(F)cc6)c5c4c3)cc2)CC1,890.0
2157,CN1CCN(c2ccc(-c3ccc4[nH]c5nccc(C#Cc6ccccc6F)c5c4c3)cc2)CC1,1100.0
2158,CN1CCN(c2ccc(-c3ccc4[nH]c5nccc(C#Cc6ccccc6Cl)c5c4c3)cc2)CC1,1200.0
2159,CC(C)[Si](C#Cc1ccnc2[nH]c3ccc(-c4ccc(N5CCN(C)CC5)cc4)cc3c12)(C(C)C)C(C)C,4900.0
2160,C#Cc1ccnc2[nH]c3ccc(-c4ccc(N5CCN(C)CC5)cc4)cc3c12,29000.0
2161,COc1ccccc1C#Cc1ccnc2c1c1cc(-c3ccc(N4CCN(C)CC4)cc3)ccc1n2C,3800.0
2162,COc1ccc(Sc2ccnc3[nH]c4ccc(-c5ccc(N6CCN(C)CC6)cc5)cc4c23)cc1,5700.0
2163,Cc1ccc(Cn2cc(-c3ccnc4[nH]c5ccc(-c6ccc(N7CCN(C)CC7)cc6)cc5c34)nn2)cc1,6800.0
2164,CN1CCN(c2ccc(-c3ccc4[nH]c5nccc(-c6ccc(Oc7ccccc7)cc6)c5c4c3)cc2)CC1,840.0
2165,CN1CCN(c2ccc(-c3ccc4[nH]c5nccc(-c6ccc(-c7ccc(F)cc7)nc6)c5c4c3)cc2)CC1,1800.0
2166,COc1cc(-c2ccnc3[nH]c4ccc(-c5ccc(N6CCN(C)CC6)cc5)cc4c23)c(OC)cc1C(=O)c1ccccc1,8200.0
2167,COc1cc(C(=O)c2ccccc2)c(O)cc1-c1ccnc2[nH]c3ccc(-c4ccc(N5CCN(C)CC5)cc4)cc3c12,2800.0
2168,COc1cc(-c2ccnc3[nH]c4ccc(-c5ccc(N6CCN(C)CC6)cc5)cc4c23)c(OC)cc1Cc1ccccc1,310.0
2169,COc1cc(Cc2ccccc2)c(O)cc1-c1ccnc2[nH]c3ccc(-c4ccc(N5CCN(C)CC5)cc4)cc3c12,4300.0
2170,CN1CCN(c2ccc(-c3ccc4[nH]c5nccc(-c6ccc(Cc7ccccc7)c(C(F)(F)F)c6)c5c4c3)cc2)CC1,2200.0
2171,CN1CCN(c2ccc(-c3ccc4[nH]c5nccc(-c6ccc(Cc7ccccc7)cc6C(F)(F)F)c5c4c3)cc2)CC1,7900.0
2172,COc1cc(-c2ccnc3[nH]c4ccc(-c5ccc(N6CCN(C)CC6)cc5)cc4c23)cc(OC)c1Cc1ccccc1,7900.0
2173,COc1cc(C(O)c2ccccc2)c(OC)cc1-c1ccnc2[nH]c3ccc(-c4ccc(N5CCN(C)CC5)cc4)cc3c12,18000.0
2174,CN1CCN(c2ccc(-c3ccc4[nH]c5nccc(N6CCC(Cc7ccccc7)CC6)c5c4c3)cc2)CC1,200.0
2175,CN1CCN(c2ccc(-c3ccc4[nH]c5nccc(N6CCN(Cc7ccccc7)CC6)c5c4c3)cc2)CC1,1000.0
2176,CN1CCN(c2ccc(-c3ccc4[nH]c5nccc(Cl)c5c4c3)cc2)CC1,1000.0
2177,C/C(=C\c1ccccc1C(F)(F)F)c1ccnc2[nH]c3ccc(-c4ccc(N5CCN(C)CC5)cc4)cc3c12,6400.0
2178,CN1CCN(c2ccc(-c3ccc4[nH]c5nccc(/C=C/c6ccccc6)c5c4c3)cn2)CC1,350.0
2179,CN1CCN(c2ccc(-c3ccc4[nH]c5nccc(-c6ccc(-c7ccccc7)cc6)c5c4c3)cc2)CC1,680.0
2180,CN1CCN(c2ccc(-c3ccc4[nH]c5nccc(/C=C/c6cccc(F)c6)c5c4c3)cc2)CC1,320.0
2181,COc1ccc(/C=C/c2ccnc3[nH]c4ccc(-c5ccc(N6CCN(C)CC6)cc5)cc4c23)cc1,170.0
2182,CN1CCN(c2ccc(-c3ccc4[nH]c5nccc(-c6ccc(OCc7ccccc7)cc6)c5c4c3)cc2)CC1,900.0
2183,CN1CCN(c2ccc(-c3ccc4[nH]c5nccc(-c6ccc(COc7cccc(C(F)(F)F)c7)cc6)c5c4c3)cc2)CC1,350.0
2184,COc1ccccc1/C=C/c1ccnc2[nH]c3ccc(-c4ccc(N5CCN(C)CC5)cc4)cc3c12,110.0
2185,CN1CCN(c2ccc(-c3ccc4[nH]c5nccc(/C=C/c6ccccc6C(F)(F)F)c5c4c3)cc2)CC1,160.0
2186,Cc1cc(OCc2ccc(-c3ccnc4[nH]c5ccc(-c6ccc(N7CCN(C)CC7)cc6)cc5c34)cc2)ccc1Cl,52.0
2187,CN1CCN(c2ccc(-c3ccc4[nH]c5nccc(/C=C/c6ccc(F)cc6)c5c4c3)cc2)CC1,91.0
2188,CN1CCN(c2ccc(-c3ccc4[nH]c5nccc(/C=C/c6ccc(C(F)(F)F)cc6)c5c4c3)cc2)CC1,120.0
2189,CN1CCN(c2ccc(-c3ccc4[nH]c5nccc(-c6ccc(-c7ccccc7)cc6F)c5c4c3)cc2)CC1,390.0
2190,CN1CCN(c2ccc(-c3ccc4[nH]c5nccc(-c6ccc(Cc7ccccc7)cc6)c5c4c3)cc2)CC1,40.0
2191,CN1CCN(c2ccc(-c3ccc4[nH]c5nccc(-c6cccc(-c7ccccc7)c6)c5c4c3)cc2)CC1,140.0
2192,CN1CCN(c2ccc(-c3ccc4[nH]c5nccc(/C=C/c6ccccc6F)c5c4c3)cc2)CC1,150.0
2193,CN1CCN(c2ccc(-c3ccc4[nH]c5nccc(/C=C/c6ccccc6Cl)c5c4c3)cc2)CC1,320.0
2194,CN1CCN(c2ccc(-c3ccc4[nH]c5nccc(-c6ccc(N7CCN(C)CC7)cc6)c5c4c3)cc2)CC1,900.0
2195,CN1CCC(N2CCN(c3ccc(-c4ccc5[nH]c6nccc(-c7ccc(Cc8ccccc8)cc7)c6c5c4)cc3)CC2)CC1,700.0
2196,CN1CCC(N2CCN(c3ccc(-c4ccc5[nH]c6nccc(/C=C/c7ccccc7C(F)(F)F)c6c5c4)cc3)CC2)CC1,880.0
2197,CN1CCN(c2ccc(-c3ccc4[nH]c5nccc(-c6ccc(C(=O)c7ccccc7)cc6)c5c4c3)cc2)CC1,150.0
2198,CN1CCN(c2ccc(-c3ccc4[nH]c5nccc(-c6ccc(-c7cccc8ccccc78)cc6)c5c4c3)cc2)CC1,52.0
2199,CN1CCN(c2ccc(-c3ccc4[nH]c5nccc(/C(=C/c6ccccc6)c6ccccc6)c5c4c3)cc2)CC1,1600.0
2200,COc1ccc(Cc2ccc(-c3ccnc4[nH]c5ccc(-c6ccc(N7CCN(C)CC7)cc6)cc5c34)cc2)c(OC)c1,590.0
2201,COc1ccccc1/C=C(\C)c1ccnc2[nH]c3ccc(-c4ccc(N5CCN(C)CC5)cc4)cc3c12,1800.0
2202,C/C(=C\c1ccccc1)c1ccnc2[nH]c3ccc(-c4ccc(N5CCN(C)CC5)cc4)cc3c12,160.0
2203,CN1CCN(c2ccc(-c3ccc4[nH]c5nccc(/C=C/c6ccccc6NS(C)(=O)=O)c5c4c3)cc2)CC1,280.0
2204,CC/C=C(\c1ccccc1)c1ccnc2[nH]c3ccc(-c4ccc(N5CCN(C)CC5)cc4)cc3c12,1500.0
2205,CC/C=C(\c1ccccc1)c1ccnc2[nH]c3ccc(-c4ccc(N5CCN(C)CC5)cc4)cc3c12,2300.0
2206,CC(C)[Si](/C=C/c1ccnc2[nH]c3ccc(-c4ccc(N5CCN(C)CC5)cc4)cc3c12)(C(C)C)C(C)C,7100.0
2207,CN1CCN(c2ccc(-c3ccc4[nH]c5nccc(-c6ccc(C(O)c7ccccc7)cc6)c5c4c3)cc2)CC1,230.0
2208,CN1CCN(c2ccc(-c3ccc4[nH]c5nccc(Nc6ccccc6[N+](=O)[O-])c5c4c3)cc2)CC1,180.0
2209,CN1CCN(c2ccc(-c3ccc4[nH]c5nccc(Nc6ccccc6[N+](=O)[O-])c5c4c3)cc2)CC1,1900.0
2210,CN1CCC(N2CCN(c3ccc(-c4ccc5[nH]c6nccc(Nc7ccccc7[N+](=O)[O-])c6c5c4)cc3)CC2)CC1,890.0
2211,CN1CCN(c2ccc(-c3ccc4[nH]c5nccc(C#Cc6ccccc6)c5c4c3)cc2)CC1,130.0
2212,COc1ccccc1C#Cc1ccnc2[nH]c3ccc(-c4ccc(N5CCN(C)CC5)cc4)cc3c12,290.0
2213,CN1CCN(c2ccc(-c3ccc4[nH]c5nccc(C#Cc6ccccc6C(F)(F)F)c5c4c3)cc2)CC1,270.0
2214,CN1CCN(c2ccc(-c3ccc4[nH]c5nccc(C#Cc6ccc(F)cc6)c5c4c3)cc2)CC1,130.0
2215,CN1CCN(c2ccc(-c3ccc4[nH]c5nccc(C#Cc6ccccc6F)c5c4c3)cc2)CC1,140.0
2216,CN1CCN(c2ccc(-c3ccc4[nH]c5nccc(C#Cc6ccccc6Cl)c5c4c3)cc2)CC1,290.0
2217,CC(C)[Si](C#Cc1ccnc2[nH]c3ccc(-c4ccc(N5CCN(C)CC5)cc4)cc3c12)(C(C)C)C(C)C,6200.0
2218,C#Cc1ccnc2[nH]c3ccc(-c4ccc(N5CCN(C)CC5)cc4)cc3c12,43000.0
2219,COc1ccccc1C#Cc1ccnc2c1c1cc(-c3ccc(N4CCN(C)CC4)cc3)ccc1n2C,910.0
2220,COc1ccc(Sc2ccnc3[nH]c4ccc(-c5ccc(N6CCN(C)CC6)cc5)cc4c23)cc1,10000.0
2221,Cc1ccc(Cn2cc(-c3ccnc4[nH]c5ccc(-c6ccc(N7CCN(C)CC7)cc6)cc5c34)nn2)cc1,2200.0
2222,CN1CCN(c2ccc(-c3ccc4[nH]c5nccc(-c6ccc(Oc7ccccc7)cc6)c5c4c3)cc2)CC1,7200.0
2223,CN1CCN(c2ccc(-c3ccc4[nH]c5nccc(-c6ccc(-c7ccc(F)cc7)nc6)c5c4c3)cc2)CC1,920.0
2224,COc1cc(-c2ccnc3[nH]c4ccc(-c5ccc(N6CCN(C)CC6)cc5)cc4c23)c(OC)cc1C(=O)c1ccccc1,2300.0
2225,COc1cc(C(=O)c2ccccc2)c(O)cc1-c1ccnc2[nH]c3ccc(-c4ccc(N5CCN(C)CC5)cc4)cc3c12,830.0
2226,COc1cc(-c2ccnc3[nH]c4ccc(-c5ccc(N6CCN(C)CC6)cc5)cc4c23)c(OC)cc1Cc1ccccc1,22.0
2227,COc1cc(Cc2ccccc2)c(O)cc1-c1ccnc2[nH]c3ccc(-c4ccc(N5CCN(C)CC5)cc4)cc3c12,1300.0
2228,CN1CCN(c2ccc(-c3ccc4[nH]c5nccc(-c6ccc(Cc7ccccc7)c(C(F)(F)F)c6)c5c4c3)cc2)CC1,2100.0
2229,CN1CCN(c2ccc(-c3ccc4[nH]c5nccc(-c6ccc(Cc7ccccc7)cc6C(F)(F)F)c5c4c3)cc2)CC1,3200.0
2230,COc1cc(-c2ccnc3[nH]c4ccc(-c5ccc(N6CCN(C)CC6)cc5)cc4c23)cc(OC)c1Cc1ccccc1,19000.0
2231,COc1cc(C(O)c2ccccc2)c(OC)cc1-c1ccnc2[nH]c3ccc(-c4ccc(N5CCN(C)CC5)cc4)cc3c12,8700.0
2232,CN1CCN(c2ccc(-c3ccc4[nH]c5nccc(N6CCC(Cc7ccccc7)CC6)c5c4c3)cc2)CC1,32.0
2233,CN1CCN(c2ccc(-c3ccc4[nH]c5nccc(N6CCN(Cc7ccccc7)CC6)c5c4c3)cc2)CC1,690.0
2234,Cc1cc(Nc2ncc(Cl)c(Nc3ccccc3S(=O)(=O)C(C)C)n2)c(OC(C)C)cc1C1CCNCC1,14.0
2235,COc1cc(CC#N)c(C)cc1Nc1ncc(Cl)c(Nc2ccccc2S(=O)(=O)C(C)C)n1,21.0
2236,COc1cc(C(C)(C)C#N)c(C)cc1Nc1ncc(Cl)c(Nc2ccccc2S(=O)(=O)C(C)C)n1,200.0
2237,COc1cc(CCN)c(C)cc1Nc1ncc(Cl)c(Nc2ccccc2S(=O)(=O)C(C)C)n1,2.7
2238,COc1cc(CCN(C)C)c(C)cc1Nc1ncc(Cl)c(Nc2ccccc2S(=O)(=O)C(C)C)n1,1.4
2239,COc1cc(CCNC=O)c(C)cc1Nc1ncc(Cl)c(Nc2ccccc2S(=O)(=O)C(C)C)n1,4.0
2240,CNCCc1cc(OC)c(Nc2ncc(Cl)c(Nc3ccccc3S(=O)(=O)C(C)C)n2)cc1C,1.5
2241,COc1cc(C(C)(C)CN)c(C)cc1Nc1ncc(Cl)c(Nc2ccccc2S(=O)(=O)C(C)C)n1,4.9
2242,COc1cc(C(C)(C)CN(C)C)c(C)cc1Nc1ncc(Cl)c(Nc2ccccc2S(=O)(=O)C(C)C)n1,2.2
2243,COc1cc(C(C)(C)CNC=O)c(C)cc1Nc1ncc(Cl)c(Nc2ccccc2S(=O)(=O)C(C)C)n1,7.8
2244,CNCC(C)(C)c1cc(OC)c(Nc2ncc(Cl)c(Nc3ccccc3S(=O)(=O)C(C)C)n2)cc1C,1.5
2245,COc1cc(CN)c(C)cc1Nc1ncc(Cl)c(Nc2ccccc2S(=O)(=O)C(C)C)n1,1.9
2246,COc1cc(CN(C)C)c(C)cc1Nc1ncc(Cl)c(Nc2ccccc2S(=O)(=O)C(C)C)n1,3.4
2247,COc1cc(C(C)(C)N)c(C)cc1Nc1ncc(Cl)c(Nc2ccccc2S(=O)(=O)C(C)C)n1,1.5
2248,COc1cc(C(C)(C)N(C)C)c(C)cc1Nc1ncc(Cl)c(Nc2ccccc2S(=O)(=O)C(C)C)n1,2.8
2249,COc1cc(CNC=O)c(C)cc1Nc1ncc(Cl)c(Nc2ccccc2S(=O)(=O)C(C)C)n1,4.7
2250,CNCc1cc(OC)c(Nc2ncc(Cl)c(Nc3ccccc3S(=O)(=O)C(C)C)n2)cc1C,1.7
2251,COc1cc(C(C)(C)NC=O)c(C)cc1Nc1ncc(Cl)c(Nc2ccccc2S(=O)(=O)C(C)C)n1,2.1
2252,CNC(C)(C)c1cc(OC)c(Nc2ncc(Cl)c(Nc3ccccc3S(=O)(=O)C(C)C)n2)cc1C,1.2
2253,Cc1cc(Nc2ncc(Cl)c(Nc3ccccc3S(=O)(=O)C(C)C)n2)c(OC(C)C)cc1C1CCNCC1,29.0
2254,COc1cc(CC#N)c(C)cc1Nc1ncc(Cl)c(Nc2ccccc2S(=O)(=O)C(C)C)n1,36.0
2255,COc1cc(C(C)(C)C#N)c(C)cc1Nc1ncc(Cl)c(Nc2ccccc2S(=O)(=O)C(C)C)n1,570.0
2256,COc1cc(CCN)c(C)cc1Nc1ncc(Cl)c(Nc2ccccc2S(=O)(=O)C(C)C)n1,1.7
2257,COc1cc(CCN(C)C)c(C)cc1Nc1ncc(Cl)c(Nc2ccccc2S(=O)(=O)C(C)C)n1,1.3
2258,COc1cc(CCNC=O)c(C)cc1Nc1ncc(Cl)c(Nc2ccccc2S(=O)(=O)C(C)C)n1,4.4
2259,CNCCc1cc(OC)c(Nc2ncc(Cl)c(Nc3ccccc3S(=O)(=O)C(C)C)n2)cc1C,1.9
2260,COc1cc(C(C)(C)CN)c(C)cc1Nc1ncc(Cl)c(Nc2ccccc2S(=O)(=O)C(C)C)n1,3.4
2261,COc1cc(C(C)(C)CN(C)C)c(C)cc1Nc1ncc(Cl)c(Nc2ccccc2S(=O)(=O)C(C)C)n1,3.6
2262,COc1cc(C(C)(C)CNC=O)c(C)cc1Nc1ncc(Cl)c(Nc2ccccc2S(=O)(=O)C(C)C)n1,6.1
2263,CNCC(C)(C)c1cc(OC)c(Nc2ncc(Cl)c(Nc3ccccc3S(=O)(=O)C(C)C)n2)cc1C,1.7
2264,COc1cc(CN)c(C)cc1Nc1ncc(Cl)c(Nc2ccccc2S(=O)(=O)C(C)C)n1,2.1
2265,COc1cc(CN(C)C)c(C)cc1Nc1ncc(Cl)c(Nc2ccccc2S(=O)(=O)C(C)C)n1,2.1
2266,COc1cc(C(C)(C)N)c(C)cc1Nc1ncc(Cl)c(Nc2ccccc2S(=O)(=O)C(C)C)n1,1.6
2267,COc1cc(C(C)(C)N(C)C)c(C)cc1Nc1ncc(Cl)c(Nc2ccccc2S(=O)(=O)C(C)C)n1,1.5
2268,COc1cc(CNC=O)c(C)cc1Nc1ncc(Cl)c(Nc2ccccc2S(=O)(=O)C(C)C)n1,2.8
2269,CNCc1cc(OC)c(Nc2ncc(Cl)c(Nc3ccccc3S(=O)(=O)C(C)C)n2)cc1C,2.2
2270,COc1cc(C(C)(C)NC=O)c(C)cc1Nc1ncc(Cl)c(Nc2ccccc2S(=O)(=O)C(C)C)n1,2.5
2271,CNC(C)(C)c1cc(OC)c(Nc2ncc(Cl)c(Nc3ccccc3S(=O)(=O)C(C)C)n2)cc1C,1.4
2272,Cc1cc(Nc2ncc(Cl)c(Nc3ccccc3S(=O)(=O)C(C)C)n2)c(OC(C)C)cc1C1CCNCC1,13.0
2273,COc1cc(CCN(C)C)c(C)cc1Nc1ncc(Cl)c(Nc2ccccc2S(=O)(=O)C(C)C)n1,1.8
2274,Cc1cc(Nc2ncc(Cl)c(Nc3ccccc3S(=O)(=O)C(C)C)n2)c(OC(C)C)cc1C1CCNCC1,1.4
2275,COc1cc(CCN(C)C)c(C)cc1Nc1ncc(Cl)c(Nc2ccccc2S(=O)(=O)C(C)C)n1,0.4
2276,Cc1cc(Nc2ncc(Cl)c(Nc3ccccc3S(=O)(=O)C(C)C)n2)c(OC(C)C)cc1C1CCNCC1,1.5
2277,COc1cc(CCN(C)C)c(C)cc1Nc1ncc(Cl)c(Nc2ccccc2S(=O)(=O)C(C)C)n1,0.56
2278,Cc1cc(Nc2ncc(Cl)c(Nc3ccccc3S(=O)(=O)C(C)C)n2)c(OC(C)C)cc1C1CCNCC1,2.0
2279,COc1cc(CCN(C)C)c(C)cc1Nc1ncc(Cl)c(Nc2ccccc2S(=O)(=O)C(C)C)n1,1.1
2280,CCCNC(=O)c1ccc(Nc2nc(NCC(F)(F)F)c3cc[nH]c3n2)cc1,266.0
2281,FC(F)(F)CNc1nc(Nc2ccc(N3CCOCC3)c(Cl)c2)nc2ccoc12,10000.0
2282,FC(F)(F)CNc1nc(Nc2ccc3cn[nH]c3c2)nc2ccoc12,7630.0
2283,CC1(C)OCC(=O)Nc2cc(Nc3nc(NCC(F)(F)F)c4occc4n3)ccc21,10000.0
2284,Cc1n[nH]c2cc(Nc3nc(NC4CC4)c4occc4n3)ccc12,5940.0
2285,COc1cc2c(cc1Nc1ncc(Cl)c(Nc3ccccc3S(=O)(=O)C(C)C)n1)C1CNCCN1CC2,4.8
2286,COc1cc2c(cc1Nc1ncc(Cl)c(Nc3ccccc3S(=O)(=O)C(C)C)n1)C1CNCC(=O)N1CC2,5.3
2287,COc1cc2c(cc1Nc1ncc(Cl)c(Nc3ccccc3S(=O)(=O)C(C)C)n1)CCN1CCNCC21,1.9
2288,COc1cc2c(cc1Nc1ncc(Cl)c(Nc3ccccc3S(=O)(=O)C(C)C)n1)CCN1C(=O)CNCC21,5.2
2289,COc1cc2c(cc1Nc1ncc(Cl)c(Nc3ccccc3S(=O)(=O)C(C)C)n1)CCC1=NN(C)CCN12,8.1
2290,COc1cc2c(cc1Nc1ncc(Cl)c(Nc3ccccc3S(=O)(=O)C(C)C)n1)CCC1=NNCCN12,8.3
2291,COc1cc2c(cc1Nc1ncc(Cl)c(Nc3ccccc3S(=O)(=O)C(C)C)n1)CCN1C(N)=NCC21,11.0
2292,COc1cc2c(cc1Nc1ncc(Cl)c(Nc3ccccc3S(=O)(=O)C(C)C)n1)CCc1nn(C(=O)CO)c(C)c1-2,130.0
2293,COc1cc2c(cc1Nc1ncc(Cl)c(Nc3ccccc3S(=O)(=O)C(C)C)n1)CCc1n[nH]c(C)c1-2,170.0
2294,COc1cc2c(cnc3ccccc32)cc1Nc1ncc(Cl)c(Nc2ccccc2S(=O)(=O)C(C)C)n1,10000.0
2295,COc1cc2c(cc1Nc1ncc(Cl)c(Nc3ccccc3S(=O)(=O)C(C)C)n1)c(=O)[nH]c1ccccc12,310.0
2296,COc1cc2c(cc1Nc1ncc(Cl)c(Nc3ccccc3S(=O)(=O)C(C)C)n1)c(=O)n(OC)c1ccccc21,190.0
2297,COc1cc2c(cc1Nc1ncc(Cl)c(Nc3ccccc3S(=O)(=O)C(C)C)n1)C1CNCCN1CC2,12.0
2298,COc1cc2c(cc1Nc1ncc(Cl)c(Nc3ccccc3S(=O)(=O)C(C)C)n1)C1CNCC(=O)N1CC2,4.3
2299,COc1cc2c(cc1Nc1ncc(Cl)c(Nc3ccccc3S(=O)(=O)C(C)C)n1)CCN1CCNCC21,2.0
2300,COc1cc2c(cc1Nc1ncc(Cl)c(Nc3ccccc3S(=O)(=O)C(C)C)n1)CCN1C(=O)CNCC21,3.7
2301,COc1cc2c(cc1Nc1ncc(Cl)c(Nc3ccccc3S(=O)(=O)C(C)C)n1)CCC1=NN(C)CCN12,1.7
2302,COc1cc2c(cc1Nc1ncc(Cl)c(Nc3ccccc3S(=O)(=O)C(C)C)n1)CCC1=NNCCN12,0.33
2303,COc1cc2c(cc1Nc1ncc(Cl)c(Nc3ccccc3S(=O)(=O)C(C)C)n1)CCN1C(N)=NCC21,5.3
2304,COc1cc2c(cc1Nc1ncc(Cl)c(Nc3ccccc3S(=O)(=O)C(C)C)n1)CCc1nn(C(=O)CO)c(C)c1-2,21.0
2305,COc1cc2c(cc1Nc1ncc(Cl)c(Nc3ccccc3S(=O)(=O)C(C)C)n1)CCc1n[nH]c(C)c1-2,29.0
2306,COc1cc2c(cc1Nc1ncc(Cl)c(Nc3ccccc3S(=O)(=O)C(C)C)n1)c(=O)n(OC)c1ccccc21,380.0
2307,COc1cc2c(cc1Nc1ncc(Cl)c(Nc3ccccc3S(=O)(=O)C(C)C)n1)c(=O)[nH]c1ccccc12,530.0
2308,COc1cc2c(cnc3ccccc32)cc1Nc1ncc(Cl)c(Nc2ccccc2S(=O)(=O)C(C)C)n1,10000.0
2309,Cc1cc(Nc2ncc(Cl)c(Nc3ccccc3S(=O)(=O)C(C)C)n2)c(OC(C)C)cc1C1CCNCC1,14.0
2310,Cc1cc(Nc2ncc(Cl)c(Nc3ccccc3S(=O)(=O)C(C)C)n2)c(OC(C)C)cc1C1CCNCC1,29.0
2311,Cc1n[nH]c2ccc(-c3cc(N[C@@H](CO)c4ccccc4)cnc3-c3cc(Cl)ccc3O)cc12,231.1
2312,OC[C@H](Nc1cnc(-c2cc(Cl)ccc2O)c(-c2ccc3cnccc3c2)c1)c1ccccc1,93.9
2313,Cc1n[nH]c2ccc(-c3cc(N[C@@H](CO)c4ccccc4)cnc3-c3cc(F)ccc3O)cc12,101.1
2314,Cc1n[nH]c2ccc(-c3cc(N[C@@H](CO)c4ccccc4)cnc3-c3ccc(F)cc3O)cc12,155.5
2315,CC(c1cc2cc(-c3cnn(C)c3)cnc2cc1F)n1nnc2ncc(-c3cnn(CCO)c3)nc21,30000.0
2316,Oc1ccc(Oc2ccnc3cc(-c4cnn(C5CCNCC5)c4)ccc23)cc1,16.2
2317,Oc1ccc(Oc2ccnc3cc(-c4cnn(C5CCNCC5)c4)ccc23)cc1,11.5
2318,Oc1ccc(Oc2ccnc3cc(-c4cnn(C5CCNCC5)c4)ccc23)cc1,9.3
2319,CN[C@@H]1C[C@H]2O[C@@](C)([C@@H]1OC)n1c3ccccc3c3c4c(c5c6ccccc6n2c5c31)C(=O)NC4,3.8
2320,CN[C@@H]1C[C@H]2O[C@@](C)([C@@H]1OC)n1c3ccccc3c3c4c(c5c6ccccc6n2c5c31)C(=O)NC4,2.9
2321,CN[C@@H]1C[C@H]2O[C@@](C)([C@@H]1OC)n1c3ccccc3c3c4c(c5c6ccccc6n2c5c31)C(=O)NC4,1.7
2322,CN[C@@H]1C[C@H]2O[C@@](C)([C@@H]1OC)n1c3ccccc3c3c4c(c5c6ccccc6n2c5c31)C(=O)NC4,1.6
2323,CN[C@@H]1C[C@H]2O[C@@](C)([C@@H]1OC)n1c3ccccc3c3c4c(c5c6ccccc6n2c5c31)C(=O)NC4,0.74
2324,Oc1ccc(Oc2ccnc3cc(-c4cnn(C5CCNCC5)c4)ccc23)cc1,29.6
2325,Cc1ccc(Oc2ccnc3cc(-c4cnn(C5CCNCC5)c4)ccc23)cc1,35.1
2326,COc1ccc(Oc2ccnc3cc(-c4cnn(C5CCNCC5)c4)ccc23)cc1,38.4
2327,Cc1ccc(Oc2ccnc3cc(-c4cnn(C5CCNCC5)c4)ccc23)cc1,40.9
2328,COc1ccc(Oc2ccnc3cc(-c4cnn(C5CCNCC5)c4)ccc23)cc1,42.2
2329,Cc1ccc(Oc2ccnc3cc(-c4cnn(C5CCNCC5)c4)ccc23)cc1,141.0
2330,COc1ccc(Oc2ccnc3cc(-c4cnn(C5CCNCC5)c4)ccc23)cc1,154.0
2331,COc1ccc(Oc2ccnc3cc(-c4cnn(C5CCNCC5)c4)ccc23)cc1,155.0
2332,Cc1ccc(Oc2ccnc3cc(-c4cnn(C5CCNCC5)c4)ccc23)cc1,159.0
2333,CN[C@@H]1C[C@H]2O[C@@](C)([C@@H]1OC)n1c3ccccc3c3c4c(c5c6ccccc6n2c5c31)C(=O)NC4,0.67
2334,c1ccc(Nc2ccnc3cc(-c4cnn(C5CCNCC5)c4)ccc23)cc1,1180.0
2335,c1ccc(Nc2ccnc3cc(-c4cnn(C5CCNCC5)c4)ccc23)cc1,1800.0
2336,CN[C@@H]1C[C@H]2O[C@@](C)([C@@H]1OC)n1c3ccccc3c3c4c(c5c6ccccc6n2c5c31)C(=O)NC4,1.7
2337,c1ccc(Nc2ccnc3cc(-c4ccccc4)ccc23)cc1,2680.0
2338,Nc1ccc(-c2ccc3c(Nc4ccccc4)ccnc3c2)cn1,2700.0
2339,c1ccc(Nc2ccnc3cc(-c4cnn(C5CCOCC5)c4)ccc23)cc1,2710.0
2340,c1ccc(Nc2ccnc3cc(-c4ccncc4)ccc23)cc1,2860.0
2341,Nc1ccc(-c2ccc3c(Nc4ccccc4)ccnc3c2)cn1,2990.0
2342,Cc1ccc(Oc2ccnc3cc(-c4cnn(C5CCNCC5)c4)ccc23)cc1,3.3
2343,c1ccc(Nc2ccnc3cc(-c4cnn(C5CCOCC5)c4)ccc23)cc1,3460.0
2344,c1ccc(Nc2ccnc3cc(-c4ccccc4)ccc23)cc1,3690.0
2345,c1ccc(Nc2ccnc3cc(-c4cccs4)ccc23)cc1,3810.0
2346,c1ccc(Nc2ccnc3cc(-c4cccs4)ccc23)cc1,4230.0
2347,Oc1ccc(Oc2ccnc3cc(-c4cnn(C5CCNCC5)c4)ccc23)cc1,4450.0
2348,Cn1cc(-c2ccc3c(Nc4ccccc4)ccnc3c2)cn1,4740.0
2349,Oc1ccc(Oc2ccnc3cc(-c4cnn(C5CCNCC5)c4)ccc23)cc1,5.2
2350,Cn1cc(-c2ccc3c(Nc4ccccc4)ccnc3c2)cn1,6080.0
2351,c1ccc(Nc2ccnc3cc(-c4ccncc4)ccc23)cc1,6590.0
2352,Oc1ccc(Oc2ccnc3cc(-c4cnn(C5CCNCC5)c4)ccc23)cc1,7.1
2353,c1ccc(Nc2ccnc3cc(-c4ccco4)ccc23)cc1,7130.0
2354,c1ccc(Nc2ccnc3cc(-c4ccco4)ccc23)cc1,7390.0
2355,c1ccc(Nc2ccnc3cc(-c4cn[nH]c4)ccc23)cc1,8810.0
2356,COc1ccc(Oc2ccnc3cc(-c4cnn(C5CCNCC5)c4)ccc23)cc1,8910.0
2357,Cc1ccc(Oc2ccnc3cc(-c4cnn(C5CCNCC5)c4)ccc23)cc1,9430.0
2358,c1ccc(Nc2ccnc3cc(-c4cn[nH]c4)ccc23)cc1,10300.0
2359,CCn1nccc1-c1ccc2c(Nc3ccccc3)ccnc2c1,23200.0
2360,Fc1ccc(Oc2ccnc3cc(-c4cnn(C5CCNCC5)c4)ccc23)cc1F,26.3
2361,Oc1ccc(Nc2ccnc3cc(-c4cnn(C5CCNCC5)c4)ccc23)cc1,26.4
2362,CCn1nccc1-c1ccc2c(Nc3ccccc3)ccnc2c1,28400.0
2363,COc1ccc(Oc2ccnc3cc(-c4cnn(C5CCNCC5)c4)ccc23)cc1,28.4
2364,Fc1ccccc1Oc1ccnc2cc(-c3cnn(C4CCNCC4)c3)ccc12,30.7
2365,COc1ccc(Oc2ccnc3cc(-c4cnn(C5CCNCC5)c4)ccc23)cc1,33.6
2366,Fc1ccccc1Oc1ccnc2cc(-c3cnn(C4CCNCC4)c3)ccc12,35.4
2367,Fc1ccc(Oc2ccnc3cc(-c4cnn(C5CCNCC5)c4)ccc23)cc1,41.5
2368,Cc1ccc(Oc2ccnc3cc(-c4cnn(C5CCNCC5)c4)ccc23)cc1,50.2
2369,Oc1ccc(Nc2ccnc3cc(-c4cnn(C5CCNCC5)c4)ccc23)cc1,50.9
2370,Fc1ccc(Nc2ccnc3cc(-c4cnn(C5CCNCC5)c4)ccc23)cc1F,58.0
2371,Fc1cccc(Oc2ccnc3cc(-c4cnn(C5CCNCC5)c4)ccc23)c1,58.8
2372,Brc1ccc2c(Nc3ccccc3)ccnc2c1,59100.0
2373,Fc1ccccc1Nc1ccnc2cc(-c3cnn(C4CCNCC4)c3)ccc12,62.0
2374,Brc1ccc2c(Nc3ccccc3)ccnc2c1,65700.0
2375,N#Cc1ccc(Oc2ccnc3cc(-c4cnn(C5CCNCC5)c4)ccc23)cc1,93.5
2376,c1ccc(Nc2ccnc3ccccc23)cc1,112000.0
2377,c1ccc(Oc2ccnc3cc(-c4cnn(C5CCNCC5)c4)ccc23)cc1,118.0
2378,c1ccc(Oc2ccnc3cc(-c4cnn(C5CCNCC5)c4)ccc23)cc1,126.0
2379,Cc1ccc(Nc2ccnc3cc(-c4cnn(C5CCNCC5)c4)ccc23)cc1,129.0
2380,c1ccc(Nc2ccnc3ccccc23)cc1,147000.0
2381,Fc1ccc(Oc2ccnc3cc(-c4cnn(C5CCNCC5)c4)ccc23)cc1F,148.0
2382,Fc1cccc(Oc2ccnc3cc(-c4cnn(C5CCNCC5)c4)ccc23)c1,155.0
2383,Fc1ccc(Nc2ccnc3cc(-c4cnn(C5CCNCC5)c4)ccc23)cc1F,181.0
2384,Cc1ccc(Nc2ccnc3cc(-c4cnn(C5CCNCC5)c4)ccc23)cc1,201.0
2385,Fc1ccccc1Nc1ccnc2cc(-c3cnn(C4CCNCC4)c3)ccc12,219.0
2386,N#Cc1ccc(Oc2ccnc3cc(-c4cnn(C5CCNCC5)c4)ccc23)cc1,231.0
2387,c1ccc(Cc2ccnc3cc(-c4cnn(C5CCNCC5)c4)ccc23)cc1,242.0
2388,Fc1ccc(Oc2ccnc3cc(-c4cnn(C5CCNCC5)c4)ccc23)cc1,256.0
2389,c1ccc(Cc2ccnc3cc(-c4cnn(C5CCNCC5)c4)ccc23)cc1,288.0
2390,Fc1cccc(Nc2ccnc3cc(-c4cnn(C5CCNCC5)c4)ccc23)c1,377.0
2391,Fc1cccc(Nc2ccnc3cc(-c4cnn(C5CCNCC5)c4)ccc23)c1,504.0
2392,COc1ccc(Nc2ccnc3cc(-c4cnn(C5CCNCC5)c4)ccc23)cc1,547.0
2393,N#Cc1ccc(Nc2ccnc3cc(-c4cnn(C5CCNCC5)c4)ccc23)cc1,926.0
2394,COc1ccc(Nc2ccnc3cc(-c4cnn(C5CCNCC5)c4)ccc23)cc1,1064.0
2395,Fc1ccc(Nc2ccnc3cc(-c4cnn(C5CCNCC5)c4)ccc23)cc1,1075.0
2396,Fc1ccc(Nc2ccnc3cc(-c4cnn(C5CCNCC5)c4)ccc23)cc1,1483.0
2397,N#Cc1ccc(Nc2ccnc3cc(-c4cnn(C5CCNCC5)c4)ccc23)cc1,1664.0
2398,C[C@@H](Oc1cc(-c2cnn(C3CCNCC3)c2)cnc1N)c1c(Cl)ccc(F)c1Cl,10.5
2399,COc1cc2c(Oc3ccc(NC(=O)c4nc5ccccc5n(-c5ccc(F)cc5)c4=O)cc3F)ccnc2cc1OCCCN1CCN(C)CC1,2840.72
2400,COc1cc2c(Oc3ccc(NC(=O)C4(C(=O)Nc5ccc(F)cc5)CC4)cc3F)ccnc2cc1OCCCN1CCOCC1,3000.0
2401,CN1CCN(Cc2ccc(NC(=O)c3n[nH]cc3Nc3ncnc4sccc34)cc2)CC1,94.1
2402,COc1cc(-c2nc(CN3CCC(C)CC3)cs2)ccc1Nc1ncc(Cl)c(Nc2ccccc2S(=O)(=O)C(C)C)n1,3.0
2403,COc1cc(-c2nc(CN3CCN(C)CC3)cs2)ccc1Nc1ncc(Cl)c(Nc2ccccc2S(=O)(=O)C(C)C)n1,2.3
2404,CC(C)Oc1cc(-c2nc(CN3CCN(C)CC3)cs2)ccc1Nc1ncc(Cl)c(Nc2ccccc2S(=O)(=O)C(C)C)n1,3.4
2405,CC(C)Oc1cc(-c2nc(CN3CCN(CCO)CC3)cs2)ccc1Nc1ncc(Cl)c(Nc2ccccc2S(=O)(=O)C(C)C)n1,4.0
2406,COc1cc(-n2cc(CN3CCC(C)CC3)nn2)ccc1Nc1ncc(Cl)c(Nc2ccccc2S(=O)(=O)C(C)C)n1,3.9
2407,COc1cc(-n2cc(CN3CCN(C)CC3)nn2)ccc1Nc1ncc(Cl)c(Nc2ccccc2S(=O)(=O)C(C)C)n1,1.4
2408,COc1cc(-n2cc(CN3C[C@@H](C)N[C@@H](C)C3)nn2)ccc1Nc1ncc(Cl)c(Nc2ccccc2S(=O)(=O)C(C)C)n1,3.0
2409,COc1cc(-n2cc(CN3CCNCC3)nn2)ccc1Nc1ncc(Cl)c(Nc2ccccc2S(=O)(=O)C(C)C)n1,4.3
2410,C[C@@H](Oc1cc(-c2cnn(C3CCNCC3)c2)cnc1N)c1c(Cl)ccc(F)c1Cl,32.2
2411,Cc1cc(Nc2ncc(Cl)c(Nc3ccccc3S(=O)(=O)C(C)C)n2)c(OC(C)C)cc1C1CCNCC1,2.9
2412,Cc1cc(Nc2ncc(Cl)c(Nc3ccccc3S(=O)(=O)C(C)C)n2)c(OC(C)C)cc1C1CCNCC1,35.0
2413,COc1cc(-n2cc(CN3CCN(C)CC3)nn2)ccc1Nc1ncc(Cl)c(Nc2ccccc2S(=O)(=O)C(C)C)n1,3.1
2414,Cc1cc(Nc2ncc(Cl)c(Nc3ccccc3S(=O)(=O)C(C)C)n2)c(OC(C)C)cc1C1CCNCC1,3.4
2415,COc1cc(-n2cc(CN3CCN(C)CC3)nn2)ccc1Nc1ncc(Cl)c(Nc2ccccc2S(=O)(=O)C(C)C)n1,2.8
2416,Cc1cc(Nc2ncc(Cl)c(Nc3ccccc3S(=O)(=O)C(C)C)n2)c(OC(C)C)cc1C1CCNCC1,2.9
2417,COc1cc(-n2cc(CN3CCN(C)CC3)nn2)ccc1Nc1ncc(Cl)c(Nc2ccccc2S(=O)(=O)C(C)C)n1,3.0
2418,Cc1cc(Nc2ncc(Cl)c(Nc3ccccc3S(=O)(=O)C(C)C)n2)c(OC(C)C)cc1C1CCNCC1,2.5
2419,COc1cc(-n2cc(CN3CCN(C)CC3)nn2)ccc1Nc1ncc(Cl)c(Nc2ccccc2S(=O)(=O)C(C)C)n1,2.3
2420,Cc1cc(Nc2ncc(Cl)c(Nc3ccccc3S(=O)(=O)C(C)C)n2)c(OC(C)C)cc1C1CCNCC1,91.0
2421,COc1cc(-n2cc(CN3CCN(C)CC3)nn2)ccc1Nc1ncc(Cl)c(Nc2ccccc2S(=O)(=O)C(C)C)n1,8.7
2422,Cc1cc(Nc2ncc(Cl)c(Nc3ccccc3S(=O)(=O)C(C)C)n2)c(OC(C)C)cc1C1CCNCC1,4.6
2423,COc1cc(-n2cc(CN3CCN(C)CC3)nn2)ccc1Nc1ncc(Cl)c(Nc2ccccc2S(=O)(=O)C(C)C)n1,4.6
2424,CC(Oc1ccnc(Nc2cnn(C)c2)c1)c1cccc(C(=O)NCc2ccc(C#N)cc2)c1,6700.0
2425,CC(Oc1ccnc(Nc2cnn(C)c2)c1)c1cccc(C(=O)NCc2cc(C(F)(F)F)cc(C(F)(F)F)c2)c1,10000.0
2426,CC(Oc1ccnc(Nc2cnn(C)c2)c1)c1cccc(C(=O)NCc2cc(F)cc(F)c2)c1,4700.0
2427,CC(Oc1ccnc(Nc2cnn(C3CCN(C)CC3)c2)c1)c1cccc(C(=O)NCc2ccc(Cl)c(C(F)(F)F)c2)c1,9200.0
2428,Cc1ccc(CNC(=O)c2cccc(C(C)Oc3ccnc(Nc4cnn(C5CCN(C)CC5)c4)c3)c2)cc1,3100.0
2429,COc1cc(CNC(=O)c2cccc(C(C)Oc3ccnc(Nc4cnn(C)c4)c3)c2)cc(OC)c1OC,2300.0
2430,COc1ccc(CNC(=O)c2cccc(C(C)Oc3ccnc(Nc4cnn(C)c4)c3)c2)cc1OC,3600.0
2431,COc1cccc(CNC(=O)c2cccc(C(C)Oc3ccnc(Nc4cnn(C)c4)c3)c2)c1,6100.0
2432,Cc1cnc(Nc2ncccc2OC(C)c2cccc(C(=O)NCc3ccc(F)c(Cl)c3)c2)s1,8600.0
2433,Cc1ccc(CNC(=O)c2cccc(C(C)Oc3cccnc3Nc3nncs3)c2)cc1,7600.0
2434,Cc1ccc(CNC(=O)c2cccc(C(C)Oc3cccnc3Nn3cnnc3)c2)cc1,8700.0
2435,Cc1ccc(CNC(=O)c2cccc(C(C)Oc3cccnc3Nc3ncc(C)s3)c2)cc1,10000.0
2436,Cc1ccc(CNC(=O)c2cccc(C(C)Oc3cccnc3Nc3cnn(CC#N)c3)c2)cc1,10000.0
2437,Cc1ccc(CNC(=O)c2cccc(C(C)Oc3cccnc3Nc3nccs3)c2)cc1,8000.0
2438,Cc1ccc(CNC(=O)c2cccc(C(C)Oc3cccnc3Nc3cnn(CC(C)(C)O)c3)c2)cc1,10000.0
2439,Cc1ccc(CNC(=O)c2cccc(C(C)Oc3cccnc3Nc3ncccn3)c2)cc1,10000.0
2440,CC(Oc1cccnc1Nc1cnn(C)c1)c1cccc(C(=O)NCc2ccccc2S(=O)(=O)C(C)C)c1,10000.0
2441,CC(Oc1cccnc1Nc1cnn(C)c1)c1cccc(C(=O)NCc2ccc(Cl)c(C(F)(F)F)c2)c1,5900.0
2442,CC(Oc1cccnc1Nc1cnn(C)c1)c1cccc(C(=O)NCc2ccc(F)c(Cl)c2)c1,9500.0
2443,CC(Oc1cccnc1Nc1cnn(C)c1)c1cccc(C(=O)NCc2ccc(OC(F)(F)F)cc2)c1,8900.0
2444,COc1cccc(CNC(=O)c2cccc(C(C)Oc3cccnc3Nc3cnn(C)c3)c2)c1,8600.0
2445,CC(Oc1cccnc1Nc1cnn(C)c1)c1cccc(C(=O)NCc2ccc(F)cc2)c1,8100.0
2446,CN1CCN(c2ccc(C(=O)Nc3n[nH]c4ccc(Cc5cc(F)cc(F)c5)cc34)c(NC3CCOCC3)c2)CC1,12.0
2447,C[C@@H](Oc1cc(-c2cnn(C3CCNCC3)c2)cnc1N)c1c(Cl)ccc(F)c1Cl,
2448,COc1ccc(CNC(=O)c2cccc(C(C)Oc3ccnc(Nc4cnn(C5CCNCC5)c4)c3)c2)cc1OC,4500.0
2449,COc1ccc(CNC(=O)c2cccc(C(C)Oc3ccnc(Nc4ncccn4)c3)c2)cc1OC,2800.0
2450,COc1ccc(CNC(=O)c2cccc(C(C)Oc3ccnc(Nc4cnn(C5CCN(C)CC5)c4)c3)c2)cc1OC,1800.0
2451,COc1cc(Nc2cc(OC(C)c3cccc(C(=O)NCc4ccc(C)cc4)c3)ccn2)cc(OC)c1OC,8700.0
2452,Cc1ccc(CNC(=O)c2cccc(C(C)Oc3ccnc(NN4CCCCC4)c3)c2)cc1,4700.0
2453,Cc1ccc(CNC(=O)c2cccc(C(C)Oc3ccnc(Nc4nc5ccccc5[nH]4)c3)c2)cc1,10000.0
2454,CC(Oc1ccnc(Nc2cnn(CC(C)(C)O)c2)c1)c1cccc(C(=O)NCc2ccc(Cl)c(C(F)(F)F)c2)c1,9600.0
2455,Cc1ccc(CNC(=O)c2cccc(C(C)Oc3ccnc(Nc4cnn(CC(C)(C)O)c4)c3)c2)cc1,10000.0
2456,CC(Oc1ccnc(NN2CCN(C)CC2)c1)c1cccc(C(=O)NCc2ccc(Cl)c(C(F)(F)F)c2)c1,9700.0
2457,Cc1ccc(CNC(=O)c2cccc(C(C)Oc3ccnc(NN4CCN(C)CC4)c3)c2)cc1,7000.0
2458,Cc1ccc(CNC(=O)c2cccc(C(C)Oc3ccnc(NN4CCOCC4)c3)c2)cc1,6800.0
2459,Cc1ccc(CNC(=O)c2cccc(C(C)Oc3ccnc(Nc4cn(C)nc4C)c3)c2)cc1,3500.0
2460,Cc1ccc(CNC(=O)c2cccc(C(C)Oc3ccnc(Nc4cnn(C)c4)c3)c2)cc1,6700.0
2461,C=CC(=O)Nc1cc(Nc2ncc(Cl)c(Nc3ccccc3S(=O)(=O)C(C)C)n2)c(OC)cc1N1CCCN(C)CC1,1.0
2462,C=CC(=O)Nc1cc(Nc2ncc(Cl)c(Nc3ccccc3S(=O)(=O)C(C)C)n2)c(OC)cc1N1CCCN(C)CC1,0.92
2463,C=CC(=O)Nc1cc(Nc2ncc(Cl)c(Nc3ccccc3S(=O)(=O)C(C)C)n2)c(OC)cc1N1CCCN(C)CC1,0.59
2464,C=CC(=O)Nc1cc(Nc2ncc(Cl)c(Nc3ccccc3S(=O)(=O)C(C)C)n2)c(OC)cc1N1CCCN(C)CC1,0.82
2465,C=CC(=O)Nc1cc(Nc2ncc(Cl)c(Nc3ccccc3S(=O)(=O)C(C)C)n2)c(OC)cc1N1CCCN(C)CC1,9.8
2466,COc1ccc(NC(=O)CNC(=O)c2cc(C(C)C)c(O)cc2O)cc1Nc1ncc(Cl)c(Nc2ccccc2S(=O)(=O)C(C)C)n1,1.7
2467,CC(C)c1cc(C(=O)NCC(=O)Nc2ccc(F)c(Nc3ncc(Cl)c(Nc4ccccc4S(=O)(=O)C(C)C)n3)c2)c(O)cc1O,15.5
2468,CC(C)c1cc(C(=O)NCC(=O)Nc2ccc(F)c(Nc3ncc(Cl)c(Nc4ccccc4S(=O)(=O)C(C)C)n3)c2)c(O)cc1O,14.0
2469,CC(C)c1cc(C(=O)NCC(=O)Nc2ccc(F)c(Nc3ncc(Cl)c(Nc4ccccc4S(=O)(=O)C(C)C)n3)c2)c(O)cc1O,1.0
2470,CC(C)Oc1ccc(NC(=O)CNC(=O)c2cc(C(C)C)c(O)cc2O)cc1Nc1ncc(Cl)c(Nc2ccccc2S(=O)(=O)C(C)C)n1,3.3
2471,CC(C)c1cc(C(=O)NCC(=O)Nc2cccc(Nc3ncc(Cl)c(Nc4ccccc4S(=O)(=O)C(C)C)n3)c2)c(O)cc1O,0.8
2472,CC(C)S(=O)(=O)c1ccccc1Nc1nc(Nc2cccc(NC(=O)CN)c2)ncc1Cl,2.7
2473,Cc1cc(Nc2ncc(Cl)c(Nc3ccccc3S(=O)(=O)C(C)C)n2)c(OC(C)C)cc1C1CCNCC1,3.4
2474,C[C@@H](Oc1cc(-c2cnn(C3CCNCC3)c2)cnc1N)c1c(Cl)ccc(F)c1Cl,148.0
2475,C[C@@H](Oc1cc(-c2cnn(C3CCNCC3)c2)cnc1N)c1c(Cl)ccc(F)c1Cl,71.6
2476,C[C@@H](Oc1cc(-c2cnn(C3CCNCC3)c2)cnc1N)c1c(Cl)ccc(F)c1Cl,353.0
2477,C[C@@H](Oc1cc(-c2cnn(C3CCNCC3)c2)cnc1N)c1c(Cl)ccc(F)c1Cl,77.8
2478,C[C@@H](Oc1cc(-c2cnn(C3CCNCC3)c2)cnc1N)c1c(Cl)ccc(F)c1Cl,9000.0
2479,C[C@@H](Oc1cc(-c2cnn(C3CCNCC3)c2)cnc1N)c1c(Cl)ccc(F)c1Cl,355.0
2480,COc1ccc(NC(=O)CNC(=O)c2cc(C(C)C)c(O)cc2O)cc1Nc1ncc(Cl)c(Nc2ccccc2S(=O)(=O)C(C)C)n1,3.5
2481,COc1ccc(NC(=O)CNC(=O)c2cc(C(C)C)c(O)cc2O)cc1Nc1ncc(Cl)c(Nc2ccccc2S(=O)(=O)C(C)C)n1,1.8
2482,COc1ccc(NC(=O)CNC(=O)c2cc(C(C)C)c(O)cc2O)cc1Nc1ncc(Cl)c(Nc2ccccc2S(=O)(=O)C(C)C)n1,2.2
2483,COc1ccc(NC(=O)CNC(=O)c2cc(C(C)C)c(O)cc2O)cc1Nc1ncc(Cl)c(Nc2ccccc2S(=O)(=O)C(C)C)n1,5.1
2484,COc1ccc(NC(=O)CNC(=O)c2cc(C(C)C)c(O)cc2O)cc1Nc1ncc(Cl)c(Nc2ccccc2S(=O)(=O)C(C)C)n1,2.7
2485,COc1ccc(NC(=O)CNC(=O)c2cc(C(C)C)c(O)cc2O)cc1Nc1ncc(Cl)c(Nc2ccccc2S(=O)(=O)C(C)C)n1,10.6
2486,COc1ccc(Nc2ncc(Cl)c(Nc3ccccc3S(=O)(=O)C(C)C)n2)cc1NC(=O)CNC(=O)c1cc(C(C)C)c(O)cc1O,2.6
2487,COc1ccc(NC(=O)C(C)NC(=O)c2cc(C(C)C)c(O)cc2O)cc1Nc1ncc(Cl)c(Nc2ccccc2S(=O)(=O)C(C)C)n1,0.7
2488,COc1ccc(NC(=O)C(NC(=O)c2cc(C(C)C)c(O)cc2O)C(C)C)cc1Nc1ncc(Cl)c(Nc2ccccc2S(=O)(=O)C(C)C)n1,1000.0
2489,COc1ccc(NC(=O)C2(NC(=O)c3cc(C(C)C)c(O)cc3O)CC2)cc1Nc1ncc(Cl)c(Nc2ccccc2S(=O)(=O)C(C)C)n1,130.0
2490,COc1ccc(NC(=O)C(Cc2ccccc2)NC(=O)c2cc(C(C)C)c(O)cc2O)cc1Nc1ncc(Cl)c(Nc2ccccc2S(=O)(=O)C(C)C)n1,7.8
2491,COc1ccc(NC(=O)C(Cc2ccccc2)NC(=O)c2cc(C(C)C)c(O)cc2O)cc1Nc1ncc(Cl)c(Nc2ccccc2S(=O)(=O)C(C)C)n1,81.0
2492,COc1ccc(NC(=O)C(Cc2ccccc2)NC(=O)c2cc(C(C)C)c(O)cc2O)cc1Nc1ncc(Cl)c(Nc2ccccc2S(=O)(=O)C(C)C)n1,65.0
2493,COc1cc(OC)c(C(C)C)cc1C(=O)NCC(=O)Nc1cccc(Nc2ncc(Cl)c(Nc3ccccc3S(=O)(=O)C(C)C)n2)c1,1000.0
2494,COc1ccc(NC(=O)CNC(=O)c2cc(C(C)C)c(OC)cc2O)cc1Nc1ncc(Cl)c(Nc2ccccc2S(=O)(=O)C(C)C)n1,10.5
2495,COc1ccc(NC(=O)CNC(=O)c2cc(C(C)C)c(O)cc2OC)cc1Nc1ncc(Cl)c(Nc2ccccc2S(=O)(=O)C(C)C)n1,48.0
2496,COc1ccc(NC(=O)CNC(=O)c2ccc(O)c(C(C)C)c2)cc1Nc1ncc(Cl)c(Nc2ccccc2S(=O)(=O)C(C)C)n1,1.4
2497,COc1ccc(NC(=O)CNC(=O)c2ccc(O)c(C(C)C)c2)cc1Nc1ncc(Cl)c(Nc2ccccc2S(=O)(=O)C(C)C)n1,6.1
2498,COc1ccc(NC(=O)CNC(=O)c2cc(C(C)C)ccc2O)cc1Nc1ncc(Cl)c(Nc2ccccc2S(=O)(=O)C(C)C)n1,0.7
2499,COc1ccc(NC(=O)CNC(=O)c2cc(C(C)C)ccc2O)cc1Nc1ncc(Cl)c(Nc2ccccc2S(=O)(=O)C(C)C)n1,15.3
2500,COc1ccc(NC(=O)CNC(=O)c2cc(C(C)C)c(O)cc2O)cc1Nc1ncnc(Nc2ccccc2S(=O)(=O)C(C)C)n1,1.3
2501,CC(C)Oc1ccc(NC(=O)CNC(=O)c2cc(C(C)C)c(O)cc2O)cc1Nc1nccc(Nc2ccccc2S(=O)(=O)C(C)C)n1,4.2
2502,COc1ccc(NC(=O)CNC(=O)c2cc(C(C)C)c(O)cc2O)cc1Nc1ncc(Cl)c(Nc2ccccc2P(C)(C)=O)n1,1.5
2503,COc1ccc(NC(=O)CNC(=O)c2cc(C(C)C)c(O)cc2O)cc1Nc1ncc(Cl)c(Nc2ccccc2P(C)(C)=O)n1,5.0
2504,COc1ccc(NC(=O)CNC(=O)c2cc(C(C)C)c(O)cc2O)cc1Nc1ncc(Cl)c(Nc2ccccc2P(C)(C)=O)n1,7.8
2505,CC(C)c1cc(C(=O)NCC(=O)Nc2cccc(Nc3ncc(Cl)c(Nc4cc(S(=O)(=O)C(C)C)nn4C)n3)c2)c(O)cc1O,262.0
2506,CC(C)S(=O)(=O)c1ccccc1Nc1nc(Nc2cccc(NC(=O)CN)c2)ncc1Cl,2.7
2507,CC(C)c1cc(-c2onc(C(=O)NCC(=O)Nc3cccc(Nc4ncc(Cl)c(Nc5ccccc5S(=O)(=O)C(C)C)n4)c3)c2-c2ccc(CN3CCOCC3)cc2)c(O)cc1O,53.7
2508,COc1ccc(Nc2ncc(Cl)c(Nc3ccccc3S(=O)(=O)C(C)C)n2)cc1NC(=O)CNC(=O)c1noc(-c2cc(C(C)C)c(O)cc2O)c1-c1ccc(CN2CCOCC2)cc1,958.0
2509,COc1ccc(NC(=O)CNC(=O)c2noc(-c3cc(C(C)C)c(O)cc3O)c2-c2ccc(CN3CCOCC3)cc2)cc1Nc1ncc(Cl)c(Nc2ccccc2S(=O)(=O)C(C)C)n1,108.0
2510,CCNC(=O)c1noc(-c2cc(C(C)C)c(O)cc2O)c1-c1ccc(C(=O)NCC(=O)Nc2ccc(OC)c(Nc3ncc(Cl)c(Nc4ccccc4S(=O)(=O)C(C)C)n3)c2)cc1,83.2
2511,CCNC(=O)c1noc(-c2cc(C(C)C)c(O)cc2O)c1-c1ccc(C(=O)N2CCN(CC(=O)Nc3cccc(Nc4ncc(Cl)c(Nc5ccccc5S(=O)(=O)C(C)C)n4)c3)CC2)cc1,22.9
2512,CCNC(=O)c1noc(-c2cc(C(C)C)c(O)cc2O)c1-c1ccc(CNCC(=O)Nc2cccc(Nc3ncc(Cl)c(Nc4ccccc4S(=O)(=O)C(C)C)n3)c2)cc1,10.3
2513,CCNC(=O)c1noc(-c2cc(C(C)C)c(O)cc2O)c1-c1ccc(CNCC(=O)Nc2ccc(OC)c(Nc3ncc(Cl)c(Nc4ccccc4S(=O)(=O)C(C)C)n3)c2)cc1,24.2
2514,CCNC(=O)c1noc(-c2cc(C(C)C)c(O)cc2O)c1-c1ccc(CN2CCN(CC(=O)Nc3ccc(OC)c(Nc4ncc(Cl)c(Nc5ccccc5S(=O)(=O)C(C)C)n4)c3)CC2)cc1,17.3
2515,CCNC(=O)c1noc(-c2cc(C(C)C)c(O)cc2O)c1-c1ccc(CN2CCN(CC(=O)Nc3ccc(OC)c(Nc4ncc(Cl)c(Nc5ccccc5S(=O)(=O)C(C)C)n4)c3)CC2)cc1,6.2
2516,CCNC(=O)c1noc(-c2cc(C(C)C)c(O)cc2O)c1-c1ccc(CN2CCN(CC(=O)Nc3ccc(OC)c(Nc4ncc(Cl)c(Nc5ccccc5S(=O)(=O)C(C)C)n4)c3)CC2)cc1,85.5
2517,CCNC(=O)c1noc(-c2cc(C(C)C)c(O)cc2O)c1-c1ccc(CN2CCN(CC(=O)NCC(=O)Nc3ccc(OC)c(Nc4ncc(Cl)c(Nc5ccccc5S(=O)(=O)C(C)C)n4)c3)CC2)cc1,6.9
2518,CCNC(=O)c1noc(-c2cc(C(C)C)c(O)cc2O)c1-c1ccc(CN2CCN(CC(=O)NCC(=O)Nc3ccc(OC)c(Nc4ncc(Cl)c(Nc5ccccc5S(=O)(=O)C(C)C)n4)c3)CC2)cc1,8.7
2519,CCNC(=O)c1noc(-c2cc(C(C)C)c(O)cc2O)c1-c1ccc(CN2CCN(CC(=O)NCC(=O)Nc3ccc(OC)c(Nc4ncc(Cl)c(Nc5ccccc5S(=O)(=O)C(C)C)n4)c3)CC2)cc1,36.4
2520,COc1ccc(NC(=O)CN2CCN(Cc3ccc4c(c3)CN(C(=O)c3cc(C(C)C)c(O)cc3O)C4)CC2)cc1Nc1ncc(Cl)c(Nc2ccccc2S(=O)(=O)C(C)C)n1,9.8
2521,COc1ccc(NC(=O)CN2CCN(Cc3ccc4c(c3)CN(C(=O)c3cc(C(C)C)c(O)cc3O)C4)CC2)cc1Nc1ncc(Cl)c(Nc2ccccc2S(=O)(=O)C(C)C)n1,6.0
2522,COc1ccc(NC(=O)CN2CCN(Cc3ccc4c(c3)CN(C(=O)c3cc(C(C)C)c(O)cc3O)C4)CC2)cc1Nc1ncc(Cl)c(Nc2ccccc2S(=O)(=O)C(C)C)n1,
2523,COc1ccc(NC(=O)CNC(=O)CN2CCN(Cc3ccc4c(c3)CN(C(=O)c3cc(C(C)C)c(O)cc3O)C4)CC2)cc1Nc1ncc(Cl)c(Nc2ccccc2S(=O)(=O)C(C)C)n1,4.1
2524,COc1cc(N2CCN(CCOCCOCCNC(=O)CNc3cccc4c3C(=O)N(C3CCC(=O)NC3=O)C4=O)CC2)ccc1Nc1ncc(Cl)c(Nc2ccccc2S(=O)(=O)C(C)C)n1,10.0
2525,Cc1cc(Nc2ncc(Cl)c(Nc3ccccc3S(=O)(=O)C(C)C)n2)c(OC(C)C)cc1C1CCN(CCOCCOCCNC(=O)CNc2cccc3c2C(=O)N(C2CCC(=O)NC2=O)C3=O)CC1,10.0
2526,COc1cc(N2CCN(CCOCCOCCNC(=O)CNc3cccc4c3C(=O)N(C3CCC(=O)NC3=O)C4=O)CC2)ccc1Nc1ncc(Cl)c(Nc2ccccc2S(=O)(=O)C(C)C)n1,180.0
2527,Cc1cc(Nc2ncc(Cl)c(Nc3ccccc3S(=O)(=O)C(C)C)n2)c(OC(C)C)cc1C1CCN(CCOCCOCCNC(=O)CNc2cccc3c2C(=O)N(C2CCC(=O)NC2=O)C3=O)CC1,40.0
2528,COc1cc(N2CCN(CCOCCOCCNC(=O)CNc3cccc4c3C(=O)N(C3CCC(=O)NC3=O)C4=O)CC2)ccc1Nc1ncc(Cl)c(Nc2ccccc2S(=O)(=O)C(C)C)n1,50.0
2529,Cc1cc(Nc2ncc(Cl)c(Nc3ccccc3S(=O)(=O)C(C)C)n2)c(OC(C)C)cc1C1CCN(CCOCCOCCNC(=O)CNc2cccc3c2C(=O)N(C2CCC(=O)NC2=O)C3=O)CC1,50.0
2530,CCCNC(=O)c1cc(Oc2ccc(NC(=O)c3cc4cccnc4n(-c4ccc(F)cc4)c3=O)cc2)ccn1,186.2
2531,CNc1ncc2c(-c3ccc(N4CCN(C(=O)C(C)(C)C)CC4)nc3)nn(CC3CCCC3)c2n1,
2532,CCN1CCN(c2ccc(-c3nn(CC4CCCC4)c4nc(NC)ncc34)cn2)CC1,
2533,CNc1ncc2c(-c3ccc(N4CCN(C)CC4)nc3)nn(CC3CCCC3)c2n1,190.0
2534,CNc1ncc2c(-c3ccc(N4CCN(C)CC4)cc3)nn(CC3CCCC3)c2n1,50.0
2535,Nc1nc(Nc2ccc3c(c2)CC[C@@H](N2CCCC2)CC3)nn1-c1cc2c(nn1)-c1ccccc1CCC2,530.0
2536,CC(C)Nc1ccc2cnn(-c3cncc(-c4ccc(C(=O)O)cc4)n3)c2c1,30000.0
2537,CN[C@@H]1C[C@H]2O[C@@](C)([C@@H]1OC)n1c3ccccc3c3c4c(c5c6ccccc6n2c5c31)C(=O)NC4,7.1
2538,COc1cc2c(Oc3ccc(NC(=O)c4cc5cccnc5n(-c5ccc(F)cc5)c4=O)cc3F)ccnc2cc1OCCCN1CCN(C)CC1,199.7
2539,COc1nc(N2CCN(C)CC2)ccc1Nc1ncc(Cl)c(Nc2ccccc2NS(C)(=O)=O)n1,2100.0
2540,COc1nc(N2CCSCC2)ccc1Nc1ncc(Cl)c(Nc2ccccc2NS(C)(=O)=O)n1,2800.0
2541,COc1nc(N2CC(O)C2)ccc1Nc1ncc(Cl)c(Nc2ccccc2NS(C)(=O)=O)n1,1400.0
2542,COc1nc(N2CCN(CCO)CC2)ccc1Nc1ncc(Cl)c(Nc2ccccc2NS(C)(=O)=O)n1,3200.0
2543,COc1nc(N2CCN(C)CC2)ccc1Nc1ncc(Cl)c(Nc2ccccc2NS(=O)(=O)C2CC2)n1,3900.0
2544,CC(C)Oc1nc(N2CCN(C)CC2)ccc1Nc1ncc(Cl)c(Nc2ccccc2NS(C)(=O)=O)n1,4200.0
2545,C[C@@H](Oc1cc(-c2cnn(C3CCNCC3)c2)cnc1N)c1c(Cl)ccc(F)c1Cl,32200.0
2546,Cc1cc(Nc2ncc(Cl)c(Nc3ccccc3S(=O)(=O)C(C)C)n2)c(OC(C)C)cc1C1CCNCC1,2900.0
2547,COc1nc(N2CCN(C)CC2)ccc1Nc1ncc(Cl)c(Nc2ccccc2NS(C)(=O)=O)n1,1300.0
2548,COc1nc(N2CCSCC2)ccc1Nc1ncc(Cl)c(Nc2ccccc2NS(C)(=O)=O)n1,1600.0
2549,COc1nc(N2CC(O)C2)ccc1Nc1ncc(Cl)c(Nc2ccccc2NS(C)(=O)=O)n1,2000.0
2550,COc1nc(N2CCN(CCO)CC2)ccc1Nc1ncc(Cl)c(Nc2ccccc2NS(C)(=O)=O)n1,2200.0
2551,COc1nc(N2CCN(C)CC2)ccc1Nc1ncc(Cl)c(Nc2ccccc2NS(=O)(=O)C2CC2)n1,3900.0
2552,CC(C)Oc1nc(N2CCN(C)CC2)ccc1Nc1ncc(Cl)c(Nc2ccccc2NS(C)(=O)=O)n1,4800.0
2553,C[C@@H](Oc1cc(-c2cnn(C3CCNCC3)c2)cnc1N)c1c(Cl)ccc(F)c1Cl,380000.0
2554,Cc1cc(Nc2ncc(Cl)c(Nc3ccccc3S(=O)(=O)C(C)C)n2)c(OC(C)C)cc1C1CCNCC1,35000.0
2555,COc1nc(N2CCN(C)CC2)ccc1Nc1ncc(Cl)c(Nc2ccccc2NS(C)(=O)=O)n1,3900.0
2556,COc1nc(N2CCSCC2)ccc1Nc1ncc(Cl)c(Nc2ccccc2NS(C)(=O)=O)n1,7900.0
2557,COc1nc(N2CC(O)C2)ccc1Nc1ncc(Cl)c(Nc2ccccc2NS(C)(=O)=O)n1,5200.0
2558,COc1nc(N2CCN(CCO)CC2)ccc1Nc1ncc(Cl)c(Nc2ccccc2NS(C)(=O)=O)n1,7800.0
2559,COc1nc(N2CCN(C)CC2)ccc1Nc1ncc(Cl)c(Nc2ccccc2NS(=O)(=O)C2CC2)n1,6000.0
2560,CC(C)Oc1nc(N2CCN(C)CC2)ccc1Nc1ncc(Cl)c(Nc2ccccc2NS(C)(=O)=O)n1,9400.0
2561,C[C@@H](Oc1cc(-c2cnn(C3CCNCC3)c2)cnc1N)c1c(Cl)ccc(F)c1Cl,1000000.0
2562,Cc1cc(Nc2ncc(Cl)c(Nc3ccccc3S(=O)(=O)C(C)C)n2)c(OC(C)C)cc1C1CCNCC1,91000.0
2563,C=CC(=O)Nc1ccc(-n2nc3c(=O)[nH]nc(N)c3c2-c2oc3ccc(C)cc3c2C)cc1,1000.0
2564,C=CC(=O)NCc1ccc(-n2nc3c(=O)[nH]nc(N)c3c2-c2oc3ccc(C)cc3c2C)cc1,1000.0
2565,Cn1cc(-c2cnc3[nH]cc(-c4cnn(Cc5cc(F)ccc5F)c4)c3c2)cn1,29.0
2566,Cc1cc(-c2cc(NC(=O)c3ccc(CN4CCN(C)CC4)cc3)[nH]n2)ccc1NC(=O)Nc1cc(C(C)C)on1,402.0
2567,CN[C@@H]1C[C@H]2O[C@@](C)([C@@H]1OC)n1c3ccccc3c3c4c(c5c6ccccc6n2c5c31)C(=O)NC4,2.98
2568,CN1CCN(c2ccc(C(=O)Nc3n[nH]c4c3CN(C(=O)[C@H](O)c3ccccc3)C4)cc2)CC1,91.0
2569,CCN1CCN(CCCOc2cc3nccc(Oc4c(F)cc(NC(=O)NN5C(=O)CSC5c5c(F)cccc5F)cc4F)c3cc2OC)CC1,10000.0
2570,CN1CCC(Nc2ccc(C(=O)Nc3cc(-c4cc(C#N)cs4)n[nH]3)cc2)CC1,5138.0
2571,COC[C@@H](C)Nc1cc(NC(=O)N2CCCc3cc(CN4CCCCOC4=O)c(C=O)nc32)ncc1C#N,10000.0
2572,COc1cc2c(Oc3ccc(NC(=O)NS(=O)(=O)Cc4ccc(F)cc4)cc3F)ccnc2cc1OCCCN1CCCC1,10000.0
2573,COc1cc2c(Oc3ccc(NC(=O)C4(C(=O)Nc5ccc(F)cc5)CC4)cc3F)ccnc2cc1OCCCN1CCOCC1,3180.0
2574,COc1cc(N2CCNC2=O)ccc1Nc1ncc(Cl)c(Nc2ccccc2S(=O)(=O)C(C)C)n1,7.3
2575,COc1cc(N2CCN(CCN(C)C)C2=O)ccc1Nc1ncc(Cl)c(Nc2ccccc2S(=O)(=O)C(C)C)n1,1.2
2576,COc1cc(N2CCN(CCCN)C2=O)ccc1Nc1ncc(Cl)c(Nc2ccccc2S(=O)(=O)C(C)C)n1,4.7
2577,C[C@@H](Oc1cc(-c2cnn(C3CCNCC3)c2)cnc1N)c1c(Cl)ccc(F)c1Cl,10.3
2578,Cc1cc(Nc2ncc(Cl)c(Nc3ccccc3S(=O)(=O)C(C)C)n2)c(OC(C)C)cc1C1CCNCC1,2.3
2579,COc1cc(N2CCN(CC(N)=O)C2=O)ccc1Nc1ncc(Cl)c(Nc2ccccc2S(=O)(=O)C(C)C)n1,2.7
2580,COc1cc(N2CCN(CC(=O)N(C)C)C2=O)ccc1Nc1ncc(Cl)c(Nc2ccccc2S(=O)(=O)C(C)C)n1,6.7
2581,COc1cc(N2CCN(CC(=O)N3CCN(C)CC3)C2=O)ccc1Nc1ncc(Cl)c(Nc2ccccc2S(=O)(=O)C(C)C)n1,2.1
2582,COc1cc(N2CCN(CC(=O)N3CCC(=O)CC3)C2=O)ccc1Nc1ncc(Cl)c(Nc2ccccc2S(=O)(=O)C(C)C)n1,5.3
2583,COc1cc(N2CCNC2=O)ccc1Nc1ncc(Cl)c(Nc2ccccc2S(=O)(=O)C(C)C)n1,4.2
2584,COc1cc(N2CCN(CCN(C)C)C2=O)ccc1Nc1ncc(Cl)c(Nc2ccccc2S(=O)(=O)C(C)C)n1,0.73
2585,COc1cc(N2CCN(CCCN)C2=O)ccc1Nc1ncc(Cl)c(Nc2ccccc2S(=O)(=O)C(C)C)n1,5.1
2586,C[C@@H](Oc1cc(-c2cnn(C3CCNCC3)c2)cnc1N)c1c(Cl)ccc(F)c1Cl,117.0
2587,Cc1cc(Nc2ncc(Cl)c(Nc3ccccc3S(=O)(=O)C(C)C)n2)c(OC(C)C)cc1C1CCNCC1,2.0
2588,COc1cc(N2CCN(CC(N)=O)C2=O)ccc1Nc1ncc(Cl)c(Nc2ccccc2S(=O)(=O)C(C)C)n1,0.95
2589,COc1cc(N2CCN(CC(=O)N(C)C)C2=O)ccc1Nc1ncc(Cl)c(Nc2ccccc2S(=O)(=O)C(C)C)n1,3.7
2590,COc1cc(N2CCN(CC(=O)N3CCN(C)CC3)C2=O)ccc1Nc1ncc(Cl)c(Nc2ccccc2S(=O)(=O)C(C)C)n1,0.87
2591,COc1cc(N2CCN(CC(=O)N3CCC(=O)CC3)C2=O)ccc1Nc1ncc(Cl)c(Nc2ccccc2S(=O)(=O)C(C)C)n1,2.7
2592,COc1cc(N2CCNC2=O)ccc1Nc1ncc(Cl)c(Nc2ccccc2S(=O)(=O)C(C)C)n1,20.1
2593,COc1cc(N2CCN(CCN(C)C)C2=O)ccc1Nc1ncc(Cl)c(Nc2ccccc2S(=O)(=O)C(C)C)n1,6.7
2594,COc1cc(N2CCN(CCCN)C2=O)ccc1Nc1ncc(Cl)c(Nc2ccccc2S(=O)(=O)C(C)C)n1,11.9
2595,C[C@@H](Oc1cc(-c2cnn(C3CCNCC3)c2)cnc1N)c1c(Cl)ccc(F)c1Cl,1000.0
2596,Cc1cc(Nc2ncc(Cl)c(Nc3ccccc3S(=O)(=O)C(C)C)n2)c(OC(C)C)cc1C1CCNCC1,201.0
2597,COc1cc(N2CCN(CC(N)=O)C2=O)ccc1Nc1ncc(Cl)c(Nc2ccccc2S(=O)(=O)C(C)C)n1,8.5
2598,COc1cc(N2CCN(CC(=O)N(C)C)C2=O)ccc1Nc1ncc(Cl)c(Nc2ccccc2S(=O)(=O)C(C)C)n1,23.4
2599,COc1cc(N2CCN(CC(=O)N3CCN(C)CC3)C2=O)ccc1Nc1ncc(Cl)c(Nc2ccccc2S(=O)(=O)C(C)C)n1,10.3
2600,COc1cc(N2CCN(CC(=O)N3CCC(=O)CC3)C2=O)ccc1Nc1ncc(Cl)c(Nc2ccccc2S(=O)(=O)C(C)C)n1,15.6
2601,CCc1cc2c(cc1N1CCC(N3CCOCC3)CC1)C(C)(C)c1[nH]c3cc(C#N)ccc3c1C2=O,1.9
2602,CCc1cc2c(cc1-c1cccc(S(=O)(=O)F)c1)C(C)(C)c1[nH]c3cc(C#N)ccc3c1C2=O,11.0
2603,COc1cc(Nc2cc(N3CCC[C@H](C(=O)NCc4ccc(C)cc4)C3)ccn2)cc(OC)c1OC,4340.0
2604,Cc1ccc(CNC(=O)[C@H]2CCCN(c3ccnc(Nc4cn(C)nc4C)c3)C2)cc1,
2605,CN1CCC(n2cc(Nc3cc(N4CCC[C@H](C(=O)NCc5ccc(C#N)cc5)C4)ccn3)cn2)CC1,
2606,COc1ccc(CNC(=O)[C@H]2CCCN(c3ccnc(Nc4cnn(C5CCN(C)CC5)c4)c3)C2)cc1OC,
2607,COc1ccc(CNC(=O)[C@H]2CCCN(c3ccnc(Nc4cnn(C5CCNCC5)c4)c3)C2)cc1OC,
2608,COc1ccc(CNC(=O)[C@H]2CCCN(c3ccnc(Nc4cn(C)nc4C)c3)C2)cc1OC,
2609,COc1ccc(CNC(=O)[C@H]2CCCN(c3ccnc(Nc4cnn(C)c4)c3)C2)cc1OC,
2610,Cc1nn(C)cc1Nc1cc(N2CCC[C@H](C(=O)NCc3ccc(OC(F)(F)F)cc3)C2)ccn1,800.0
2611,O=C(NCc1ccc(OC(F)(F)F)cc1)[C@H]1CCCN(c2ccnc(Nc3ncccn3)c2)C1,
2612,COc1cc(N2CCC(N3CCN(C)CC3)CC2)ccc1Nc1cc(N2CCC[C@H](C(=O)NCc3ccc(OC(F)(F)F)cc3)C2)ccn1,413.0
2613,COc1cc(N2CCC(N3CCOCC3)CC2)ccc1Nc1cc(N2CCC[C@H](C(=O)NCc3ccc(OC(F)(F)F)cc3)C2)ccn1,558.0
2614,COc1cc(N2CCN(C)CC2)ccc1Nc1cc(N2CCC[C@H](C(=O)NCc3ccc(OC(F)(F)F)cc3)C2)ccn1,492.0
2615,COc1cc(N2CCNCC2)ccc1Nc1cc(N2CCC[C@H](C(=O)NCc3ccc(OC(F)(F)F)cc3)C2)ccn1,174.0
2616,Cc1cc(Nc2cc(N3CCC[C@H](C(=O)NCc4ccc(OC(F)(F)F)cc4)C3)ccn2)ccc1NC1CCN(C)CC1,2010.0
2617,C[C@@H](Oc1cc(-c2cnn(C3CCNCC3)c2)cnc1N)c1c(Cl)ccc(F)c1Cl,
2618,Cc1nn(C)cc1Nc1cc(N2CCC[C@@H](C(=O)NCc3ccc(OC(F)(F)F)cc3)C2)ccn1,2480.0
2619,COc1cc(N2CCC(N3CCN(C)CC3)CC2)ccc1Nc1cc(N2CCC[C@@H](C(=O)NCc3ccc(OC(F)(F)F)cc3)C2)ccn1,2150.0
2620,COc1cc(N2CCC(N3CCOCC3)CC2)ccc1Nc1cc(N2CCC[C@@H](C(=O)NCc3ccc(OC(F)(F)F)cc3)C2)ccn1,3210.0
2621,Cc1cc(Nc2cc(N3CCC[C@@H](C(=O)NCc4ccc(OC(F)(F)F)cc4)C3)ccn2)ccc1NC1CCN(C)CC1,4260.0
2622,COc1cc(N2CCNCC2)ccc1Nc1cc(N2CCC[C@@H](C(=O)NCc3ccc(OC(F)(F)F)cc3)C2)ccn1,560.0
2623,COc1cc(N2CCNCC2)ccc1Nc1cc(N2CCC[C@H](C(=O)NCc3ccc(OC(F)(F)F)cc3)C2)ccn1,41.3
2624,C[C@@H](Oc1cc(-c2cnn(C3CCNCC3)c2)cnc1N)c1c(Cl)ccc(F)c1Cl,73.6
2625,COc1cc(NC(=O)NCc2cccnc2)ccc1Nc1ncc(Cl)c(Nc2cc(OC)c(OC)c(OC)c2)n1,10000.0
2626,COc1cc(NC(=O)NCc2cccnc2)ccc1Nc1ncc(Cl)c(Nc2ccc(N3CCOCC3)c(OC)c2)n1,661.0
2627,COc1cc(NC(=O)NCc2cccnc2)ccc1Nc1ncc(Cl)c(Nc2ccc(N3CCN(C)CC3)cc2)n1,757.0
2628,COc1cc(NC(=O)NCCc2cccnc2)ccc1Nc1ncc(Cl)c(Nc2ccc(N3CCOCC3)c(OC)c2)n1,1046.0
2629,Oc1ccc(-c2ccc3c(-c4cnn(C5CCNCC5)c4)n[nH]c3n2)cc1F,39.64
2630,Oc1ccc(-c2ccc3c(-c4cnn(C5CCNCC5)c4)n[nH]c3n2)cc1,13.76
2631,COc1cc(N2CCN(C(C)C)CC2)ccc1-c1n[nH]c2nc(-c3ccc(O)c(F)c3)ccc12,53.08
2632,COc1cc(N2CCN(C(C)C)CC2)ccc1-c1n[nH]c2nc(-c3ccc(O)cc3)ccc12,27.05
2633,CC(C)N1CCN(c2ccc(-c3n[nH]c4nc(-c5cc(F)c(O)c(F)c5)ccc34)cc2)CC1,648.59
2634,CC(C)N1CCN(c2ccc(-c3n[nH]c4nc(-c5ccc(O)c(F)c5)ccc34)cc2)CC1,1.58
2635,CC(C)N1CCN(c2ccc(-c3n[nH]c4nc(-c5ccc(C(C)(C)O)cc5)ccc34)cc2)CC1,2000.0
2636,CC(C)N1CCN(c2ccc(-c3n[nH]c4nc(-c5ccc(N)cc5)ccc34)cc2)CC1,218.45
2637,CC(C)N1CCN(c2ccc(-c3n[nH]c4nc(-c5ccc(C#N)cc5)ccc34)cc2)CC1,2000.0
2638,CC(C)N1CCN(c2ccc(-c3n[nH]c4nc(-c5ccc(Cl)cc5)ccc34)cc2)CC1,2000.0
2639,CC(C)N1CCN(c2ccc(-c3n[nH]c4nc(-c5ccc(F)cc5)ccc34)cc2)CC1,2000.0
2640,CN(CCO)Cc1ccc(-c2n[nH]c3nc(-c4ccc(O)cc4)ccc23)o1,83.15
2641,OCC1CCCCN1Cc1ccc(-c2n[nH]c3nc(-c4ccc(O)cc4)ccc23)o1,567.92
2642,CC(C)N1CCN(Cc2ccc(-c3n[nH]c4nc(-c5ccc(O)cc5)ccc34)o2)CC1,103.47
2643,CN1CCN(Cc2ccc(-c3n[nH]c4nc(-c5ccc(O)cc5)ccc34)o2)CC1,194.38
2644,Oc1ccc(-c2ccc3c(-c4ccc(CN5CCOCC5)o4)n[nH]c3n2)cc1,94.05
2645,Oc1ccc(-c2ccc3c(-c4ccc(CN5CCCCC5)o4)n[nH]c3n2)cc1,394.19
2646,Oc1ccc(-c2ccc3c(-c4ccc(CN5CCCC5)o4)n[nH]c3n2)cc1,253.18
2647,Cc1ccc(-c2n[nH]c3nc(-c4ccc(O)cc4)ccc23)o1,53.95
2648,CC(C)N1CCN(c2ccc(-c3n[nH]c4nc(-c5ccc(O)cc5)ccc34)cc2)CC1,47.4
2649,Oc1ccc(-c2ccc3c(-c4ccc(N5CCOCC5)cc4)n[nH]c3n2)cc1,425.33
2650,Oc1ccc(-c2ccc3c(-c4ccc(N5CCCCC5)cc4)n[nH]c3n2)cc1,338.51
2651,Oc1ccc(-c2ccc3c(-c4ccc(O)cc4)n[nH]c3n2)cc1,129.9
2652,COc1ccc(-c2n[nH]c3nc(-c4ccc(O)cc4)ccc23)cc1,239.49
2653,Oc1ccc(-c2ccc3c(-c4ccc(Cl)cc4)n[nH]c3n2)cc1,2000.0
2654,Oc1ccc(-c2ccc3c(-c4ccc(F)cc4)n[nH]c3n2)cc1,336.38
2655,Oc1ccc(-c2ccc3c(-c4ccccc4)n[nH]c3n2)cc1,250.94
2656,C[C@@H](Oc1cc(-c2cnn(C3CCNCC3)c2)cnc1N)c1c(Cl)ccc(F)c1Cl,3.33
2657,C[C@@H](Oc1cc(-c2cnn(C3CCNCC3)c2)cnc1N)c1c(Cl)ccc(F)c1Cl,20.0
2658,CCc1cc2c(cc1N1CCC(N3CCOCC3)CC1)C(C)(C)c1[nH]c3cc(C#N)ccc3c1C2=O,1.9
2659,C[C@H]1Oc2cc(cnc2N)Cc2c(nn(C)c2C#N)CN(C)C(=O)c2ccc(F)cc21,1.01
2660,C[C@H]1CNC(=O)c2cnn3ccc(nc23)N[C@H](C)c2cc(F)ccc2O1,1.01
2661,CCOc1ccc2c3c(oc2c1)C(C)(C)c1cc(OCCN(CC)CC)ccc1C3=O,1336.0
2662,CCN(CC)CCOc1ccc2c(c1)C(C)(C)c1[nH]c3cc(C#N)ccc3c1C2=O,7.6
2663,CC1(C)c2cc(C3CCN(C4COC4)CC3)ccc2C(=O)c2c1[nH]c1cc(C#N)ccc21,1.5
2664,CCc1cc2c(cc1N1CCN(C3COC3)CC1)C(C)(C)c1[nH]c3cc(C#N)ccc3c1C2=O,2.9
2665,CCN1C(=O)CCCc2c1ccc(Nc1ncc(Cl)c(N[C@H]3[C@@H](C(N)=O)[C@@H]4C=C[C@H]3C4)n1)c2OC,14.0
2666,COC(=O)[C@H]1CC[C@@H](n2/c(=N/C(=O)c3ccccc3)[nH]c3ccc(CN4CCCCC4)cc32)CC1,3.0
2667,CNC(=O)[C@H]1CC[C@@H](n2/c(=N/C(=O)c3ccccc3)[nH]c3ccc(CN4CCCCC4)cc32)CC1,2.0
2668,CC(C)NC(=O)[C@H]1CC[C@@H](n2/c(=N/C(=O)c3ccc(F)cc3)[nH]c3ccc(CN4CCC(C(C)(C)O)CC4)cc32)CC1,1.2
2669,CC(C)NC(=O)[C@H]1CC[C@@H](n2/c(=N/C(=O)c3cc(F)cc(F)c3)[nH]c3ccc(CN4CCC(C(C)(C)O)CC4)cc32)CC1,1.0
2670,CCc1cc2c(cc1-c1cnn(CC(=O)N(C)C)c1)C(C)(C)c1[nH]c3cc(C#N)ccc3c1C2=O,2.0
2671,CNC(=O)c1c(F)cccc1Nc1nc(Nc2cc3c(cc2OC)CCN3C(=O)CN(C)C)nc2[nH]ccc12,0.5
2672,C[C@@H](Oc1cc(-c2cnn(C3CCNCC3)c2)cnc1N)c1c(Cl)ccc(F)c1Cl,32.0
2673,C[C@@H](Oc1cc(-c2cnn(C3CCNCC3)c2)cnc1N)c1c(Cl)ccc(F)c1Cl,43.0
2674,C[C@@H](Oc1cc(-c2cnn(C3CCNCC3)c2)cnc1N)c1c(Cl)ccc(F)c1Cl,843.0
2675,C[C@H]1Oc2cc(cnc2N)Cc2c(nn(C)c2C#N)CN(C)C(=O)c2ccc(F)cc21,21.0
2676,Cc1n[nH]cc1-c1cnc(N)c(O[C@H](C)c2cc(F)ccc2-n2nccn2)c1,60.0
2677,Cc1nc(C(C)(C)O)sc1-c1cnc(N)c(O[C@H](C)c2cc(F)ccc2-n2nccn2)c1,27.0
2678,Cc1nc([C@](C)(O)CO)sc1-c1cnc(N)c(O[C@H](C)c2cc(F)ccc2-n2nccn2)c1,0.8
2679,Cc1nn(C)c2c1Cc1cnc(N)c(c1)O[C@H](C)c1cc(F)ccc1C(=O)N(C)C2,6.6
2680,C[C@H]1Oc2cc(cnc2N)Cc2c(nn(C)c2C#N)CN(C)C(=O)c2ccc(F)cc21,0.7
2681,C[C@H]1CNC(=O)c2cnn3ccc(nc23)N[C@H](C)c2cc(F)ccc2O1,1.08
2682,Cc1nc([C@](C)(O)CO)sc1-c1cnc(N)c(O[C@H](C)c2cc(F)ccc2-n2nccn2)c1,0.2
2683,Cc1nn(C)c2c1Cc1cnc(N)c(c1)O[C@H](C)c1cc(F)ccc1C(=O)N(C)C2,14.0
2684,CCc1cc2c(cc1N1CCC(N3CCOCC3)CC1)C(C)(C)c1[nH]c3cc(C#N)ccc3c1C2=O,2.07
2685,C[C@H]1Oc2cc(cnc2N)Cc2c(nn(C)c2C#N)CN(C)C(=O)c2ccc(F)cc21,77.0
2686,C[C@H]1CNC(=O)c2cnn3ccc(nc23)N[C@H](C)c2cc(F)ccc2O1,1.26
2687,CCc1cc2c(cc1-c1cnn(C)c1)C(C)(C)c1[nH]c3cc(C#N)ccc3c1C2=O,21.0
2688,CCc1cc2c(cc1-c1cnn(CC(=O)N(C)C)c1)C(C)(C)c1[nH]c3cc(C#N)ccc3c1C2=O,2.0
2689,C[C@@H](Oc1cc(-c2cnn(C3CCNCC3)c2)cnc1N)c1c(Cl)ccc(F)c1Cl,4.5
2690,C[C@@H]1CN(C(=O)c2ccc(NC(=O)c3cc(O[C@H](C)c4c(Cl)ccc(F)c4Cl)c(N)nn3)cc2)C[C@H](C)N1,0.4
2691,C[C@@H](Oc1cc(-c2cnn(C3CCNCC3)c2)cnc1N)c1c(Cl)ccc(F)c1Cl,4.66
2692,Cc1cc(Nc2ncc(Cl)c(Nc3ccccc3S(=O)(=O)C(C)C)n2)c(OC(C)C)cc1C1CCNCC1,3.94
2693,CN1CCN(C(=O)c2ccc(-c3cc4c(N5CCC[C@H](C(=O)NCc6ccc(OC(F)(F)F)cc6)C5)ncnc4[nH]3)cc2)CC1,0.6
2694,Cc1cc(NC2CCN(C)CC2)ccc1-c1cc2c(N3CCC[C@H](C(=O)NCc4ccc(Cl)cc4)C3)ncnc2[nH]1,0.86
2695,Cc1cc(NC2CCN(C)CC2)ccc1-c1cc2c(N3CCC[C@H](C(=O)NCc4cccc(OC(F)(F)F)c4)C3)ncnc2[nH]1,0.64
2696,Cc1cc(NC2CCN(C)CC2)ccc1-c1cc2c(N3CCC[C@H](C(=O)NCc4ccc(S(F)(F)F)cc4)C3)ncnc2[nH]1,0.6
2697,Cc1cc(NC2CCN(C)CC2)ccc1-c1cc2c(N3CCC[C@H](C(=O)NCc4ccc(OC(F)(F)F)cc4)C3)ncnc2[nH]1,0.27
2698,Cc1cc(NC2CCN(C)CC2)ccc1-c1cc2c(N3CCC[C@H](C(=O)NCc4ccc(OC(F)(F)F)cc4)C3)ncnc2[nH]1,7.51
2699,Cc1cc(NC2CCN(C)CC2)ccc1-c1cc2c(N3CCC[C@H](C(=O)NCc4ccc(OC(F)(F)F)cc4)C3)ncnc2[nH]1,4.71
2700,Cc1cc(NC2CCN(C)CC2)ccc1-c1cc2c(N3CCC[C@H](C(=O)NCc4ccc(OC(F)(F)F)cc4)C3)ncnc2[nH]1,2.69
2701,Cc1cc(NC2CCN(C)CC2)ccc1-c1cc2c(N3CCC[C@H](C(=O)NCc4ccc(OC(F)(F)F)cc4)C3)ncnc2[nH]1,9.81
2702,CN(C)c1ccc(C(=O)Nc2cccc(NC(=O)COc3ccc4c(=O)ccoc4c3)c2)cc1,10000.0
2703,C=CC(=O)Nc1cccc(Oc2nc(Nc3ccc(N4CCN(C)CC4)cc3OC)ncc2Cl)c1,990.0
2704,C=CC(=O)Nc1cc(Nc2nccc(-c3cn(C)c4ccccc34)n2)c(OC)cc1N(C)CCN(C)C,177.0
2705,Cc1cc(Nc2ncc(Cl)c(Nc3ccccc3S(=O)(=O)C(C)C)n2)c(OC(C)C)cc1C1CCNCC1,20.0
2706,C=CC(=O)Nc1cc(Nc2ncc(I)c(Nc3ccccc3S(=O)(=O)N(C)C)n2)c(OC)cc1N(C)CCN(C)C,38.0
2707,C=CC(=O)Nc1cc(Nc2ncc(Cl)c(Nc3ccccc3S(=O)(=O)N(C)C)n2)c(OC)cc1N(C)CCN(C)C,17.0
2708,C=CC(=O)Nc1cc(Nc2ncc(F)c(Nc3ccccc3S(=O)(=O)N(C)C)n2)c(OC)cc1N(C)CCN(C)C,15.0
2709,C=CC(=O)Nc1cc(Nc2nccc(Nc3ccccc3S(=O)(=O)N(C)C)n2)c(OC)cc1N(C)CCN(C)C,31.0
2710,C=CC(=O)Nc1cc(Nc2ncc(I)c(Nc3ccccc3P(C)(C)=O)n2)c(OC)cc1N(C)CCN(C)C,41.0
2711,C=CC(=O)Nc1cc(Nc2ncc(Cl)c(Nc3ccccc3P(C)(C)=O)n2)c(OC)cc1N(C)CCN(C)C,40.0
2712,C=CC(=O)Nc1cc(Nc2ncc(F)c(Nc3ccccc3P(C)(C)=O)n2)c(OC)cc1N(C)CCN(C)C,123.0
2713,C=CC(=O)Nc1cc(Nc2nccc(Nc3ccccc3P(C)(C)=O)n2)c(OC)cc1N(C)CCN(C)C,695.0
2714,C=CC(=O)Nc1cc(Nc2ncc(I)c(Nc3ccccc3S(=O)(=O)C(C)C)n2)c(OC)cc1N(C)CCN(C)C,91.0
2715,C=CC(=O)Nc1cc(Nc2ncc(Cl)c(Nc3ccccc3S(=O)(=O)C(C)C)n2)c(OC)cc1N(C)CCN(C)C,18.0
2716,C=CC(=O)Nc1cc(Nc2ncc(F)c(Nc3ccccc3S(=O)(=O)C(C)C)n2)c(OC)cc1N(C)CCN(C)C,17.0
2717,C=CC(=O)Nc1cc(Nc2nccc(Nc3ccccc3S(=O)(=O)C(C)C)n2)c(OC)cc1N(C)CCN(C)C,103.0
2718,C=CC(=O)N1CC[C@H](n2cc(-c3cc4cc(C)cc(OC)c4s3)c3c(N)ncnc32)C1,1000.0
2719,[2H]C([2H])([2H])Oc1cc(C2CCNCC2)c(C)cc1Nc1ncc(Cl)c(Nc2ccccc2S(=O)(=O)C(C)C)n1,71.0
2720,[2H]C([2H])([2H])C([2H])([2H])Oc1cc(C2CCNCC2)c(C)cc1Nc1ncc(Cl)c(Nc2ccccc2S(=O)(=O)C(C)C)n1,106.3
2721,[2H]C([2H])([2H])C([2H])(Oc1cc(C2CCNCC2)c(C)cc1Nc1ncc(Cl)c(Nc2ccccc2S(=O)(=O)C(C)C)n1)C([2H])([2H])[2H],169.8
2722,Cc1cc(Nc2ncc(Cl)c(Nc3ccccc3S(=O)(=O)C(C)C)n2)c(OC(C)C)cc1C1CCNCC1,198.0
2723,[2H]C([2H])([2H])Oc1cc(C2CCNCC2)c(C)cc1Nc1ncc(Cl)c(Nc2ccccc2S(=O)(=O)C(C)C)n1,18.72
2724,[2H]C([2H])([2H])C([2H])([2H])Oc1cc(C2CCNCC2)c(C)cc1Nc1ncc(Cl)c(Nc2ccccc2S(=O)(=O)C(C)C)n1,36.98
2725,[2H]C([2H])([2H])C([2H])(Oc1cc(C2CCNCC2)c(C)cc1Nc1ncc(Cl)c(Nc2ccccc2S(=O)(=O)C(C)C)n1)C([2H])([2H])[2H],63.42
2726,Cc1cc(Nc2ncc(Cl)c(Nc3ccccc3S(=O)(=O)C(C)C)n2)c(OC(C)C)cc1C1CCNCC1,47.65
2727,[2H]C([2H])([2H])Oc1cc(C2CCNCC2)c(C)cc1Nc1ncc(Cl)c(Nc2ccccc2S(=O)(=O)C(C)C)n1,36.81
2728,[2H]C([2H])([2H])C([2H])([2H])Oc1cc(C2CCNCC2)c(C)cc1Nc1ncc(Cl)c(Nc2ccccc2S(=O)(=O)C(C)C)n1,51.62
2729,[2H]C([2H])([2H])C([2H])(Oc1cc(C2CCNCC2)c(C)cc1Nc1ncc(Cl)c(Nc2ccccc2S(=O)(=O)C(C)C)n1)C([2H])([2H])[2H],109.3
2730,Cc1cc(Nc2ncc(Cl)c(Nc3ccccc3S(=O)(=O)C(C)C)n2)c(OC(C)C)cc1C1CCNCC1,114.3
2731,Cc1cc(-c2cnc3ccc(N[C@@H](C)c4ccc(F)cc4F)nn23)[nH]n1,2.0
2732,Cc1cc(-n2ccc3ccc(N[C@@H](C)c4ccc(F)cc4F)nc32)[nH]n1,14.0
2733,Cc1cc(-n2cc(S(C)(=O)=O)c3ccc(N[C@@H](C)c4ccc(F)cc4F)nc32)n[nH]1,1.2
2734,Cc1cc(-n2cc(S(C)(=O)=O)c3ccc(N[C@@H](C)c4ccc(F)cn4)nc32)n[nH]1,3.3
2735,CCS(=O)(=O)c1cn(-c2cc(C)[nH]n2)c2nc(N[C@@H](C)c3ccc(F)cn3)ccc12,9.6
2736,Cc1cc(-n2cc(S(=O)(=O)C(C)C)c3ccc(N[C@@H](C)c4ccc(F)cn4)nc32)n[nH]1,18.0
2737,Cc1cc(-n2cc(S(=O)(=O)C3COC3)c3ccc(N[C@@H](C)c4ccc(F)cn4)nc32)n[nH]1,20.0
2738,Cc1cc(-n2cc(C(=O)N(C)C)c3ccc(N[C@@H](C)c4ccc(F)cn4)nc32)[nH]n1,1.8
2739,Cc1cc(-n2cc(C(=O)N3CCOCC3)c3ccc(N[C@@H](C)c4ccc(F)cn4)nc32)[nH]n1,2.5
2740,Cc1cc(-n2cc(C(=O)N3CCN(C)CC3)c3ccc(N[C@@H](C)c4ccc(F)cn4)nc32)[nH]n1,6.1
2741,Cc1cc(-n2cc(C3=CCOCC3)c3ccc(N[C@@H](C)c4ccc(F)cn4)nc32)[nH]n1,1.9
2742,Cc1cc(-n2cc(C(=O)N3CCOCC3)c3ccc(OC(C)c4ccc(F)cn4)nc32)[nH]n1,6.2
2743,Cc1cc(-n2cc(C(=O)N3CCO[C@@H](C)C3)c3ccc(O[C@@H](C)c4ccc(F)cn4)nc32)n[nH]1,2.9
2744,Cc1cc(-n2cc(C(=O)N3CCO[C@H](C)C3)c3ccc(O[C@H](C)c4ccc(F)cn4)nc32)[nH]n1,4.6
2745,COCc1cn(-c2cc(C)n[nH]2)c2nc(OC(C)c3ccc(F)cn3)ccc12,3.2
2746,COCc1cn(-c2cc(C)n[nH]2)c2nc(OC(C)c3ccc(F)cn3)ccc12,2800.0
2747,Cc1cc(-c2cnc3ccc(N[C@@H](C)c4ccc(F)cc4F)nn23)[nH]n1,6.0
2748,Cc1cc(-n2ccc3ccc(N[C@@H](C)c4ccc(F)cc4F)nc32)[nH]n1,140.0
2749,Cc1cc(-n2cc(S(C)(=O)=O)c3ccc(N[C@@H](C)c4ccc(F)cc4F)nc32)n[nH]1,27.0
2750,Cc1cc(-n2cc(S(C)(=O)=O)c3ccc(N[C@@H](C)c4ccc(F)cn4)nc32)n[nH]1,13.0
2751,CCS(=O)(=O)c1cn(-c2cc(C)[nH]n2)c2nc(N[C@@H](C)c3ccc(F)cn3)ccc12,37.0
2752,Cc1cc(-n2cc(S(=O)(=O)C(C)C)c3ccc(N[C@@H](C)c4ccc(F)cn4)nc32)n[nH]1,270.0
2753,Cc1cc(-n2cc(S(=O)(=O)C3COC3)c3ccc(N[C@@H](C)c4ccc(F)cn4)nc32)n[nH]1,60.0
2754,Cc1cc(-n2cc(C(=O)N(C)C)c3ccc(N[C@@H](C)c4ccc(F)cn4)nc32)[nH]n1,16.0
2755,Cc1cc(-n2cc(C(=O)N3CCOCC3)c3ccc(N[C@@H](C)c4ccc(F)cn4)nc32)[nH]n1,23.0
2756,Cc1cc(-n2cc(C(=O)N3CCN(C)CC3)c3ccc(N[C@@H](C)c4ccc(F)cn4)nc32)[nH]n1,37.0
2757,Cc1cc(-n2cc(C3=CCOCC3)c3ccc(N[C@@H](C)c4ccc(F)cn4)nc32)[nH]n1,9.4
2758,Cc1cc(-n2cc(C(=O)N3CCOCC3)c3ccc(OC(C)c4ccc(F)cn4)nc32)[nH]n1,69.0
2759,Cc1cc(-n2cc(C(=O)N3CCO[C@@H](C)C3)c3ccc(O[C@@H](C)c4ccc(F)cn4)nc32)n[nH]1,27.0
2760,Cc1cc(-n2cc(C(=O)N3CCO[C@H](C)C3)c3ccc(O[C@H](C)c4ccc(F)cn4)nc32)[nH]n1,42.0
2761,C[C@@H](Oc1cc(-c2cnn(C3CCNCC3)c2)cnc1N)c1c(Cl)ccc(F)c1Cl,1.8
2762,C[C@@H](Oc1cc(-c2cnn(C3CCNCC3)c2)cnc1N)c1c(Cl)ccc(F)c1Cl,37.0
2763,Cc1cc(-c2cnc3ccc(N[C@H](C)c4ccc(F)cc4F)nn23)[nH]n1,1000.0
2764,COc1cc(N2CCCC2=O)ccc1Nc1ncc(Cl)c(Nc2ccccc2NC(C)=O)n1,6.2
2765,COc1cc(N2CCCNC2=O)ccc1Nc1ncc(Cl)c(Nc2ccccc2NC(C)=O)n1,4.7
2766,COc1cc(NC(=O)C2CC2)ccc1Nc1ncc(Cl)c(Nc2ccccc2NC(C)=O)n1,4.1
2767,Cc1cc(Nc2ncc(Cl)c(Nc3ccccc3S(=O)(=O)C(C)C)n2)c(OC(C)C)cc1C1CCNCC1,2.7
2768,COc1cc(NC(=O)NC2CCC(=O)CC2)ccc1Nc1ncc(Cl)c(Nc2ccccc2NC(C)=O)n1,2.5
2769,COc1cc(NC(=O)N2CCCC2)ccc1Nc1ncc(Cl)c(Nc2ccccc2NC(C)=O)n1,5.1
2770,COc1cc(NC(=O)N2CCOCC2)ccc1Nc1ncc(Cl)c(Nc2ccccc2NC(C)=O)n1,2.1
2771,COc1cc(NC(=O)N2CCN(CCO)CC2)ccc1Nc1ncc(Cl)c(Nc2ccccc2NC(C)=O)n1,6.3
2772,COc1cc(N2CCCC2=O)ccc1Nc1ncc(Cl)c(Nc2ccccc2NC(C)=O)n1,2.9
2773,COc1cc(N2CCCNC2=O)ccc1Nc1ncc(Cl)c(Nc2ccccc2NC(C)=O)n1,5.1
2774,COc1cc(NC(=O)C2CC2)ccc1Nc1ncc(Cl)c(Nc2ccccc2NC(C)=O)n1,6.6
2775,Cc1cc(Nc2ncc(Cl)c(Nc3ccccc3S(=O)(=O)C(C)C)n2)c(OC(C)C)cc1C1CCNCC1,3.1
2776,COc1cc(NC(=O)NC2CCC(=O)CC2)ccc1Nc1ncc(Cl)c(Nc2ccccc2NC(C)=O)n1,3.9
2777,COc1cc(NC(=O)N2CCCC2)ccc1Nc1ncc(Cl)c(Nc2ccccc2NC(C)=O)n1,3.7
2778,COc1cc(NC(=O)N2CCOCC2)ccc1Nc1ncc(Cl)c(Nc2ccccc2NC(C)=O)n1,0.91
2779,COc1cc(NC(=O)N2CCN(CCO)CC2)ccc1Nc1ncc(Cl)c(Nc2ccccc2NC(C)=O)n1,2.7
2780,COc1cc(N2CCCC2=O)ccc1Nc1ncc(Cl)c(Nc2ccccc2NC(C)=O)n1,15.7
2781,COc1cc(N2CCCNC2=O)ccc1Nc1ncc(Cl)c(Nc2ccccc2NC(C)=O)n1,10.2
2782,COc1cc(NC(=O)C2CC2)ccc1Nc1ncc(Cl)c(Nc2ccccc2NC(C)=O)n1,11.5
2783,Cc1cc(Nc2ncc(Cl)c(Nc3ccccc3S(=O)(=O)C(C)C)n2)c(OC(C)C)cc1C1CCNCC1,197.0
2784,COc1cc(NC(=O)NC2CCC(=O)CC2)ccc1Nc1ncc(Cl)c(Nc2ccccc2NC(C)=O)n1,9.3
2785,COc1cc(NC(=O)N2CCCC2)ccc1Nc1ncc(Cl)c(Nc2ccccc2NC(C)=O)n1,7.1
2786,COc1cc(NC(=O)N2CCOCC2)ccc1Nc1ncc(Cl)c(Nc2ccccc2NC(C)=O)n1,4.3
2787,COc1cc(NC(=O)N2CCN(CCO)CC2)ccc1Nc1ncc(Cl)c(Nc2ccccc2NC(C)=O)n1,6.3
2788,CC[C@@H]1C(=O)N(C)c2cnc(Nc3ccc(C(=O)NC4CCN(C)CC4)cc3OC)nc2N1C1CCCC1,180.0
2789,CC[C@@H]1C(=O)N(C)c2cnc(Nc3ccc(C4CCN(C)CC4)cc3OC)nc2N1C1CCCC1,290.0
2790,CC[C@@H]1C(=O)N(C)c2cnc(Nc3ccc(C(=O)NC4CCN(C)CC4)cc3OCC(C)C)nc2N1C1CCCC1,1700.0
2791,CCOc1cc(C(=O)NC2CCN(C)CC2)ccc1Nc1ncc2c(n1)N(C1CCCC1)[C@H](CC)C(=O)N2C,380.0
2792,CCOc1cc(C(=O)NC2CCN(C)CC2)ccc1Nc1ncc2c(n1)N(C1CCCC1)[C@@H](CC)C(=O)N2C,3400.0
2793,CCOc1cc(C(=O)NC2CCN(C)CC2)ccc1Nc1ncc2c(n1)N(C1CCCC1)CC(=O)N2C,520.0
2794,CCOc1cc(C(=O)NC2CCN(C)CC2)ccc1Nc1ncc2c(n1)N(Cc1cccc(Br)c1)[C@H](CC)C(=O)N2C,490.0
2795,CCOc1cc(C(=O)NC2CCN(C)CC2)ccc1Nc1ncc2c(n1)N(Cc1ccccc1)[C@H](CC)C(=O)N2C,440.0
2796,CCOc1cc(C2CCN(C)CC2)ccc1Nc1ncc2c(n1)N(Cc1cccc(Br)c1)[C@H](CC)C(=O)N2C,290.0
2797,CCOc1cc(C2CCN(C)CC2)ccc1Nc1ncc2c(n1)N(Cc1ccccc1)[C@H](CC)C(=O)N2C,85.0
2798,CCOc1cc(C2CCN(C)CC2)ccc1Nc1ncc2c(n1)N(Cc1cccc(Cl)c1)[C@H](CC)C(=O)N2C,210.0
2799,CCOc1cc(C2CCN(C)CC2)ccc1Nc1ncc2c(n1)N(Cc1cccc(C#N)c1)[C@H](CC)C(=O)N2C,370.0
2800,CCOc1cc(C2CCN(C)CC2)ccc1Nc1ncc2c(n1)N(Cc1cccc(OC)c1)[C@H](CC)C(=O)N2C,350.0
2801,CCOc1cc(C2CCN(C)CC2)ccc1Nc1ncc2c(n1)N(Cc1ccccc1Br)[C@H](CC)C(=O)N2C,150.0
2802,CCOc1cc(C2CCN(C)CC2)ccc1Nc1ncc2c(n1)N(Cc1ccc(Br)cc1)[C@H](CC)C(=O)N2C,680.0
2803,CCOc1cc(C2CCN(C)CC2)ccc1Nc1ncc2c(n1)N(Cc1sccc1C)[C@H](CC)C(=O)N2C,63.0
2804,CCOc1cc(C2CCN(C)CC2)ccc1Nc1ncc2c(n1)N(Cc1cc(C)cs1)[C@H](CC)C(=O)N2C,17.0
2805,CCOc1cc(C2CCN(C)CC2)ccc1Nc1ncc2c(n1)N(Cc1ccc(C)s1)[C@H](CC)C(=O)N2C,220.0
2806,CCOc1cc(C2CCN(C)CC2)ccc1Nc1ncc2c(n1)N(Cc1scnc1C)[C@H](CC)C(=O)N2C,370.0
2807,CC[C@@H]1C(=O)N(C)c2cnc(Nc3ccc(C(=O)NC4CCN(C)CC4)cc3OC)nc2N1C1CCCC1,9400.0
2808,CCOc1cc(C2CCN(C)CC2)ccc1Nc1ncc2c(n1)N(Cc1cc(C)cs1)[C@H](CC)C(=O)N2C,1500.0
2809,Cc1cc(Nc2ncc(Cl)c(Nc3ccccc3S(=O)(=O)C(C)C)n2)c(OC(C)C)cc1C1CCNCC1,79.0
2810,CC[C@@H]1C(=O)N(C)c2cnc(Nc3ccc(C(=O)NC4CCN(C)CC4)cc3OC)nc2N1C1CCCC1,890.0
2811,CCOc1cc(C2CCN(C)CC2)ccc1Nc1ncc2c(n1)N(Cc1ccccc1)[C@H](CC)C(=O)N2C,1640.0
2812,CCOc1cc(C2CCN(C)CC2)ccc1Nc1ncc2c(n1)N(Cc1sccc1C)[C@H](CC)C(=O)N2C,1020.0
2813,CCOc1cc(C2CCN(C)CC2)ccc1Nc1ncc2c(n1)N(Cc1cc(C)cs1)[C@H](CC)C(=O)N2C,470.0
2814,CC[C@@H]1C(=O)N(C)c2cnc(Nc3ccc(C(=O)NC4CCN(C)CC4)cc3OC)nc2N1C1CCCC1,390.0
2815,C[C@@H](Oc1cc(-c2cnn(C3CCNCC3)c2)cnc1N)c1c(Cl)ccc(F)c1Cl,30.0
2816,C[C@@H](Oc1cc(-c2cc[nH]c(=O)c2)cnc1N)c1c(Cl)ccc(F)c1Cl,12.0
2817,C[C@@H](Oc1cc(-c2ccn(C)c(=O)c2)cnc1N)c1c(Cl)ccc(F)c1Cl,21.0
2818,C[C@@H](Oc1cc(-c2ccn(Cc3ccccc3)c(=O)c2)cnc1N)c1c(Cl)ccc(F)c1Cl,43.0
2819,C[C@@H](Oc1cc(-c2ccn(CCN(C)C)c(=O)c2)cnc1N)c1c(Cl)ccc(F)c1Cl,19.0
2820,CCn1ccc(-c2cnc(N)c(O[C@H](C)c3c(Cl)ccc(F)c3Cl)c2)cc1=O,21.0
2821,C[C@@H](Oc1cc(-c2cnn(C3CCNCC3)c2)cnc1N)c1c(Cl)ccc(F)c1Cl,366.0
2822,C[C@@H](Oc1cc(-c2cc[nH]c(=O)c2)cnc1N)c1c(Cl)ccc(F)c1Cl,66.0
2823,C[C@@H](Oc1cc(-c2ccn(C)c(=O)c2)cnc1N)c1c(Cl)ccc(F)c1Cl,85.0
2824,C[C@@H](Oc1cc(-c2ccn(Cc3ccccc3)c(=O)c2)cnc1N)c1c(Cl)ccc(F)c1Cl,393.0
2825,C[C@@H](Oc1cc(-c2ccn(CCN(C)C)c(=O)c2)cnc1N)c1c(Cl)ccc(F)c1Cl,45.0
2826,CCn1ccc(-c2cnc(N)c(O[C@H](C)c3c(Cl)ccc(F)c3Cl)c2)cc1=O,136.0
2827,C[C@@H](Oc1cc(-c2cnn(C3CCNCC3)c2)cnc1N)c1c(Cl)ccc(F)c1Cl,500.0
2828,C[C@@H](Oc1cc(-c2cc[nH]c(=O)c2)cnc1N)c1c(Cl)ccc(F)c1Cl,43.0
2829,C[C@@H](Oc1cc(-c2ccn(C)c(=O)c2)cnc1N)c1c(Cl)ccc(F)c1Cl,44.0
2830,C[C@@H](Oc1cc(-c2ccn(CCN(C)C)c(=O)c2)cnc1N)c1c(Cl)ccc(F)c1Cl,22.0
2831,C[C@@H](c1cc2cccnc2cc1F)n1cnc2ncc(-c3cnn(C)c3)nc21,30000.0
2832,O=C(Nc1ccc(Oc2ccnc3[nH]ccc23)c(F)c1)c1cn(-c2ccc(F)cc2)c2ccccc2c1=O,10000.0
2833,COc1cc(N2CCC(N3CCN(C)CC3)CC2)ccc1Nc1ncc(Cl)c(Nc2ccccc2P(C)(C)=O)n1,4.9
2834,COc1cc(N2CCC(N3CCN(C)CC3)CC2)ccc1Nc1ncc(Cl)c(Nc2ccccc2P(C)(C)=O)n1,1.7
2835,CCN1CCN(CCS(=O)(=O)c2ccc(Nc3ncc(Cl)c(Nc4ccccc4S(=O)(=O)C(C)C)n3)c(OC)c2)CC1,13.0
2836,COc1cc(S(=O)(=O)CC(=O)N2CCN(C)CC2)ccc1Nc1ncc(Cl)c(Nc2ccccc2S(=O)(=O)C(C)C)n1,47.0
2837,CCN1CCN(C(=O)CS(=O)(=O)c2ccc(Nc3ncc(Cl)c(Nc4ccccc4S(=O)(=O)C(C)C)n3)c(OC)c2)CC1,8.9
2838,COc1cc(NC(=O)/C=C/CN2CCN(C)CC2)ccc1Nc1ncc(Cl)c(Nc2ccccc2S(=O)(=O)C(C)C)n1,9.8
2839,C[C@@H](Oc1cc(-c2cnn(C3CCNCC3)c2)cnc1N)c1c(Cl)ccc(F)c1Cl,
2840,Cc1cc(Nc2ncc(Cl)c(Nc3ccccc3S(=O)(=O)C(C)C)n2)c(OC(C)C)cc1C1CCNCC1,80.0
2841,CCN1CCN(CCS(=O)(=O)c2ccc(Nc3ncc(Cl)c(Nc4ccccc4S(=O)(=O)C(C)C)n3)c(OC)c2)CC1,18.0
2842,COc1cc(S(=O)(=O)CC(=O)N2CCN(C)CC2)ccc1Nc1ncc(Cl)c(Nc2ccccc2S(=O)(=O)C(C)C)n1,10.0
2843,CCN1CCN(C(=O)CS(=O)(=O)c2ccc(Nc3ncc(Cl)c(Nc4ccccc4S(=O)(=O)C(C)C)n3)c(OC)c2)CC1,3.7
2844,COc1cc(NC(=O)/C=C/CN2CCN(C)CC2)ccc1Nc1ncc(Cl)c(Nc2ccccc2S(=O)(=O)C(C)C)n1,7.4
2845,C[C@@H](Oc1cc(-c2cnn(C3CCNCC3)c2)cnc1N)c1c(Cl)ccc(F)c1Cl,891.0
2846,Cc1cc(Nc2ncc(Cl)c(Nc3ccccc3S(=O)(=O)C(C)C)n2)c(OC(C)C)cc1C1CCNCC1,35.0
2847,CCN1CCN(CCS(=O)(=O)c2ccc(Nc3ncc(Cl)c(Nc4ccccc4S(=O)(=O)C(C)C)n3)c(OC)c2)CC1,4.3
2848,COc1cc(S(=O)(=O)CC(=O)N2CCN(C)CC2)ccc1Nc1ncc(Cl)c(Nc2ccccc2S(=O)(=O)C(C)C)n1,7.9
2849,CCN1CCN(C(=O)CS(=O)(=O)c2ccc(Nc3ncc(Cl)c(Nc4ccccc4S(=O)(=O)C(C)C)n3)c(OC)c2)CC1,2.3
2850,COc1cc(NC(=O)/C=C/CN2CCN(C)CC2)ccc1Nc1ncc(Cl)c(Nc2ccccc2S(=O)(=O)C(C)C)n1,4.0
2851,C[C@@H](Oc1cc(-c2cnn(C3CCNCC3)c2)cnc1N)c1c(Cl)ccc(F)c1Cl,32.0
2852,Cc1cc(Nc2ncc(Cl)c(Nc3ccccc3S(=O)(=O)C(C)C)n2)c(OC(C)C)cc1C1CCNCC1,2.9
2853,CCN1CCN(C(=O)c2cccn2-c2ccc(Nc3ncc(Cl)c(Nc4ccccc4NS(C)(=O)=O)n3)c(OC)c2)CC1,8.5
2854,COc1cc(-n2cccc2C(=O)N2CCSCC2)ccc1Nc1ncc(Cl)c(Nc2ccccc2NS(C)(=O)=O)n1,4.5
2855,COc1cc(-n2cccc2C(=O)NCCO)ccc1Nc1ncc(Cl)c(Nc2ccccc2NS(C)(=O)=O)n1,1.9
2856,CNC(=O)c1ccccc1Nc1nc(Nc2ccc(-n3cccc3C(=O)NCCO)cc2OC)ncc1Cl,9.6
2857,Cc1cc(Nc2ncc(Cl)c(Nc3ccccc3S(=O)(=O)C(C)C)n2)c(OC(C)C)cc1C1CCNCC1,2.4
2858,CCN1CCN(C(=O)c2cccn2-c2ccc(Nc3ncc(Cl)c(Nc4ccccc4NS(C)(=O)=O)n3)c(OC)c2)CC1,11.7
2859,COc1cc(-n2cccc2C(=O)N2CCSCC2)ccc1Nc1ncc(Cl)c(Nc2ccccc2NS(C)(=O)=O)n1,8.3
2860,COc1cc(-n2cccc2C(=O)NCCO)ccc1Nc1ncc(Cl)c(Nc2ccccc2NS(C)(=O)=O)n1,3.1
2861,CNC(=O)c1ccccc1Nc1nc(Nc2ccc(-n3cccc3C(=O)NCCO)cc2OC)ncc1Cl,13.4
2862,Cc1cc(Nc2ncc(Cl)c(Nc3ccccc3S(=O)(=O)C(C)C)n2)c(OC(C)C)cc1C1CCNCC1,7.4
2863,Cc1cc(Nc2ncc(Cl)c(Nc3ccccc3S(=O)(=O)C(C)C)n2)c(OC(C)C)cc1C1CCNCC1,0.61
2864,CCc1cc2c(cc1N1CCC(N3CCOCC3)CC1)C(C)(C)c1[nH]c3cc(C#N)ccc3c1C2=O,0.59
2865,C[C@@H](Oc1cc(-c2cnn(C3CCNCC3)c2)cnc1N)c1c(Cl)ccc(F)c1Cl,34.5
2866,COc1cc2c(=O)c3c4ccc(C#N)cc4[nH]c3n(C(C)C)c2c(F)c1N1C[C@@H](C)N(C)[C@@H](C)C1,2.2
2867,COc1cc2c(=O)c3c4ccc(C#N)cc4[nH]c3n(C(C)C)c2c(F)c1N1C[C@@H](C)N[C@@H](C)C1,2.6
2868,COc1cc2c(=O)c3c4ccc(C#N)cc4[nH]c3n(C(C)C)c2c(F)c1N1CCN(C)C(C)(C)C1,1.5
2869,COc1cc2c(=O)c3c4ccc(C#N)cc4[nH]c3n(C(C)C)c2c(F)c1N1CCN(C)[C@H](C)C1,2.2
2870,COc1cc2c(=O)c3c4ccc(C#N)cc4[nH]c3n(C(C)C)c2c(F)c1N1CCN(C)[C@@H](C)C1,4.8
2871,COc1cc2c(=O)c3c4ccc(C#N)cc4[nH]c3n(C(C)C)c2c(F)c1N1CCNC(C)(C)C1,2.6
2872,COc1cc2c(=O)c3c4ccc(C#N)cc4[nH]c3n(C(C)C)c2c(F)c1N1CCN[C@H](C)C1,3.9
2873,COc1cc2c(=O)c3c4ccc(C#N)cc4[nH]c3n(C(C)C)c2c(F)c1N1CCN[C@@H](C)C1,4.9
2874,COc1cc2c(=O)c3c4ccc(C#N)cc4[nH]c3n(C(C)C)c2c(F)c1C1CCN(CCO)CC1,0.62
2875,COc1cc2c(=O)c3c4ccc(C#N)cc4[nH]c3n(C(C)C)c2c(F)c1C1CCN(C2COC2)CC1,5.5
2876,COc1cc2c(=O)c3c4ccc(C#N)cc4[nH]c3n(C(C)C)c2c(F)c1C1CCN(C2CCOCC2)CC1,1.3
2877,COc1cc2c(=O)c3c4ccc(C#N)cc4[nH]c3n(C(C)C)c2c(F)c1C1CCN(C(C)C)CC1,2.5
2878,COc1cc2c(=O)c3c4ccc(C#N)cc4[nH]c3n(C(C)C)c2c(F)c1C1CCN(C)CC1,0.49
2879,COc1cc2c(=O)c3c4ccc(C#N)cc4[nH]c3n(C(C)C)c2c(F)c1N1CCC(N(C)C)CC1,5.8
2880,COc1cc2c(=O)c3c4ccc(C#N)cc4[nH]c3n(C(C)C)c2c(F)c1N1CCC(N2CCOCC2)CC1,4.0
2881,COc1cc2c(=O)c3c4ccc(C#N)cc4[nH]c3n(C3CCCCC3)c2cc1N1CCN(C)CC1,1.6
2882,COc1cc2c(=O)c3c4ccc(C#N)cc4[nH]c3n(C3CCCC3)c2cc1N1CCN(C)CC1,5.2
2883,COc1cc2c(=O)c3c4ccc(C#N)cc4[nH]c3n(C3CCC3)c2cc1N1CCN(C)CC1,12.7
2884,COc1cc2c(=O)c3c4ccc(C#N)cc4[nH]c3n(C3CC3)c2cc1N1CCN(C)CC1,16.5
2885,CCCC(C)n1c2cc(N3CCN(C)CC3)c(OC)cc2c(=O)c2c3ccc(C#N)cc3[nH]c21,8.2
2886,CCC(C)n1c2cc(N3CCN(C)CC3)c(OC)cc2c(=O)c2c3ccc(C#N)cc3[nH]c21,5.3
2887,CCCn1c2cc(N3CCN(C)CC3)c(OC)cc2c(=O)c2c3ccc(C#N)cc3[nH]c21,13.5
2888,CCn1c2cc(N3CCN(C)CC3)c(OC)cc2c(=O)c2c3ccc(C#N)cc3[nH]c21,20.6
2889,COc1cc2c(=O)c3c4ccc(C#N)cc4[nH]c3n(C(C)C)c2c(F)c1N1CCN(C)CC1,8.9
2890,CC(C)n1c2[nH]c3cc(C#N)ccc3c2c(=O)c2cc(F)c(N3CCN(C)CC3)c(F)c21,6.6
2891,CC(C)n1c2[nH]c3cc(C#N)ccc3c2c(=O)c2ccc(N3CCN(C)CC3)c(F)c21,19.8
2892,CC(C)Oc1cc2c(=O)c3c4ccc(C#N)cc4[nH]c3n(C(C)C)c2cc1N1CCN(C)CC1,5.8
2893,CCCCOc1cc2c(=O)c3c4ccc(C#N)cc4[nH]c3n(C(C)C)c2cc1N1CCN(C)CC1,5.4
2894,CCCOc1cc2c(=O)c3c4ccc(C#N)cc4[nH]c3n(C(C)C)c2cc1N1CCN(C)CC1,3.7
2895,COc1cc2c(=O)c3c4ccc(C#N)cc4[nH]c3n(C(C)C)c2cc1N1CCN(C)CC1,4.8
2896,CC(C)c1cc2c(=O)c3c4ccc(C#N)cc4[nH]c3n(C(C)C)c2cc1N1CCN(C)CC1,40.5
2897,CC(C)Cc1cc2c(=O)c3c4ccc(C#N)cc4[nH]c3n(C(C)C)c2cc1N1CCN(C)CC1,2.5
2898,CCCc1cc2c(=O)c3c4ccc(C#N)cc4[nH]c3n(C(C)C)c2cc1N1CCN(C)CC1,1.0
2899,CCc1cc2c(=O)c3c4ccc(C#N)cc4[nH]c3n(C(C)C)c2cc1N1CCN(C)CC1,2.1
2900,CC(C)n1c2cc(N3CCN(C)CC3)c(Br)cc2c(=O)c2c3ccc(C#N)cc3[nH]c21,1.3
2901,CC(C)n1c2cc(N3CCN(C)CC3)ccc2c(=O)c2c3ccc(C#N)cc3[nH]c21,21.3
2902,CC(C)n1c2cc(N3CCC(N4CCOCC4)CC3)ccc2c(=O)c2c3ccc(C#N)cc3[nH]c21,28.6
2903,Cn1c2cc(N3CCC(N4CCOCC4)CC3)ccc2c(=O)c2c3ccc(C#N)cc3[nH]c21,2503.0
2904,O=c1c2ccc(N3CCC(N4CCOCC4)CC3)cc2[nH]c2[nH]c3ccccc3c12,50000.0
2905,COc1cc2c(=O)c3c4ccc(C#N)cc4[nH]c3n(C(C)C)c2c(F)c1N1C[C@@H](C)N(C)[C@@H](C)C1,8.8
2906,C[C@@H](Oc1cc(-c2cnn(C3CCNCC3)c2)cnc1N)c1c(Cl)ccc(F)c1Cl,1035.0
2907,CCc1cc2c(cc1N1CCC(N3CCOCC3)CC1)C(C)(C)c1[nH]c3cc(C#N)ccc3c1C2=O,3.9
2908,Cc1cc(Nc2ncc(Cl)c(Nc3ccccc3S(=O)(=O)C(C)C)n2)c(OC(C)C)cc1C1CCNCC1,1.9
2909,COc1cc2c(=O)c3c4ccc(C#N)cc4[nH]c3n(C(C)C)c2c(F)c1N1C[C@@H](C)N(C)[C@@H](C)C1,6.3
2910,C[C@@H](Oc1cc(-c2cnn(C3CCNCC3)c2)cnc1N)c1c(Cl)ccc(F)c1Cl,1540.0
2911,CCc1cc2c(cc1N1CCC(N3CCOCC3)CC1)C(C)(C)c1[nH]c3cc(C#N)ccc3c1C2=O,1.5
2912,Cc1cc(Nc2ncc(Cl)c(Nc3ccccc3S(=O)(=O)C(C)C)n2)c(OC(C)C)cc1C1CCNCC1,1.1
2913,COc1cc2c(=O)c3c4ccc(C#N)cc4[nH]c3n(C(C)C)c2c(F)c1N1C[C@@H](C)N(C)[C@@H](C)C1,8.9
2914,C[C@@H](Oc1cc(-c2cnn(C3CCNCC3)c2)cnc1N)c1c(Cl)ccc(F)c1Cl,1066.0
2915,CCc1cc2c(cc1N1CCC(N3CCOCC3)CC1)C(C)(C)c1[nH]c3cc(C#N)ccc3c1C2=O,0.96
2916,Cc1cc(Nc2ncc(Cl)c(Nc3ccccc3S(=O)(=O)C(C)C)n2)c(OC(C)C)cc1C1CCNCC1,1.6
2917,COc1cc2c(=O)c3c4ccc(C#N)cc4[nH]c3n(C(C)C)c2c(F)c1N1C[C@@H](C)N(C)[C@@H](C)C1,5.6
2918,COc1cc2c(=O)c3c4ccc(C#N)cc4[nH]c3n(C(C)C)c2c(F)c1N1C[C@@H](C)N(C)[C@@H](C)C1,1.2
2919,COc1cc2c(=O)c3c4ccc(C#N)cc4[nH]c3n(C(C)C)c2c(F)c1N1C[C@@H](C)N(C)[C@@H](C)C1,4.8
2920,C=CC(=O)NCCOCCNC(=O)CCN1CCC(c2cc(OC(C)C)c(Nc3ncc(Cl)c(Nc4ccccc4S(=O)(=O)C(C)C)n3)cc2C)CC1,0.5
2921,CCC(=O)NCCOCCNC(=O)CCN1CCC(c2cc(OC(C)C)c(Nc3ncc(Cl)c(Nc4ccccc4S(=O)(=O)C(C)C)n3)cc2C)CC1,13.2
2922,C=CC(=O)NCCOCCNC(=O)CCN1CCC(c2cc(OC(C)C)c(Nc3ncc(Cl)c(Nc4ccccc4S(=O)(=O)C(C)C)n3)cc2C)CC1,1.4
2923,CN(C)Cc1nc2ccc(Nc3ncc(Cl)c(Nc4ccccc4NS(C)(=O)=O)n3)cc2[nH]1,4.0
2924,CN(C)Cc1nc2ccc(Nc3ncc(Cl)c(Nc4ccccc4C(=O)N(C)C)n3)cc2[nH]1,3.2
2925,CN1CCN(Cc2nc3ccc(Nc4ncc(Cl)c(Nc5ccccc5NS(C)(=O)=O)n4)cc3[nH]2)CC1,3.6
2926,CN1CCN(Cc2nc3ccc(Nc4ncc(Cl)c(Nc5ccccc5C(=O)N(C)C)n4)cc3[nH]2)CC1,2.7
2927,CS(=O)(=O)Nc1ccccc1Nc1nc(Nc2ccc3nc(CN4CCCCC4)[nH]c3c2)ncc1Cl,5.3
2928,CN(C)C(=O)c1ccccc1Nc1nc(Nc2ccc3nc(CN4CCCC4)[nH]c3c2)ncc1Cl,3.4
2929,Cc1cc(Nc2ncc(Cl)c(Nc3ccccc3S(=O)(=O)C(C)C)n2)c(OC(C)C)cc1C1CCNCC1,3.2
2930,CN(C)Cc1nc2ccc(Nc3ncc(Cl)c(Nc4ccccc4NS(C)(=O)=O)n3)cc2[nH]1,3.7
2931,CN(C)Cc1nc2ccc(Nc3ncc(Cl)c(Nc4ccccc4C(=O)N(C)C)n3)cc2[nH]1,3.8
2932,CN1CCN(Cc2nc3ccc(Nc4ncc(Cl)c(Nc5ccccc5NS(C)(=O)=O)n4)cc3[nH]2)CC1,4.9
2933,CN1CCN(Cc2nc3ccc(Nc4ncc(Cl)c(Nc5ccccc5C(=O)N(C)C)n4)cc3[nH]2)CC1,3.8
2934,CS(=O)(=O)Nc1ccccc1Nc1nc(Nc2ccc3nc(CN4CCCCC4)[nH]c3c2)ncc1Cl,8.4
2935,CN(C)C(=O)c1ccccc1Nc1nc(Nc2ccc3nc(CN4CCCC4)[nH]c3c2)ncc1Cl,5.3
2936,Cc1cc(Nc2ncc(Cl)c(Nc3ccccc3S(=O)(=O)C(C)C)n2)c(OC(C)C)cc1C1CCNCC1,7.6
2937,CN(C)Cc1nc2ccc(Nc3ncc(Cl)c(Nc4ccccc4NS(C)(=O)=O)n3)cc2[nH]1,8.2
2938,CN(C)Cc1nc2ccc(Nc3ncc(Cl)c(Nc4ccccc4C(=O)N(C)C)n3)cc2[nH]1,6.9
2939,CN1CCN(Cc2nc3ccc(Nc4ncc(Cl)c(Nc5ccccc5NS(C)(=O)=O)n4)cc3[nH]2)CC1,7.0
2940,CN1CCN(Cc2nc3ccc(Nc4ncc(Cl)c(Nc5ccccc5C(=O)N(C)C)n4)cc3[nH]2)CC1,5.7
2941,CS(=O)(=O)Nc1ccccc1Nc1nc(Nc2ccc3nc(CN4CCCCC4)[nH]c3c2)ncc1Cl,7.1
2942,CN(C)C(=O)c1ccccc1Nc1nc(Nc2ccc3nc(CN4CCCC4)[nH]c3c2)ncc1Cl,13.3
2943,Cc1cc(Nc2ncc(Cl)c(Nc3ccccc3S(=O)(=O)C(C)C)n2)c(OC(C)C)cc1C1CCNCC1,172.0
2944,COc1cc2c(cc1Nc1ncc(Cl)c(Nc3ccccc3S(=O)(=O)C(C)C)n1)CN(S(N)(=O)=O)CC2,8.0
2945,CCNC(=O)N1CCc2cc(OC)c(Nc3ncc(Cl)c(Nc4ccccc4S(=O)(=O)C(C)C)n3)cc2C1,10.0
2946,COc1cc2c(cc1Nc1ncc(Cl)c(Nc3ccccc3S(=O)(=O)C(C)C)n1)CN(C(=O)CO)CC2,4.0
2947,COc1cc2c(cc1Nc1ncc(Cl)c(Nc3ccccc3S(=O)(=O)C(C)C)n1)CN(C(C)=O)CC2,5.0
2948,COc1cc2c(cc1Nc1ncc(Cl)c(Nc3ccccc3S(=O)(=O)C(C)C)n1)CN(CC(=O)N(C)C)CC2,3.0
2949,COc1cc2c(cc1Nc1ncc(Cl)c(Nc3ccccc3S(=O)(=O)C(C)C)n1)CN(CCN(C)C)CC2,16.0
2950,COc1cc2c(cc1Nc1ncc(Cl)c(Nc3ccccc3S(=O)(=O)C(C)C)n1)CN(CCO)CC2,2.0
2951,CCN1CCc2cc(OC)c(Nc3ncc(Cl)c(Nc4ccccc4S(=O)(=O)C(C)C)n3)cc2C1,1.0
2952,COc1cc2c(cc1Nc1ncc(Cl)c(Nc3ccccc3S(=O)(=O)C(C)C)n1)CN(C)CC2,3.0
2953,COc1cc2c(cc1Nc1ncc(Cl)c(Nc3ccccc3S(=O)(=O)C(C)C)n1)CNCC2,1.0
2954,COc1cc2cnccc2cc1Nc1ncc(Cl)c(Nc2ccccc2S(=O)(=O)C(C)C)n1,130.0
2955,COc1cc2c(cc1Nc1ncc(Cl)c(Nc3ccccc3S(=O)(=O)C(C)C)n1)CCN=C2,7.8
2956,COc1cc2c(cc1Nc1ncc(Cl)c(Nc3ccccc3S(=O)(=O)C(C)C)n1)CC[N+](C)(C)C2.[I-],1.5
2957,CCC(C)Oc1cc2c(cc1Nc1ncc(Cl)c(Nc3ccccc3S(=O)(=O)C(C)C)n1)CCNC2,1.2
2958,CC(C)COc1cc2c(cc1Nc1ncc(Cl)c(Nc3ccccc3S(=O)(=O)C(C)C)n1)CCNC2,1.2
2959,CC(C)Oc1cc2c(cc1Nc1ncc(Cl)c(Nc3ccccc3S(=O)(=O)C(C)C)n1)CCNC2,0.54
2960,COc1cc2c(cc1Nc1ncc(Cl)c(Nc3ccccc3S(=O)(=O)C(C)C)n1)CCN(S(N)(=O)=O)C2,7.0
2961,CCNC(=O)N1CCc2cc(Nc3ncc(Cl)c(Nc4ccccc4S(=O)(=O)C(C)C)n3)c(OC)cc2C1,2.0
2962,COc1cc2c(cc1Nc1ncc(Cl)c(Nc3ccccc3S(=O)(=O)C(C)C)n1)CCN(C(=O)CO)C2,1.0
2963,COc1cc2c(cc1Nc1ncc(Cl)c(Nc3ccccc3S(=O)(=O)C(C)C)n1)CCN(C(C)=O)C2,2.0
2964,COc1cc2c(cc1Nc1ncc(Cl)c(Nc3ccccc3S(=O)(=O)C(C)C)n1)CCN(CC(=O)N(C)C)C2,3.0
2965,COc1cc2c(cc1Nc1ncc(Cl)c(Nc3ccccc3S(=O)(=O)C(C)C)n1)CCN(CCN(C)C)C2,18.0
2966,COc1cc2c(cc1Nc1ncc(Cl)c(Nc3ccccc3S(=O)(=O)C(C)C)n1)CCN(CCO)C2,1.0
2967,CCN1CCc2cc(Nc3ncc(Cl)c(Nc4ccccc4S(=O)(=O)C(C)C)n3)c(OC)cc2C1,3.0
2968,COc1cc2c(cc1Nc1ncc(Cl)c(Nc3ccccc3S(=O)(=O)C(C)C)n1)CCN(C)C2,40.0
2969,COc1cc2c(cc1Nc1ncc(Cl)c(Nc3ccccc3S(=O)(=O)C(C)C)n1)CCNC2,1.0
2970,Cc1cc(Nc2ncc(Cl)c(Nc3ccccc3S(=O)(=O)C(C)C)n2)c(OC(C)C)cc1C1CCNCC1,14.0
2971,COc1cc2c(cc1Nc1ncc(Cl)c(Nc3ccccc3S(=O)(=O)C(C)C)n1)CNCC2,1.3
2972,COc1cc2c(cc1Nc1ncc(Cl)c(Nc3ccccc3S(=O)(=O)C(C)C)n1)CCNC2,5.9
2973,Cc1cc(Nc2ncc(Cl)c(Nc3ccccc3S(=O)(=O)C(C)C)n2)c(OC(C)C)cc1C1CCNCC1,20.0
2974,COc1cc2c(cc1Nc1ncc(Cl)c(Nc3ccccc3S(=O)(=O)C(C)C)n1)CN(S(N)(=O)=O)CC2,50.0
2975,CCNC(=O)N1CCc2cc(OC)c(Nc3ncc(Cl)c(Nc4ccccc4S(=O)(=O)C(C)C)n3)cc2C1,150.0
2976,COc1cc2c(cc1Nc1ncc(Cl)c(Nc3ccccc3S(=O)(=O)C(C)C)n1)CN(C(=O)CO)CC2,30.0
2977,COc1cc2c(cc1Nc1ncc(Cl)c(Nc3ccccc3S(=O)(=O)C(C)C)n1)CN(C(C)=O)CC2,50.0
2978,COc1cc2c(cc1Nc1ncc(Cl)c(Nc3ccccc3S(=O)(=O)C(C)C)n1)CN(CC(=O)N(C)C)CC2,34.0
2979,COc1cc2c(cc1Nc1ncc(Cl)c(Nc3ccccc3S(=O)(=O)C(C)C)n1)CN(CCN(C)C)CC2,72.0
2980,COc1cc2c(cc1Nc1ncc(Cl)c(Nc3ccccc3S(=O)(=O)C(C)C)n1)CN(CCO)CC2,10.0
2981,CCN1CCc2cc(OC)c(Nc3ncc(Cl)c(Nc4ccccc4S(=O)(=O)C(C)C)n3)cc2C1,10.0
2982,COc1cc2c(cc1Nc1ncc(Cl)c(Nc3ccccc3S(=O)(=O)C(C)C)n1)CN(C)CC2,30.0
2983,COc1cc2c(cc1Nc1ncc(Cl)c(Nc3ccccc3S(=O)(=O)C(C)C)n1)CNCC2,7.0
2984,COc1cc2cnccc2cc1Nc1ncc(Cl)c(Nc2ccccc2S(=O)(=O)C(C)C)n1,
2985,COc1cc2c(cc1Nc1ncc(Cl)c(Nc3ccccc3S(=O)(=O)C(C)C)n1)CCN=C2,39.0
2986,COc1cc2c(cc1Nc1ncc(Cl)c(Nc3ccccc3S(=O)(=O)C(C)C)n1)CC[N+](C)(C)C2.[I-],3.3
2987,CCC(C)Oc1cc2c(cc1Nc1ncc(Cl)c(Nc3ccccc3S(=O)(=O)C(C)C)n1)CCNC2,2.3
2988,CC(C)COc1cc2c(cc1Nc1ncc(Cl)c(Nc3ccccc3S(=O)(=O)C(C)C)n1)CCNC2,1.2
2989,CC(C)Oc1cc2c(cc1Nc1ncc(Cl)c(Nc3ccccc3S(=O)(=O)C(C)C)n1)CCNC2,13.0
2990,COc1cc2c(cc1Nc1ncc(Cl)c(Nc3ccccc3S(=O)(=O)C(C)C)n1)CCN(S(N)(=O)=O)C2,70.0
2991,CCNC(=O)N1CCc2cc(Nc3ncc(Cl)c(Nc4ccccc4S(=O)(=O)C(C)C)n3)c(OC)cc2C1,50.0
2992,COc1cc2c(cc1Nc1ncc(Cl)c(Nc3ccccc3S(=O)(=O)C(C)C)n1)CCN(C(=O)CO)C2,10.0
2993,COc1cc2c(cc1Nc1ncc(Cl)c(Nc3ccccc3S(=O)(=O)C(C)C)n1)CCN(C(C)=O)C2,30.0
2994,COc1cc2c(cc1Nc1ncc(Cl)c(Nc3ccccc3S(=O)(=O)C(C)C)n1)CCN(CC(=O)N(C)C)C2,54.0
2995,COc1cc2c(cc1Nc1ncc(Cl)c(Nc3ccccc3S(=O)(=O)C(C)C)n1)CCN(CCN(C)C)C2,1180.0
2996,COc1cc2c(cc1Nc1ncc(Cl)c(Nc3ccccc3S(=O)(=O)C(C)C)n1)CCN(CCO)C2,10.0
2997,CCN1CCc2cc(Nc3ncc(Cl)c(Nc4ccccc4S(=O)(=O)C(C)C)n3)c(OC)cc2C1,20.0
2998,COc1cc2c(cc1Nc1ncc(Cl)c(Nc3ccccc3S(=O)(=O)C(C)C)n1)CCN(C)C2,710.0
2999,COc1cc2c(cc1Nc1ncc(Cl)c(Nc3ccccc3S(=O)(=O)C(C)C)n1)CCNC2,10.0
3000,Cc1cc(Nc2ncc(Cl)c(Nc3ccccc3S(=O)(=O)C(C)C)n2)c(OC(C)C)cc1C1CCNCC1,29.0
3001,COc1cc2c(cc1Nc1ncc(Cl)c(Nc3ccccc3S(=O)(=O)C(C)C)n1)CNCC2,0.24
3002,COc1cc2c(cc1Nc1ncc(Cl)c(Nc3ccccc3S(=O)(=O)C(C)C)n1)CCNC2,1.7
3003,Cc1cc(Nc2ncc(Cl)c(Nc3ccccc3S(=O)(=O)C(C)C)n2)c(OC(C)C)cc1C1CCNCC1,2.1
3004,COc1cc2c(cc1Nc1ncc(Cl)c(Nc3ccccc3S(=O)(=O)C(C)C)n1)CNCC2,0.46
3005,COc1cc2c(cc1Nc1ncc(Cl)c(Nc3ccccc3S(=O)(=O)C(C)C)n1)CCNC2,2.1
3006,Cc1cc(Nc2ncc(Cl)c(Nc3ccccc3S(=O)(=O)C(C)C)n2)c(OC(C)C)cc1C1CCNCC1,2.4
3007,COc1cc2c(cc1Nc1ncc(Cl)c(Nc3ccccc3S(=O)(=O)C(C)C)n1)CNCC2,0.45
3008,COc1cc2c(cc1Nc1ncc(Cl)c(Nc3ccccc3S(=O)(=O)C(C)C)n1)CCNC2,3.0
3009,Cc1cc(Nc2ncc(Cl)c(Nc3ccccc3S(=O)(=O)C(C)C)n2)c(OC(C)C)cc1C1CCNCC1,4.2
3010,Cc1cc(NC2=NC3NCCCC3C(Nc3ccccc3S(=O)(=O)C(C)C)=N2)c(OC(C)C)cc1C1CCNCC1,212.0
3011,COc1ccc2nc(Nc3cc(C)c(C4CCN(C)CC4)cc3OC(C)C)nc(Nc3ccccc3S(=O)(=O)C(C)C)c2c1,1930.0
3012,Cc1cc(Nc2cc(Nc3ccccc3S(=O)(=O)C(C)C)nc3[nH]ccc23)c(OC(C)C)cc1C1CCN(C)CC1,186.0
3013,Cc1cc(Nc2cc(Nc3ccccc3S(=O)(=O)C(C)C)c3cc[nH]c3n2)c(OC(C)C)cc1C1CCN(C)CC1,25000.0
3014,Cc1cc(Nc2nc(Nc3ccccc3S(=O)(=O)C(C)C)c3c(C)[nH]nc3n2)c(OC(C)C)cc1C1CCN(C)CC1,4.0
3015,Cc1cc(Nc2nc(Nc3ccccc3S(=O)(=O)C(C)C)c3c(C)n[nH]c3n2)c(OC(C)C)cc1C1CCNCC1,5.0
3016,Cc1cc2c(Nc3ccccc3S(=O)(=O)C(C)C)nc(Nc3cc(C)c(C4CCNCC4)cc3OC(C)C)nc2[nH]1,3878.0
3017,Cc1cc(Nc2nc(Nc3ccccc3S(=O)(=O)C(C)C)c3cc[nH]c3n2)c(OC(C)C)cc1C1CCN(C)CC1,8.0
3018,C[C@@H](Oc1cc(-c2ccn(C3CCNCC3)n2)cnc1N)c1c(Cl)ccc(F)c1Cl,7.0
3019,CN[C@@H]1C[C@H]2O[C@@](C)([C@@H]1OC)n1c3ccccc3c3c4c(c5c6ccccc6n2c5c31)C(=O)NC4,1.09
3020,CCOc1cc(C2CCN(C)CC2)ccc1Nc1ncc2c(n1)N(Cc1cc(C)cs1)[C@H](CC)C(=O)N2C,17.0
3021,Cc1cc(Nc2ncc(Cl)c(Nc3ccccc3S(=O)(=O)C(C)C)n2)c(OC(C)C)cc1C1CCN(CCC(=O)NCCCCNc2cccc3c2C(=O)N(C2CCC(=O)NC2=O)C3=O)CC1,19300.0
3022,Cc1cc(Nc2ncc(Cl)c(Nc3ccccc3S(=O)(=O)C(C)C)n2)c(OC(C)C)cc1C1CCN(CCC(=O)NCCCCCCNc2cccc3c2C(=O)N(C2CCC(=O)NC2=O)C3=O)CC1,15800.0
3023,Cc1cc(Nc2ncc(Cl)c(Nc3ccccc3S(=O)(=O)C(C)C)n2)c(OC(C)C)cc1C1CCN(CCC(=O)NCCCCCCCCNc2cccc3c2C(=O)N(C2CCC(=O)NC2=O)C3=O)CC1,19800.0
3024,Cc1cc(Nc2ncc(Cl)c(Nc3ccccc3S(=O)(=O)C(C)C)n2)c(OC(C)C)cc1C1CCN(CCC(=O)NCCOCCNc2cccc3c2C(=O)N(C2CCC(=O)NC2=O)C3=O)CC1,10200.0
3025,Cc1cc(Nc2ncc(Cl)c(Nc3ccccc3S(=O)(=O)C(C)C)n2)c(OC(C)C)cc1C1CCN(CCC(=O)NCCOCCOCCNc2cccc3c2C(=O)N(C2CCC(=O)NC2=O)C3=O)CC1,2300.0
3026,Cc1cc(Nc2ncc(Cl)c(Nc3ccccc3S(=O)(=O)C(C)C)n2)c(OC(C)C)cc1C1CCN(CCC(=O)NCOCCOCCOCCNc2cccc3c2C(=O)N(C2CCC(=O)NC2=O)C3=O)CC1,1600.0
3027,Cc1cc(Nc2ncc(Cl)c(Nc3ccccc3S(=O)(=O)C(C)C)n2)c(OC(C)C)cc1C1CCN(CCC(=O)NCCOCCOCCOCCOCCNc2cccc3c2C(=O)N(C2CCC(=O)NC2=O)C3=O)CC1,11400.0
3028,Cc1cc(Nc2ncc(Cl)c(Nc3ccccc3S(=O)(=O)C(C)C)n2)c(OC(C)C)cc1C1CCN(CCC(=O)NCCCCNCC(=O)Nc2cccc3c2C(=O)N(C2CCC(=O)NC2=O)C3=O)CC1,8300.0
3029,Cc1cc(Nc2ncc(Cl)c(Nc3ccccc3S(=O)(=O)C(C)C)n2)c(OC(C)C)cc1C1CCN(CCC(=O)NCCCCCCNCC(=O)Nc2cccc3c2C(=O)N(C2CCC(=O)NC2=O)C3=O)CC1,50900.0
3030,Cc1cc(Nc2ncc(Cl)c(Nc3ccccc3S(=O)(=O)C(C)C)n2)c(OC(C)C)cc1C1CCN(CCC(=O)NCCCCCCCCNCC(=O)Nc2cccc3c2C(=O)N(C2CCC(=O)NC2=O)C3=O)CC1,12800.0
3031,Cc1cc(Nc2ncc(Cl)c(Nc3ccccc3S(=O)(=O)C(C)C)n2)c(OC(C)C)cc1C1CCN(CCC(=O)NCCOCCNCC(=O)Nc2cccc3c2C(=O)N(C2CCC(=O)NC2=O)C3=O)CC1,4600.0
3032,Cc1cc(Nc2ncc(Cl)c(Nc3ccccc3S(=O)(=O)C(C)C)n2)c(OC(C)C)cc1C1CCN(CCC(=O)NCCOCCOCCNCC(=O)Nc2cccc3c2C(=O)N(C2CCC(=O)NC2=O)C3=O)CC1,4800.0
3033,Cc1cc(Nc2ncc(Cl)c(Nc3ccccc3S(=O)(=O)C(C)C)n2)c(OC(C)C)cc1C1CCN(CCC(=O)NCCOCCOCCOCCNCC(=O)Nc2cccc3c2C(=O)N(C2CCC(=O)NC2=O)C3=O)CC1,5400.0
3034,Cc1cc(Nc2ncc(Cl)c(Nc3ccccc3S(=O)(=O)C(C)C)n2)c(OC(C)C)cc1C1CCN(CCC(=O)NCCCCNCCC(=O)Nc2cccc3c2C(=O)N(C2CCC(=O)NC2=O)C3=O)CC1,1500.0
3035,Cc1cc(Nc2ncc(Cl)c(Nc3ccccc3S(=O)(=O)C(C)C)n2)c(OC(C)C)cc1C1CCN(CCC(=O)NCCCCCCNCCC(=O)Nc2cccc3c2C(=O)N(C2CCC(=O)NC2=O)C3=O)CC1,12600.0
3036,Cc1cc(Nc2ncc(Cl)c(Nc3ccccc3S(=O)(=O)C(C)C)n2)c(OC(C)C)cc1C1CCN(CCC(=O)NCCOCCNCCC(=O)Nc2cccc3c2C(=O)N(C2CCC(=O)NC2=O)C3=O)CC1,1400.0
3037,Cc1cc(Nc2ncc(Cl)c(Nc3ccccc3S(=O)(=O)C(C)C)n2)c(OC(C)C)cc1C1CCN(CCC(=O)NCCOCCOCCNCCC(=O)Nc2cccc3c2C(=O)N(C2CCC(=O)NC2=O)C3=O)CC1,1900.0
3038,Cc1cc(Nc2ncc(Cl)c(Nc3ccccc3S(=O)(=O)C(C)C)n2)c(OC(C)C)cc1C1CCN(CCC(=O)NCCCCNC(=O)COc2cccc3c2C(=O)N(C2CCC(=O)NC2=O)C3=O)CC1,15800.0
3039,Cc1cc(Nc2ncc(Cl)c(Nc3ccccc3S(=O)(=O)C(C)C)n2)c(OC(C)C)cc1C1CCN(CCC(=O)NCCCCCCNC(=O)COc2cccc3c2C(=O)N(C2CCC(=O)NC2=O)C3=O)CC1,2100.0
3040,Cc1cc(Nc2ncc(Cl)c(Nc3ccccc3S(=O)(=O)C(C)C)n2)c(OC(C)C)cc1C1CCN(CCC(=O)NCCCCCCCCNC(=O)COc2cccc3c2C(=O)N(C2CCC(=O)NC2=O)C3=O)CC1,5400.0
3041,Cc1cc(Nc2ncc(Cl)c(Nc3ccccc3S(=O)(=O)C(C)C)n2)c(OC(C)C)cc1C1CCN(CCC(=O)NCCOCCNC(=O)COc2cccc3c2C(=O)N(C2CCC(=O)NC2=O)C3=O)CC1,3600.0
3042,Cc1cc(Nc2ncc(Cl)c(Nc3ccccc3S(=O)(=O)C(C)C)n2)c(OC(C)C)cc1C1CCN(CCC(=O)NCCOCCOCCNC(=O)COc2cccc3c2C(=O)N(C2CCC(=O)NC2=O)C3=O)CC1,1900.0
3043,Cc1cc(Nc2ncc(Cl)c(Nc3ccccc3S(=O)(=O)C(C)C)n2)c(OC(C)C)cc1C1CCN(CCC(=O)NCCOCCOCCOCCNC(=O)COc2cccc3c2C(=O)N(C2CCC(=O)NC2=O)C3=O)CC1,1500.0
3044,Cc1cc(Nc2ncc(Cl)c(Nc3ccccc3S(=O)(=O)C(C)C)n2)c(OC(C)C)cc1C1CCN(CCC(=O)O)CC1,3900.0
3045,Cc1cc(Nc2ncc(Cl)c(Nc3ccccc3S(=O)(=O)C(C)C)n2)c(OC(C)C)cc1C1CCNCC1,810.0
3046,Cc1cc(Nc2ncc(Cl)c(Nc3ccccc3S(=O)(=O)C(C)C)n2)c(OC(C)C)cc1C1CCN(CCC(=O)NCCCCCCCCNCCC(=O)Nc2cccc3c2C(=O)N(C2CCC(=O)NC2=O)C3=O)CC1,8200.0
3047,COc1cc(NCC2CCCO2)ccc1Nc1ncc(Cl)c(Nc2ccccc2NS(C)(=O)=O)n1,3.2
3048,COc1cc(OCC2CCCO2)ccc1Nc1ncc(Cl)c(Nc2ccccc2NS(C)(=O)=O)n1,3.0
3049,COc1cc(SCc2ccc(CN3CCCC3)o2)ccc1Nc1ncc(Cl)c(Nc2ccccc2NS(C)(=O)=O)n1,3.4
3050,COc1cc(SCc2ccc(CN(C)C)o2)ccc1Nc1ncc(Cl)c(Nc2ccccc2NS(C)(=O)=O)n1,2.8
3051,Cc1cc(Nc2ncc(Cl)c(Nc3ccccc3S(=O)(=O)C(C)C)n2)c(OC(C)C)cc1C1CCNCC1,3.5
3052,COc1cc(NCC2CCCO2)ccc1Nc1ncc(Cl)c(Nc2ccccc2NS(C)(=O)=O)n1,5.8
3053,COc1cc(OCC2CCCO2)ccc1Nc1ncc(Cl)c(Nc2ccccc2NS(C)(=O)=O)n1,3.3
3054,COc1cc(SCc2ccc(CN3CCCC3)o2)ccc1Nc1ncc(Cl)c(Nc2ccccc2NS(C)(=O)=O)n1,2.8
3055,COc1cc(SCc2ccc(CN(C)C)o2)ccc1Nc1ncc(Cl)c(Nc2ccccc2NS(C)(=O)=O)n1,2.6
3056,Cc1cc(Nc2ncc(Cl)c(Nc3ccccc3S(=O)(=O)C(C)C)n2)c(OC(C)C)cc1C1CCNCC1,12.9
3057,COc1cc(NCC2CCCO2)ccc1Nc1ncc(Cl)c(Nc2ccccc2NS(C)(=O)=O)n1,4.5
3058,COc1cc(OCC2CCCO2)ccc1Nc1ncc(Cl)c(Nc2ccccc2NS(C)(=O)=O)n1,2.1
3059,COc1cc(SCc2ccc(CN3CCCC3)o2)ccc1Nc1ncc(Cl)c(Nc2ccccc2NS(C)(=O)=O)n1,3.9
3060,COc1cc(SCc2ccc(CN(C)C)o2)ccc1Nc1ncc(Cl)c(Nc2ccccc2NS(C)(=O)=O)n1,3.8
3061,Cc1cc(Nc2ncc(Cl)c(Nc3ccccc3S(=O)(=O)C(C)C)n2)c(OC(C)C)cc1C1CCNCC1,108.0
3062,COCC/C(=N\S(=O)(=O)Cc1ccc(Cl)cc1)Nc1ccc(Oc2ccnc3cc(OCCCN4CCOCC4)c(OC)cc23)c(F)c1,10000.0
3063,COc1cc2c(Oc3ccc(NC(=O)C4(C(=O)Nc5ccc(F)cc5)CC4)cc3F)ccnc2cc1OCCCN1CCOCC1,5000.0
3064,O=C(Nc1ccc(N2CCOCC2)c(C(=O)N2CCSCC2)c1)[C@@H]1CCCN1c1nc(Nc2cc(F)cc(F)c2)ncc1Cl,17.0
3065,CN1CCN(C(=O)c2cc(NC(=O)[C@@H]3CCCN3c3nc(Nc4cc(F)cc(F)c4)ncc3Cl)ccc2N2CCOCC2)CC1,23.0
3066,CN1CCN(c2ccc(NC(=O)[C@@H]3CCCN3c3nc(Nc4cc(F)cc(F)c4)ncc3Cl)cc2C(=O)N(C)C)CC1,8.5
3067,CN1CCN(c2ccc(NC(=O)[C@@H]3CCCN3c3nc(Nc4cc(F)cc(F)c4)ncc3Cl)cc2C(=O)N2CCSCC2)CC1,9.3
3068,CN1CCN(c2ccc(C(=O)Nc3n[nH]c4ccc(Cc5cc(F)cc(F)c5)cc34)c(NC3CCOCC3)c2)CC1,15.0
3069,Cc1cc(Nc2ncc(Cl)c(Nc3ccccc3S(=O)(=O)C(C)C)n2)c(OC(C)C)cc1C1CCNCC1,3.1
3070,O=C(Nc1ccc(N2CCOCC2)c(C(=O)N2CCSCC2)c1)[C@@H]1CCCN1c1nc(Nc2cc(F)cc(F)c2)ncc1Cl,53.0
3071,CN1CCN(C(=O)c2cc(NC(=O)[C@@H]3CCCN3c3nc(Nc4cc(F)cc(F)c4)ncc3Cl)ccc2N2CCOCC2)CC1,60.0
3072,CN1CCN(c2ccc(NC(=O)[C@@H]3CCCN3c3nc(Nc4cc(F)cc(F)c4)ncc3Cl)cc2C(=O)N(C)C)CC1,33.0
3073,CN1CCN(c2ccc(NC(=O)[C@@H]3CCCN3c3nc(Nc4cc(F)cc(F)c4)ncc3Cl)cc2C(=O)N2CCSCC2)CC1,38.0
3074,CN1CCN(c2ccc(C(=O)Nc3n[nH]c4ccc(Cc5cc(F)cc(F)c5)cc34)c(NC3CCOCC3)c2)CC1,124.0
3075,Cc1cc(Nc2ncc(Cl)c(Nc3ccccc3S(=O)(=O)C(C)C)n2)c(OC(C)C)cc1C1CCNCC1,27.0
3076,CCc1cc2c(cc1N1CCC(N3CCN(C(=O)CNc4cccc5c4CN(C4CCC(=O)NC4=O)C5=O)CC3)CC1)C(C)(C)c1[nH]c3cc(C#N)ccc3c1C2=O,4700.0
3077,CCc1cc2c(cc1N1CCC(N3CCN(CCCC#Cc4cccc5c4CN(C4CCC(=O)NC4=O)C5=O)CC3)CC1)C(C)(C)c1[nH]c3cc(C#N)ccc3c1C2=O,3300.0
3078,CCc1cc2c(cc1N1CCC(N3CCN(C(=O)CNc4cccc5c4CN(C4CCC(=O)NC4=O)C5=O)CC3)CC1)C(C)(C)c1[nH]c3cc(C#N)ccc3c1C2=O,90500.0
3079,CCc1cc2c(cc1N1CCC(N3CCN(CCCC#Cc4cccc5c4CN(C4CCC(=O)NC4=O)C5=O)CC3)CC1)C(C)(C)c1[nH]c3cc(C#N)ccc3c1C2=O,94600.0
3080,CC(C)n1cc(C(=O)Nc2ccc(Oc3ccnc(NC(=O)C4CC4)c3)c(F)c2)c(=O)n(-c2ccc(F)cc2)c1=O,1000.0
3081,CC(C)S(=O)(=O)c1ccccc1Nc1nc(Nc2ccc(C(=O)NCCCCCCC(=O)NO)cc2)ncc1Cl,4.3
3082,CC(C)S(=O)(=O)c1ccccc1Nc1nc(Nc2ccc(NC(=O)CCCCCCC(=O)NO)cc2)ncc1Cl,2.1
3083,C[C@@H](Oc1cc(-c2cnn(C3CCNCC3)c2)cnc1N)c1c(Cl)ccc(F)c1Cl,2.6
3084,Cc1cc(Nc2ncc(Cl)c(Nc3ccccc3S(=O)(=O)C(C)C)n2)c(OC(C)C)cc1C1CCNCC1,1.0
3085,C[C@H]1CNC(=O)c2cnn3ccc(nc23)N[C@H](C)c2cc(F)ccc2O1,
3086,O=C(CCCCCCC(=O)Nc1ccccc1)NO,
3087,CC(C)S(=O)(=O)c1ccccc1Nc1nc(Nc2ccc(C(=O)NCCCCCCC(=O)NO)cc2)ncc1Cl,2.4
3088,CC(C)S(=O)(=O)c1ccccc1Nc1nc(Nc2ccc(NC(=O)CCCCCCC(=O)NO)cc2)ncc1Cl,1.7
3089,C[C@@H](Oc1cc(-c2cnn(C3CCNCC3)c2)cnc1N)c1c(Cl)ccc(F)c1Cl,16.0
3090,Cc1cc(Nc2ncc(Cl)c(Nc3ccccc3S(=O)(=O)C(C)C)n2)c(OC(C)C)cc1C1CCNCC1,0.25
3091,C[C@H]1CNC(=O)c2cnn3ccc(nc23)N[C@H](C)c2cc(F)ccc2O1,
3092,O=C(CCCCCCC(=O)Nc1ccccc1)NO,
3093,CC(C)S(=O)(=O)c1ccccc1Nc1nc(Nc2ccc(C(=O)NCCCCCCC(=O)NO)cc2)ncc1Cl,1.0
3094,CC(C)S(=O)(=O)c1ccccc1Nc1nc(Nc2ccc(NC(=O)CCCCCCC(=O)NO)cc2)ncc1Cl,0.4
3095,C[C@@H](Oc1cc(-c2cnn(C3CCNCC3)c2)cnc1N)c1c(Cl)ccc(F)c1Cl,12.0
3096,Cc1cc(Nc2ncc(Cl)c(Nc3ccccc3S(=O)(=O)C(C)C)n2)c(OC(C)C)cc1C1CCNCC1,3.3
3097,C[C@H]1CNC(=O)c2cnn3ccc(nc23)N[C@H](C)c2cc(F)ccc2O1,4.5
3098,O=C(CCCCCCC(=O)Nc1ccccc1)NO,
3099,Cl.Cn1nccc1-c1ccc(C(=O)N[C@@H]2CNCC[C@H]2c2ccc(F)c(F)c2)c(F)c1,10000.0
3100,Cc1n[nH]c2ccc(-c3cc(N[C@@H](CO)c4ccccc4)cnc3Cl)cc12,1000.0
3101,CN1CCN(c2ccc(C(=O)Nc3n[nH]c4ccc(Cc5cc(F)cc(F)c5)cc34)c(NC3CCOCC3)c2)CC1,7.0
3102,COc1cc(N2CCC(N3CCN(C)CC3)CC2)ccc1Nc1ncc(Cl)c(Nc2ccccc2P(C)(C)=O)n1,1.2
3103,COc1cc(N2CCC(N3CCN(C(=O)CNc4cccc5c4C(=O)N(C4CCC(=O)NC4=O)C5=O)CC3)CC2)ccc1Nc1ncc(Cl)c(Nc2ccccc2P(C)(C)=O)n1,2.5
3104,COc1cc(N2CCC(N3CCN(C)CC3)CC2)ccc1Nc1ncc(Cl)c(Nc2ccccc2P(C)(C)=O)n1,4.1
3105,COc1cc(N2CCC(N3CCN(C(=O)CNc4cccc5c4C(=O)N(C4CCC(=O)NC4=O)C5=O)CC3)CC2)ccc1Nc1ncc(Cl)c(Nc2ccccc2P(C)(C)=O)n1,6.6
3106,CN1CCN(c2ccc(C(=O)Nc3n[nH]c4ccc(Cc5cc(F)cc(F)c5)cc34)c(NC3CCOCC3)c2)CC1,7.0
3107,C[C@H]1CNC(=O)c2cnn3ccc(nc23)N[C@H](C)c2cc(F)ccc2O1,1.01
3108,O=C1NC2(CC2)COc2ncc(F)cc2[C@H]2CCCCN2c2ccn3ncc1c3n2,18.5
3109,O=C1NC2(CC2)COc2ncc(F)cc2[C@H]2CNCCN2c2ccn3ncc1c3n2,88.9
3110,O=C1NC2(CC2)COc2ncc(F)cc2[C@H]2COCCN2c2ccn3ncc1c3n2,182.0
3111,C[C@@H]1CCc2ncc(F)cc2[C@H]2CCCN2c2ccn3ncc(c3n2)C(=O)N1,274.0
3112,C[C@H]1CNC(=O)c2cnn3ccc(nc23)N[C@H](C)c2cc(F)ccc2O1,2.3
3113,CN(C)C(=O)c1ccc(Nc2ncc(C(F)(F)F)c(N[C@H]3CC[C@@H](N)CC3)n2)cc1,2308.5
3114,Cn1ccc2cc(Nc3ncc(C(F)(F)F)c(N[C@H]4CC[C@@H](N)CC4)n3)ccc2c1=O,2343.5
3115,C[C@H]1CNC(=O)c2cnn3cc(cnc23)N[C@H](C)c2cc(F)cc(c2)O1,1.08
3116,C[C@H]1CNC(=O)c2cnn3cc(cnc23)N[C@H](C)c2cc(F)cc(c2)O1,1.26
3117,COc1cc(N2CCC(N3CCN(C)CC3)CC2)ccc1Nc1ncc(Cl)c(Nc2ccccc2S(=O)(=O)C(C)C)n1,3.0
3118,C[C@H]1CNC(=O)c2cnn3cc(cnc23)N[C@H](C)c2cc(F)cc(c2)O1,1.01
3119,CN[C@@H]1C[C@H]2O[C@@](C)([C@@H]1OC)n1c3ccccc3c3c4c(c5c6ccccc6n2c5c31)C(=O)NC4,1.0
3120,CCc1cc2c(cc1N1CCN(C(=O)CNc3cccc4c3C(=O)N(C3CCC(=O)NC3=O)C4=O)CC1)C(C)(C)c1[nH]c3cc(C#N)ccc3c1C2=O,13630.0
3121,CCc1cc2c(cc1N1CCN(C(=O)CNc3cccc4c3C(=O)N(C3CCC(=O)N(C)C3=O)C4=O)CC1)C(C)(C)c1[nH]c3cc(C#N)ccc3c1C2=O,30630.0
3122,CCc1cc2c(cc1N1CCC(N3CCOCC3)CC1)C(C)(C)c1[nH]c3cc(C#N)ccc3c1C2=O,1030.0
3123,CCc1cc2c(cc1N1CCNCC1)C(C)(C)c1[nH]c3cc(C#N)ccc3c1C2=O,320.0
3124,CCc1cc2c(cc1N1CCC(N3CCNCC3)CC1)C(C)(C)c1[nH]c3cc(C#N)ccc3c1C2=O,290.0
3125,CC(C)S(=O)(=O)c1ccccc1Nc1nc(Nc2ccc3c(NC(=O)CN(C)C)n[nH]c3c2)ncc1Cl,2.5
3126,CNC(=O)c1ccccc1Nc1nc(Nc2ccc3c(NC(=O)CN(C)C)n[nH]c3c2)ncc1Cl,3.7
3127,Cc1cc(Nc2ncc(Cl)c(Nc3ccccc3S(=O)(=O)C(C)C)n2)c(OC(C)C)cc1C1CCNCC1,2.6
3128,CNC(=O)c1ccccc1Nc1nc(Nc2ccc3c(NC(=O)CN4CCCC4)n[nH]c3c2)ncc1Cl,3.6
3129,CCN(CC)CC(=O)Nc1n[nH]c2cc(Nc3ncc(Cl)c(Nc4ccccc4S(=O)(=O)C(C)C)n3)ccc12,3.3
3130,CC(C)S(=O)(=O)c1ccccc1Nc1nc(Nc2ccc3c(NC(=O)CN4CCCC4)n[nH]c3c2)ncc1Cl,1.6
3131,CC(C)S(=O)(=O)c1ccccc1Nc1nc(Nc2ccc3c(NC(=O)CN(C)C)n[nH]c3c2)ncc1Cl,4.8
3132,CNC(=O)c1ccccc1Nc1nc(Nc2ccc3c(NC(=O)CN(C)C)n[nH]c3c2)ncc1Cl,6.6
3133,Cc1cc(Nc2ncc(Cl)c(Nc3ccccc3S(=O)(=O)C(C)C)n2)c(OC(C)C)cc1C1CCNCC1,10.3
3134,CNC(=O)c1ccccc1Nc1nc(Nc2ccc3c(NC(=O)CN4CCCC4)n[nH]c3c2)ncc1Cl,4.4
3135,CCN(CC)CC(=O)Nc1n[nH]c2cc(Nc3ncc(Cl)c(Nc4ccccc4S(=O)(=O)C(C)C)n3)ccc12,3.8
3136,CC(C)S(=O)(=O)c1ccccc1Nc1nc(Nc2ccc3c(NC(=O)CN4CCCC4)n[nH]c3c2)ncc1Cl,0.71
3137,CC(C)S(=O)(=O)c1ccccc1Nc1nc(Nc2ccc3c(NC(=O)CN(C)C)n[nH]c3c2)ncc1Cl,3.8
3138,CNC(=O)c1ccccc1Nc1nc(Nc2ccc3c(NC(=O)CN(C)C)n[nH]c3c2)ncc1Cl,2.5
3139,Cc1cc(Nc2ncc(Cl)c(Nc3ccccc3S(=O)(=O)C(C)C)n2)c(OC(C)C)cc1C1CCNCC1,112.0
3140,CNC(=O)c1ccccc1Nc1nc(Nc2ccc3c(NC(=O)CN4CCCC4)n[nH]c3c2)ncc1Cl,2.1
3141,CCN(CC)CC(=O)Nc1n[nH]c2cc(Nc3ncc(Cl)c(Nc4ccccc4S(=O)(=O)C(C)C)n3)ccc12,1.8
3142,CC(C)S(=O)(=O)c1ccccc1Nc1nc(Nc2ccc3c(NC(=O)CN4CCCC4)n[nH]c3c2)ncc1Cl,1.3
3143,Cc1nc(-c2ccccc2Nc2nc(Nc3ccc(CN4CCN(C)CC4)cc3)ncc2Cl)n[nH]1,500.0
3144,CC1(C)c2cc(OCCN3CCOCC3)ccc2C(=O)c2c1oc1cc(C#Cc3cc(OCC4CC4)ccn3)ccc21,2800.0
3145,Cc1cc(C(=O)NC(C)(C)C)cc(C#Cc2ccc3c4c(oc3c2)C(C)(C)c2cc(NS(C)(=O)=O)ccc2C4=O)n1,10000.0
3146,Cc1cc(-c2cccnc2)n[nH]1,220000.0
3147,Cc1cc(-c2cc(C(F)(F)F)ccc2O[C@H]2C[C@@]2(CN)c2ccc(F)cc2F)n[nH]1,18.0
3148,COC(=O)c1c(C)[nH]c2cc(Nc3ncc(Cl)c(Nc4ccccc4NS(C)(=O)=O)n3)ccc12,3.2
3149,CNC(=O)c1ccccc1Nc1nc(Nc2ccc3c(C(=O)OC)c(C)[nH]c3c2)ncc1Cl,3.4
3150,Cc1cc(Nc2ncc(Cl)c(Nc3ccccc3S(=O)(=O)C(C)C)n2)c(OC(C)C)cc1C1CCNCC1,9.6
3151,Cc1[nH]c2cc(Nc3ncc(Cl)c(Nc4ccccc4NS(C)(=O)=O)n3)ccc2c1C(=O)N1CCC(C)CC1,12.7
3152,Cc1[nH]c2cc(Nc3ncc(Cl)c(Nc4ccccc4NS(C)(=O)=O)n3)ccc2c1C(=O)N1CCOCC1,6.6
3153,CNC(=O)c1ccccc1Nc1nc(Nc2ccc3c(C(=O)N4CCC(C)CC4)c(C)[nH]c3c2)ncc1Cl,4.8
3154,CNC(=O)c1ccccc1Nc1nc(Nc2ccc3c(C(=O)N4CCC(O)CC4)c(C)[nH]c3c2)ncc1Cl,13.7
3155,CNC(=O)c1ccccc1Nc1nc(Nc2ccc3c(C(=O)N(C)C)c(C)[nH]c3c2)ncc1Cl,3.7
3156,COC(=O)c1c(C)[nH]c2cc(Nc3ncc(Cl)c(Nc4ccccc4NS(C)(=O)=O)n3)ccc12,3.8
3157,CNC(=O)c1ccccc1Nc1nc(Nc2ccc3c(C(=O)OC)c(C)[nH]c3c2)ncc1Cl,3.0
3158,Cc1cc(Nc2ncc(Cl)c(Nc3ccccc3S(=O)(=O)C(C)C)n2)c(OC(C)C)cc1C1CCNCC1,3.2
3159,Cc1[nH]c2cc(Nc3ncc(Cl)c(Nc4ccccc4NS(C)(=O)=O)n3)ccc2c1C(=O)N1CCC(C)CC1,8.3
3160,Cc1[nH]c2cc(Nc3ncc(Cl)c(Nc4ccccc4NS(C)(=O)=O)n3)ccc2c1C(=O)N1CCOCC1,5.7
3161,CNC(=O)c1ccccc1Nc1nc(Nc2ccc3c(C(=O)N4CCC(C)CC4)c(C)[nH]c3c2)ncc1Cl,3.9
3162,CNC(=O)c1ccccc1Nc1nc(Nc2ccc3c(C(=O)N4CCC(O)CC4)c(C)[nH]c3c2)ncc1Cl,10.2
3163,CNC(=O)c1ccccc1Nc1nc(Nc2ccc3c(C(=O)N(C)C)c(C)[nH]c3c2)ncc1Cl,2.3
3164,COC(=O)c1c(C)[nH]c2cc(Nc3ncc(Cl)c(Nc4ccccc4NS(C)(=O)=O)n3)ccc12,8.9
3165,CNC(=O)c1ccccc1Nc1nc(Nc2ccc3c(C(=O)OC)c(C)[nH]c3c2)ncc1Cl,6.3
3166,Cc1cc(Nc2ncc(Cl)c(Nc3ccccc3S(=O)(=O)C(C)C)n2)c(OC(C)C)cc1C1CCNCC1,87.0
3167,Cc1[nH]c2cc(Nc3ncc(Cl)c(Nc4ccccc4NS(C)(=O)=O)n3)ccc2c1C(=O)N1CCC(C)CC1,6.5
3168,Cc1[nH]c2cc(Nc3ncc(Cl)c(Nc4ccccc4NS(C)(=O)=O)n3)ccc2c1C(=O)N1CCOCC1,5.9
3169,CNC(=O)c1ccccc1Nc1nc(Nc2ccc3c(C(=O)N4CCC(C)CC4)c(C)[nH]c3c2)ncc1Cl,6.7
3170,CNC(=O)c1ccccc1Nc1nc(Nc2ccc3c(C(=O)N4CCC(O)CC4)c(C)[nH]c3c2)ncc1Cl,5.3
3171,CNC(=O)c1ccccc1Nc1nc(Nc2ccc3c(C(=O)N(C)C)c(C)[nH]c3c2)ncc1Cl,2.9
3172,C[C@@H](Oc1cc(-c2cnn(C3CCNCC3)c2)cnc1N)c1c(Cl)ccc(F)c1Cl,24.0
3173,CN1CCN(c2ccc(C(=O)Nc3n[nH]c4ccc(Cc5cc(F)cc(F)c5)cc34)c(NC3CCOCC3)c2)CC1,1.6
3174,Cc1cc(Nc2ncc(Cl)c(Nc3ccccc3S(=O)(=O)C(C)C)n2)c(OC(C)C)cc1C1CCN(C(=O)CCCC(=O)N[C@H](C(=O)N2C[C@H](O)C[C@H]2C(=O)NCc2ccc(-c3scnc3C)cc2)C(C)(C)C)CC1,7.0
3175,Cc1cc(Nc2ncc(Cl)c(Nc3ccccc3S(=O)(=O)C(C)C)n2)c(OC(C)C)cc1C1CCNCC1,0.2
3176,CC(Oc1cc(-c2cnn(C3CCNCC3)c2)cnc1N)c1c(Cl)ccc(F)c1Cl,10000.0
3177,O=[N+]([O-])c1ccccc1Nc1ccnc2[nH]c3ccccc3c12,
3178,COc1ccc(-c2ccnc3[nH]c4ccccc4c23)cc1,
3179,C(=C/c1ccnc2[nH]c3ccccc3c12)\c1ccccc1,
3180,COc1ccc(-c2ccc3[nH]c4nccc(/C=C/c5ccccc5)c4c3c2)cc1,860.0
3181,CN1CCN(c2ccc(-c3ccc4[nH]c5nccc(/C=C/c6ccccc6)c5c4c3)cc2)CC1,82.0
3182,CN1CCN(c2ccc(-c3ccc4[nH]c5nccc(/C=C/c6ccccc6)c5c4c3)cn2)CC1,350.0
3183,CN1CCN(C(=O)c2ccc(-c3ccc4[nH]c5nccc(/C=C/c6ccccc6)c5c4c3)cc2)CC1,
3184,CN1CCN(c2ccc(-c3ccc4[nH]c5nccc(/C=C/c6cccc(F)c6)c5c4c3)cc2)CC1,320.0
3185,COc1ccc(/C=C/c2ccnc3[nH]c4ccc(-c5ccc(N6CCN(C)CC6)cc5)cc4c23)cc1,170.0
3186,COc1ccccc1/C=C/c1ccnc2[nH]c3ccc(-c4ccc(N5CCN(C)CC5)cc4)cc3c12,110.0
3187,CN1CCN(c2ccc(-c3ccc4[nH]c5nccc(/C=C/c6ccccc6C(F)(F)F)c5c4c3)cc2)CC1,160.0
3188,CN1CCN(c2ccc(-c3ccc4[nH]c5nccc(/C=C/c6ccc(F)cc6)c5c4c3)cc2)CC1,91.0
3189,CN1CCN(c2ccc(-c3ccc4[nH]c5nccc(/C=C/c6ccc(C(F)(F)F)cc6)c5c4c3)cc2)CC1,120.0
3190,CN1CCN(c2ccc(-c3ccc4[nH]c5nccc(/C=C/c6ccccc6F)c5c4c3)cc2)CC1,150.0
3191,CN1CCN(c2ccc(-c3ccc4[nH]c5nccc(/C=C/c6ccccc6Cl)c5c4c3)cc2)CC1,320.0
3192,CN1CCN(c2ccc(-c3ccc4[nH]c5nccc(/C=C/c6ccccc6NS(C)(=O)=O)c5c4c3)cc2)CC1,440.0
3193,C/C(=C\c1ccccc1)c1ccnc2[nH]c3ccc(-c4ccc(N5CCN(C)CC5)cc4)cc3c12,160.0
3194,CN1CCN(c2ccc(-c3ccc4[nH]c5nccc(/C(=C/c6ccccc6)c6ccccc6)c5c4c3)cc2)CC1,1600.0
3195,CC/C=C(\c1ccccc1)c1ccnc2[nH]c3ccc(-c4ccc(N5CCN(C)CC5)cc4)cc3c12,1500.0
3196,COc1ccccc1/C=C(\C)c1ccnc2[nH]c3ccc(-c4ccc(N5CCN(C)CC5)cc4)cc3c12,1800.0
3197,C/C(=C\c1ccccc1C(F)(F)F)c1ccnc2[nH]c3ccc(-c4ccc(N5CCN(C)CC5)cc4)cc3c12,6400.0
3198,CC(C)[Si](/C=C/c1ccnc2[nH]c3ccc(-c4ccc(N5CCN(C)CC5)cc4)cc3c12)(C(C)C)C(C)C,7100.0
3199,CN1CCN(c2ccc(-c3ccc4[nH]c5nccc(Cl)c5c4c3)cc2)CC1,1000.0
3200,CN1CCC(N2CCN(c3ccc(-c4ccc5[nH]c6nccc(/C=C/c7ccccc7C(F)(F)F)c6c5c4)cc3)CC2)CC1,880.0
3201,C#Cc1ccnc2[nH]c3ccc(-c4ccc(N5CCN(C)CC5)cc4)cc3c12,10000.0
3202,CN1CCN(c2ccc(-c3ccc4[nH]c5nccc(C#Cc6ccccc6)c5c4c3)cc2)CC1,130.0
3203,COc1ccccc1C#Cc1ccnc2[nH]c3ccc(-c4ccc(N5CCN(C)CC5)cc4)cc3c12,290.0
3204,CN1CCN(c2ccc(-c3ccc4[nH]c5nccc(C#Cc6ccccc6C(F)(F)F)c5c4c3)cc2)CC1,270.0
3205,CN1CCN(c2ccc(-c3ccc4[nH]c5nccc(C#Cc6ccc(F)cc6)c5c4c3)cc2)CC1,130.0
3206,CN1CCN(c2ccc(-c3ccc4[nH]c5nccc(C#Cc6ccccc6F)c5c4c3)cc2)CC1,140.0
3207,CN1CCN(c2ccc(-c3ccc4[nH]c5nccc(C#Cc6ccccc6Cl)c5c4c3)cc2)CC1,290.0
3208,C[N+]1(C)CCN(c2ccc(-c3ccc4[nH]c5nccc(C#Cc6ccccc6C(F)(F)F)c5c4c3)cc2)CC1,970.0
3209,CC(C)[Si](C#Cc1ccnc2[nH]c3ccc(-c4ccc(N5CCN(C)CC5)cc4)cc3c12)(C(C)C)C(C)C,6200.0
3210,CN1CCN(c2ccc(-c3ccc4[nH]c5nccc(Nc6cccc([N+](=O)[O-])c6)c5c4c3)cc2)CC1,1900.0
3211,CN1CCN(c2ccc(-c3ccc4[nH]c5nccc(Nc6ccccc6[N+](=O)[O-])c5c4c3)cc2)CC1,180.0
3212,CN1CCC(N2CCN(c3ccc(-c4ccc5[nH]c6nccc(Nc7ccccc7[N+](=O)[O-])c6c5c4)cc3)CC2)CC1,890.0
3213,CC(C)S(=O)(=O)c1ccccc1Nc1ccnc2[nH]c3ccc(-c4ccc(N5CCN(C)CC5)cc4)cc3c12,4100.0
3214,CN1CCN(c2ccc(-c3ccc4[nH]c5nccc(-c6ccc(-c7ccccc7)cc6F)c5c4c3)cc2)CC1,320.0
3215,CN1CCN(c2ccc(-c3ccc4[nH]c5nccc(-c6cccc(-c7ccccc7)c6)c5c4c3)cc2)CC1,140.0
3216,CN1CCN(c2ccc(-c3ccc4[nH]c5nccc(-c6ccc(-c7ccccc7)cc6)c5c4c3)cc2)CC1,680.0
3217,CN1CCN(c2ccc(-c3ccc4[nH]c5nccc(-c6ccc(-c7cccc8ccccc78)cc6)c5c4c3)cc2)CC1,52.0
3218,CN1CCN(c2ccc(-c3ccc4[nH]c5nccc(-c6ccc(-c7ccc(F)cc7)nc6)c5c4c3)cc2)CC1,920.0
3219,CN1CCN(c2ccc(-c3ccc4[nH]c5nccc(-c6ccc(Cc7ccccc7)cc6)c5c4c3)cc2)CC1,40.0
3220,CN1CCN(c2ccc(-c3ccc4[nH]c5nccc(N6CCN(Cc7ccccc7)CC6)c5c4c3)cc2)CC1,690.0
3221,CN1CCN(c2ccc(-c3ccc4[nH]c5nccc(N6CCC(Cc7ccccc7)CC6)c5c4c3)cc2)CC1,32.0
3222,CN1CCC(N2CCN(c3ccc(-c4ccc5[nH]c6nccc(-c7ccc(Cc8ccccc8)cc7)c6c5c4)cc3)CC2)CC1,710.0
3223,CC(C)(C)OC(=O)N1CCN(c2ccc(-c3ccc4[nH]c5nccc(-c6ccc(Cc7ccccc7)cc6)c5c4c3)cc2)CC1,9600.0
3224,C#CCN1CCN(c2ccc(-c3ccc4[nH]c5nccc(-c6ccc(Cc7ccccc7)cc6)c5c4c3)cc2)CC1,3600.0
3225,C[N+]1(CC(=O)O)CCN(c2ccc(-c3ccc4[nH]c5nccc(-c6ccc(Cc7ccccc7)cc6)c5c4c3)cc2)CC1,1800.0
3226,c1ccc(Cc2ccc(-c3ccnc4[nH]c5ccc(-c6ccc(N7CCN(Cc8cccnc8)CC7)cc6)cc5c34)cc2)cc1,10000.0
3227,COc1cc(CN2CCN(c3ccc(-c4ccc5[nH]c6nccc(-c7ccc(Cc8ccccc8)cc7)c6c5c4)cc3)CC2)cc(OC)c1OC,10000.0
3228,CN(C)/C=C/C(=O)c1ccc2[nH]c3nccc(-c4ccc(Cc5ccccc5)cc4)c3c2c1,10000.0
3229,CCN(CC)CCSCC(=O)c1ccc2[nH]c3nccc(Cl)c3c2c1,10000.0
3230,CN1CCN(c2ccc(-c3ccc4[nH]c5nccc(-c6ccc(C(O)c7ccccc7)cc6)c5c4c3)cc2)CC1,230.0
3231,CN1CCN(c2ccc(-c3ccc4[nH]c5nccc(-c6ccc(C(=O)c7ccccc7)cc6)c5c4c3)cc2)CC1,140.0
3232,CN1CCN(c2ccc(-c3ccc4[nH]c5nccc(-c6ccc(Oc7ccccc7)cc6)c5c4c3)cc2)CC1,7200.0
3233,COc1ccc(Cc2ccc(-c3ccnc4[nH]c5ccc(-c6ccc(N7CCN(C)CC7)cc6)cc5c34)cc2)c(OC)c1,590.0
3234,COc1cc(-c2ccnc3[nH]c4ccc(-c5ccc(N6CCN(C)CC6)cc5)cc4c23)c(OC)cc1C(=O)c1ccccc1,2300.0
3235,COc1cc(C(O)c2ccccc2)c(OC)cc1-c1ccnc2[nH]c3ccc(-c4ccc(N5CCN(C)CC5)cc4)cc3c12,8700.0
3236,COc1cc(C(=O)c2ccccc2)c(O)cc1-c1ccnc2[nH]c3ccc(-c4ccc(N5CCN(C)CC5)cc4)cc3c12,830.0
3237,COc1cc(C(O)c2ccccc2)c(O)cc1-c1ccnc2[nH]c3ccc(-c4ccc(N5CCN(C)CC5)cc4)cc3c12,10000.0
3238,COc1cc(-c2ccnc3[nH]c4ccc(-c5ccc(N6CCN(C)CC6)cc5)cc4c23)c(OC)cc1Cc1ccccc1,22.0
3239,COc1cc(Cc2ccccc2)c(O)cc1-c1ccnc2[nH]c3ccc(-c4ccc(N5CCN(C)CC5)cc4)cc3c12,1300.0
3240,CN1CCN(c2ccc(-c3ccc4[nH]c5nccc(-c6ccc(Cc7ccccc7)c(C(F)(F)F)c6)c5c4c3)cc2)CC1,2100.0
3241,CN1CCN(c2ccc(-c3ccc4[nH]c5nccc(-c6ccc(Cc7ccccc7)cc6C(F)(F)F)c5c4c3)cc2)CC1,3200.0
3242,COC(=O)c1cc(-c2ccnc3[nH]c4ccc(-c5ccc(N6CCN(C)CC6)cc5)cc4c23)ccc1Cc1ccccc1,10000.0
3243,COc1cc(-c2ccnc3[nH]c4ccc(-c5ccc(N6CCN(C)CC6)cc5)cc4c23)cc(OC)c1Cc1ccccc1,10000.0
3244,Cc1cc(OCc2ccc(-c3ccnc4[nH]c5ccc(-c6ccc(N7CCN(C)CC7)cc6)cc5c34)cc2)ccc1Cl,52.0
3245,CN1CCN(c2ccc(-c3ccc4[nH]c5nccc(-c6ccc(OCc7ccccc7)cc6)c5c4c3)cc2)CC1,900.0
3246,CN1CCN(c2ccc(-c3ccc4[nH]c5nccc(-c6ccc(COc7cccc(C(F)(F)F)c7)cc6)c5c4c3)cc2)CC1,350.0
3247,CN1CCN(c2ccc(-c3ccc4[nH]c5nccc(/C=C/c6ccccc6)c5c4c3)cc2)CC1,100.0
3248,COc1ccc(-c2ccc3[nH]c4nccc(/C=C/c5ccccc5)c4c3c2)cc1,1100.0
3249,C(=C/c1ccnc2[nH]c3ccccc3c12)\c1ccccc1,1400.0
3250,COc1ccc(-c2ccnc3[nH]c4ccccc4c23)cc1,10000.0
3251,O=[N+]([O-])c1ccccc1Nc1ccnc2[nH]c3ccccc3c12,10000.0
3252,CC(Oc1cc(-c2cnn(C3CCNCC3)c2)cnc1N)c1c(Cl)ccc(F)c1Cl,800.0
3253,CN1CCN(c2ccc(-c3ccc4[nH]c5nccc(/C=C/c6ccccc6)c5c4c3)cn2)CC1,350.0
3254,CN1CCN(C(=O)c2ccc(-c3ccc4[nH]c5nccc(/C=C/c6ccccc6)c5c4c3)cc2)CC1,2300.0
3255,CN1CCN(c2ccc(-c3ccc4[nH]c5nccc(/C=C/c6cccc(F)c6)c5c4c3)cc2)CC1,250.0
3256,COc1ccc(/C=C/c2ccnc3[nH]c4ccc(-c5ccc(N6CCN(C)CC6)cc5)cc4c23)cc1,1200.0
3257,COc1ccccc1/C=C/c1ccnc2[nH]c3ccc(-c4ccc(N5CCN(C)CC5)cc4)cc3c12,300.0
3258,CN1CCN(c2ccc(-c3ccc4[nH]c5nccc(/C=C/c6ccccc6C(F)(F)F)c5c4c3)cc2)CC1,260.0
3259,CN1CCN(c2ccc(-c3ccc4[nH]c5nccc(/C=C/c6ccc(F)cc6)c5c4c3)cc2)CC1,370.0
3260,CN1CCN(c2ccc(-c3ccc4[nH]c5nccc(/C=C/c6ccc(C(F)(F)F)cc6)c5c4c3)cc2)CC1,280.0
3261,CN1CCN(c2ccc(-c3ccc4[nH]c5nccc(/C=C/c6ccccc6F)c5c4c3)cc2)CC1,460.0
3262,CN1CCN(c2ccc(-c3ccc4[nH]c5nccc(/C=C/c6ccccc6Cl)c5c4c3)cc2)CC1,880.0
3263,CN1CCN(c2ccc(-c3ccc4[nH]c5nccc(/C=C/c6ccccc6NS(C)(=O)=O)c5c4c3)cc2)CC1,190.0
3264,C/C(=C\c1ccccc1)c1ccnc2[nH]c3ccc(-c4ccc(N5CCN(C)CC5)cc4)cc3c12,270.0
3265,CN1CCN(c2ccc(-c3ccc4[nH]c5nccc(/C(=C/c6ccccc6)c6ccccc6)c5c4c3)cc2)CC1,1200.0
3266,CC/C=C(\c1ccccc1)c1ccnc2[nH]c3ccc(-c4ccc(N5CCN(C)CC5)cc4)cc3c12,1400.0
3267,COc1ccccc1/C=C(\C)c1ccnc2[nH]c3ccc(-c4ccc(N5CCN(C)CC5)cc4)cc3c12,1500.0
3268,C/C(=C\c1ccccc1C(F)(F)F)c1ccnc2[nH]c3ccc(-c4ccc(N5CCN(C)CC5)cc4)cc3c12,7600.0
3269,CC(C)[Si](/C=C/c1ccnc2[nH]c3ccc(-c4ccc(N5CCN(C)CC5)cc4)cc3c12)(C(C)C)C(C)C,3200.0
3270,CN1CCN(c2ccc(-c3ccc4[nH]c5nccc(Cl)c5c4c3)cc2)CC1,2100.0
3271,CN1CCC(N2CCN(c3ccc(-c4ccc5[nH]c6nccc(/C=C/c7ccccc7C(F)(F)F)c6c5c4)cc3)CC2)CC1,2900.0
3272,C#Cc1ccnc2[nH]c3ccc(-c4ccc(N5CCN(C)CC5)cc4)cc3c12,10000.0
3273,CN1CCN(c2ccc(-c3ccc4[nH]c5nccc(C#Cc6ccccc6)c5c4c3)cc2)CC1,170.0
3274,COc1ccccc1C#Cc1ccnc2[nH]c3ccc(-c4ccc(N5CCN(C)CC5)cc4)cc3c12,750.0
3275,CN1CCN(c2ccc(-c3ccc4[nH]c5nccc(C#Cc6ccccc6C(F)(F)F)c5c4c3)cc2)CC1,1100.0
3276,CN1CCN(c2ccc(-c3ccc4[nH]c5nccc(C#Cc6ccc(F)cc6)c5c4c3)cc2)CC1,890.0
3277,CN1CCN(c2ccc(-c3ccc4[nH]c5nccc(C#Cc6ccccc6F)c5c4c3)cc2)CC1,1100.0
3278,CN1CCN(c2ccc(-c3ccc4[nH]c5nccc(C#Cc6ccccc6Cl)c5c4c3)cc2)CC1,940.0
3279,C[N+]1(C)CCN(c2ccc(-c3ccc4[nH]c5nccc(C#Cc6ccccc6C(F)(F)F)c5c4c3)cc2)CC1,3000.0
3280,CC(C)[Si](C#Cc1ccnc2[nH]c3ccc(-c4ccc(N5CCN(C)CC5)cc4)cc3c12)(C(C)C)C(C)C,4900.0
3281,CN1CCN(c2ccc(-c3ccc4[nH]c5nccc(Nc6cccc([N+](=O)[O-])c6)c5c4c3)cc2)CC1,1800.0
3282,CN1CCN(c2ccc(-c3ccc4[nH]c5nccc(Nc6ccccc6[N+](=O)[O-])c5c4c3)cc2)CC1,560.0
3283,CN1CCC(N2CCN(c3ccc(-c4ccc5[nH]c6nccc(Nc7ccccc7[N+](=O)[O-])c6c5c4)cc3)CC2)CC1,8500.0
3284,CC(C)S(=O)(=O)c1ccccc1Nc1ccnc2[nH]c3ccc(-c4ccc(N5CCN(C)CC5)cc4)cc3c12,4400.0
3285,CN1CCN(c2ccc(-c3ccc4[nH]c5nccc(-c6ccc(-c7ccccc7)cc6F)c5c4c3)cc2)CC1,970.0
3286,CN1CCN(c2ccc(-c3ccc4[nH]c5nccc(-c6cccc(-c7ccccc7)c6)c5c4c3)cc2)CC1,210.0
3287,CN1CCN(c2ccc(-c3ccc4[nH]c5nccc(-c6ccc(-c7ccccc7)cc6)c5c4c3)cc2)CC1,510.0
3288,CN1CCN(c2ccc(-c3ccc4[nH]c5nccc(-c6ccc(-c7cccc8ccccc78)cc6)c5c4c3)cc2)CC1,52.0
3289,CN1CCN(c2ccc(-c3ccc4[nH]c5nccc(-c6ccc(-c7ccc(F)cc7)nc6)c5c4c3)cc2)CC1,1800.0
3290,CN1CCN(c2ccc(-c3ccc4[nH]c5nccc(-c6ccc(Cc7ccccc7)cc6)c5c4c3)cc2)CC1,230.0
3291,CN1CCN(c2ccc(-c3ccc4[nH]c5nccc(N6CCN(Cc7ccccc7)CC6)c5c4c3)cc2)CC1,1000.0
3292,CN1CCN(c2ccc(-c3ccc4[nH]c5nccc(N6CCC(Cc7ccccc7)CC6)c5c4c3)cc2)CC1,200.0
3293,CN1CCC(N2CCN(c3ccc(-c4ccc5[nH]c6nccc(-c7ccc(Cc8ccccc8)cc7)c6c5c4)cc3)CC2)CC1,1700.0
3294,CC(C)(C)OC(=O)N1CCN(c2ccc(-c3ccc4[nH]c5nccc(-c6ccc(Cc7ccccc7)cc6)c5c4c3)cc2)CC1,10000.0
3295,C#CCN1CCN(c2ccc(-c3ccc4[nH]c5nccc(-c6ccc(Cc7ccccc7)cc6)c5c4c3)cc2)CC1,6200.0
3296,C[N+]1(CC(=O)O)CCN(c2ccc(-c3ccc4[nH]c5nccc(-c6ccc(Cc7ccccc7)cc6)c5c4c3)cc2)CC1,1500.0
3297,c1ccc(Cc2ccc(-c3ccnc4[nH]c5ccc(-c6ccc(N7CCN(Cc8cccnc8)CC7)cc6)cc5c34)cc2)cc1,10000.0
3298,COc1cc(CN2CCN(c3ccc(-c4ccc5[nH]c6nccc(-c7ccc(Cc8ccccc8)cc7)c6c5c4)cc3)CC2)cc(OC)c1OC,9500.0
3299,CN(C)/C=C/C(=O)c1ccc2[nH]c3nccc(-c4ccc(Cc5ccccc5)cc4)c3c2c1,10000.0
3300,CCN(CC)CCSCC(=O)c1ccc2[nH]c3nccc(Cl)c3c2c1,10000.0
3301,CN1CCN(c2ccc(-c3ccc4[nH]c5nccc(-c6ccc(C(O)c7ccccc7)cc6)c5c4c3)cc2)CC1,1400.0
3302,CN1CCN(c2ccc(-c3ccc4[nH]c5nccc(-c6ccc(C(=O)c7ccccc7)cc6)c5c4c3)cc2)CC1,540.0
3303,CN1CCN(c2ccc(-c3ccc4[nH]c5nccc(-c6ccc(Oc7ccccc7)cc6)c5c4c3)cc2)CC1,840.0
3304,COc1ccc(Cc2ccc(-c3ccnc4[nH]c5ccc(-c6ccc(N7CCN(C)CC7)cc6)cc5c34)cc2)c(OC)c1,520.0
3305,COc1cc(-c2ccnc3[nH]c4ccc(-c5ccc(N6CCN(C)CC6)cc5)cc4c23)c(OC)cc1C(=O)c1ccccc1,8200.0
3306,COc1cc(C(O)c2ccccc2)c(OC)cc1-c1ccnc2[nH]c3ccc(-c4ccc(N5CCN(C)CC5)cc4)cc3c12,10000.0
3307,COc1cc(C(=O)c2ccccc2)c(O)cc1-c1ccnc2[nH]c3ccc(-c4ccc(N5CCN(C)CC5)cc4)cc3c12,2800.0
3308,COc1cc(C(O)c2ccccc2)c(O)cc1-c1ccnc2[nH]c3ccc(-c4ccc(N5CCN(C)CC5)cc4)cc3c12,10000.0
3309,COc1cc(-c2ccnc3[nH]c4ccc(-c5ccc(N6CCN(C)CC6)cc5)cc4c23)c(OC)cc1Cc1ccccc1,310.0
3310,COc1cc(Cc2ccccc2)c(O)cc1-c1ccnc2[nH]c3ccc(-c4ccc(N5CCN(C)CC5)cc4)cc3c12,4300.0
3311,CN1CCN(c2ccc(-c3ccc4[nH]c5nccc(-c6ccc(Cc7ccccc7)c(C(F)(F)F)c6)c5c4c3)cc2)CC1,2200.0
3312,CN1CCN(c2ccc(-c3ccc4[nH]c5nccc(-c6ccc(Cc7ccccc7)cc6C(F)(F)F)c5c4c3)cc2)CC1,7900.0
3313,COC(=O)c1cc(-c2ccnc3[nH]c4ccc(-c5ccc(N6CCN(C)CC6)cc5)cc4c23)ccc1Cc1ccccc1,10000.0
3314,COc1cc(-c2ccnc3[nH]c4ccc(-c5ccc(N6CCN(C)CC6)cc5)cc4c23)cc(OC)c1Cc1ccccc1,7900.0
3315,Cc1cc(OCc2ccc(-c3ccnc4[nH]c5ccc(-c6ccc(N7CCN(C)CC7)cc6)cc5c34)cc2)ccc1Cl,110.0
3316,CN1CCN(c2ccc(-c3ccc4[nH]c5nccc(-c6ccc(OCc7ccccc7)cc6)c5c4c3)cc2)CC1,2200.0
3317,CN1CCN(c2ccc(-c3ccc4[nH]c5nccc(-c6ccc(COc7cccc(C(F)(F)F)c7)cc6)c5c4c3)cc2)CC1,1700.0
3318,CN1CCN(c2ccc(C(=O)Nc3n[nH]c4ccc(Cc5cc(F)cc(F)c5)cc34)c(NC3CCOCC3)c2)CC1,12.0
3319,C[C@@H]1COc2cn3ncc4c3nc2N1Cc1ccc(F)cc1OCC(C)(C)NC4=O,6.58
3320,C[C@@H]1COc2cn3ncc4c3nc2N1Cc1ccc(F)cc1O[C@@H](C)CNC4=O,350.0
3321,O=C(Nc1cnn2ccc(N3CCC[C@@H]3c3cc(F)ccc3F)nc12)N1CC[C@H](O)C1,
3322,C[C@H]1CNC(=O)c2cnn3ccc(nc23)N[C@H](C)c2cc(F)ccc2O1,3.32
3323,C[C@@H](Oc1cc(-c2cnn(C3CCNCC3)c2)cnc1N)c1c(Cl)ccc(F)c1Cl,2.47
3324,COc1cc(N2CCC3(CCNCC3)CC2)ccc1Nc1ncc(Cl)c(Nc2ccccc2P(C)(C)=O)n1,5.8
3325,COc1cc(N2CCC3(CNC3)C2)ccc1Nc1ncc(Cl)c(Nc2ccccc2P(C)(C)=O)n1,9.4
3326,COc1cc(N2CCC3(CCNC3)CC2)ccc1Nc1ncc(Cl)c(Nc2ccccc2P(C)(C)=O)n1,10.2
3327,COc1cc(N2CCC3(CC2)CNC3)ccc1Nc1ncc(Cl)c(Nc2ccccc2P(C)(C)=O)n1,3.5
3328,C[C@@H](Oc1cc(-c2cnn(C3CCNCC3)c2)cnc1N)c1c(Cl)ccc(F)c1Cl,13.0
3329,COc1cc(N2CCC3(CCN(C)CC3)CC2)ccc1Nc1ncc(Cl)c(Nc2ccccc2P(C)(C)=O)n1,1.8
3330,COc1cc(C2CCC3(CC2)CCN(C)CC3)ccc1Nc1ncc(Cl)c(Nc2ccccc2P(C)(C)=O)n1,6.5
3331,CN1CCC2(CC1)CCN(c1ccc(Nc3ncc(Cl)c(Nc4ccccc4P(C)(C)=O)n3)c(OC(F)F)c1)CC2,2.5
3332,COc1cc(N2CCC3(CCN(C)CC3)CC2)c(F)cc1Nc1ncc(Cl)c(Nc2ccccc2P(C)(C)=O)n1,2.0
3333,COc1cc(N2CCC3(CCN(C)CC3)CC2)c(Cl)cc1Nc1ncc(Cl)c(Nc2ccccc2P(C)(C)=O)n1,1.0
3334,COc1cc(N2CCC3(CCN(C)CC3)CC2)c(C)cc1Nc1ncc(Cl)c(Nc2ccccc2P(C)(C)=O)n1,1.7
3335,COc1cc(N2CCC3(CCN(C)CC3)CC2)ccc1Nc1ncc(Cl)c(Nc2ccc(F)cc2P(C)(C)=O)n1,3.8
3336,COc1cc(N2CCC3(CCN(C)CC3)CC2)ccc1Nc1ncc(Cl)c(Nc2c(F)cccc2P(C)(C)=O)n1,43.5
3337,COc1cc(N2CCC3(CCN(C)CC3)CC2)ccc1Nc1ncc(Cl)c(Nc2ccccc2P(C)(C)=S)n1,2.0
3338,COc1cc(N2CCC3(CCNCC3)CC2)ccc1Nc1ncc(Cl)c(Nc2ccccc2P(C)(C)=O)n1,6.1
3339,COc1cc(N2CCC3(CNC3)C2)ccc1Nc1ncc(Cl)c(Nc2ccccc2P(C)(C)=O)n1,9.3
3340,COc1cc(N2CCC3(CCNC3)CC2)ccc1Nc1ncc(Cl)c(Nc2ccccc2P(C)(C)=O)n1,12.2
3341,COc1cc(N2CCC3(CC2)CNC3)ccc1Nc1ncc(Cl)c(Nc2ccccc2P(C)(C)=O)n1,3.9
3342,C[C@@H](Oc1cc(-c2cnn(C3CCNCC3)c2)cnc1N)c1c(Cl)ccc(F)c1Cl,52.0
3343,COc1cc(N2CCC3(CCN(C)CC3)CC2)ccc1Nc1ncc(Cl)c(Nc2ccccc2P(C)(C)=O)n1,1.7
3344,COc1cc(C2CCC3(CC2)CCN(C)CC3)ccc1Nc1ncc(Cl)c(Nc2ccccc2P(C)(C)=O)n1,4.2
3345,CN1CCC2(CC1)CCN(c1ccc(Nc3ncc(Cl)c(Nc4ccccc4P(C)(C)=O)n3)c(OC(F)F)c1)CC2,3.9
3346,COc1cc(N2CCC3(CCN(C)CC3)CC2)c(F)cc1Nc1ncc(Cl)c(Nc2ccccc2P(C)(C)=O)n1,5.2
3347,COc1cc(N2CCC3(CCN(C)CC3)CC2)c(Cl)cc1Nc1ncc(Cl)c(Nc2ccccc2P(C)(C)=O)n1,1.5
3348,COc1cc(N2CCC3(CCN(C)CC3)CC2)c(C)cc1Nc1ncc(Cl)c(Nc2ccccc2P(C)(C)=O)n1,3.5
3349,COc1cc(N2CCC3(CCN(C)CC3)CC2)ccc1Nc1ncc(Cl)c(Nc2ccc(F)cc2P(C)(C)=O)n1,4.6
3350,COc1cc(N2CCC3(CCN(C)CC3)CC2)ccc1Nc1ncc(Cl)c(Nc2c(F)cccc2P(C)(C)=O)n1,45.0
3351,COc1cc(N2CCC3(CCN(C)CC3)CC2)ccc1Nc1ncc(Cl)c(Nc2ccccc2P(C)(C)=S)n1,3.8
3352,COc1cc(N2CCC3(CCNCC3)CC2)ccc1Nc1ncc(Cl)c(Nc2ccccc2P(C)(C)=O)n1,6.7
3353,COc1cc(N2CCC3(CNC3)C2)ccc1Nc1ncc(Cl)c(Nc2ccccc2P(C)(C)=O)n1,6.6
3354,COc1cc(N2CCC3(CCNC3)CC2)ccc1Nc1ncc(Cl)c(Nc2ccccc2P(C)(C)=O)n1,6.7
3355,COc1cc(N2CCC3(CC2)CNC3)ccc1Nc1ncc(Cl)c(Nc2ccccc2P(C)(C)=O)n1,3.0
3356,C[C@@H](Oc1cc(-c2cnn(C3CCNCC3)c2)cnc1N)c1c(Cl)ccc(F)c1Cl,7.0
3357,COc1cc(N2CCC3(CCN(C)CC3)CC2)ccc1Nc1ncc(Cl)c(Nc2ccccc2P(C)(C)=O)n1,1.6
3358,COc1cc(C2CCC3(CC2)CCN(C)CC3)ccc1Nc1ncc(Cl)c(Nc2ccccc2P(C)(C)=O)n1,3.8
3359,CN1CCC2(CC1)CCN(c1ccc(Nc3ncc(Cl)c(Nc4ccccc4P(C)(C)=O)n3)c(OC(F)F)c1)CC2,2.0
3360,COc1cc(N2CCC3(CCN(C)CC3)CC2)c(F)cc1Nc1ncc(Cl)c(Nc2ccccc2P(C)(C)=O)n1,9.2
3361,COc1cc(N2CCC3(CCN(C)CC3)CC2)c(Cl)cc1Nc1ncc(Cl)c(Nc2ccccc2P(C)(C)=O)n1,1.9
3362,COc1cc(N2CCC3(CCN(C)CC3)CC2)c(C)cc1Nc1ncc(Cl)c(Nc2ccccc2P(C)(C)=O)n1,3.4
3363,COc1cc(N2CCC3(CCN(C)CC3)CC2)ccc1Nc1ncc(Cl)c(Nc2ccc(F)cc2P(C)(C)=O)n1,3.4
3364,COc1cc(N2CCC3(CCN(C)CC3)CC2)ccc1Nc1ncc(Cl)c(Nc2c(F)cccc2P(C)(C)=O)n1,29.8
3365,COc1cc(N2CCC3(CCN(C)CC3)CC2)ccc1Nc1ncc(Cl)c(Nc2ccccc2P(C)(C)=S)n1,2.4
3366,Cc1cc(Nc2ncc(Cl)c(Nc3ccccc3S(=O)(=O)C(C)C)n2)c(OC(C)C)cc1C1CCN(C(=S)SCCN(C)C)CC1,75.0
3367,Cc1cc(Nc2ncc(Cl)c(Nc3ccccc3S(=O)(=O)C(C)C)n2)c(OC(C)C)cc1C1CCN(C(=S)SCCN2CCCC2)CC1,51.0
3368,Cc1cc(Nc2ncc(Cl)c(Nc3ccccc3S(=O)(=O)C(C)C)n2)c(OC(C)C)cc1C1CCN(C(=S)SCCN2CCCCC2)CC1,100.0
3369,Cc1cc(Nc2ncc(Cl)c(Nc3ccccc3S(=O)(=O)C(C)C)n2)c(OC(C)C)cc1C1CCN(C(=S)SCCN2CCN(C)CC2)CC1,100.0
3370,CCN(CC)CCCSC(=S)N1CCC(c2cc(OC(C)C)c(Nc3ncc(Cl)c(Nc4ccccc4S(=O)(=O)C(C)C)n3)cc2C)CC1,100.0
3371,Cc1cc(Nc2ncc(Cl)c(Nc3ccccc3S(=O)(=O)C(C)C)n2)c(OC(C)C)cc1C1CCN(C(=S)SCC(=O)N(C)C)CC1,16.0
3372,Cc1cc(Nc2ncc(Cl)c(Nc3ccccc3S(=O)(=O)C(C)C)n2)c(OC(C)C)cc1C1CCNCC1,1.2
3373,Cc1cc(Nc2ncc(Cl)c(Nc3ccccc3S(=O)(=O)C(C)C)n2)c(OC(C)C)cc1C1CCN(C(=O)SCC(=S)N(C)C)CC1,11.0
3374,Cc1cc(Nc2ncc(Cl)c(Nc3ccccc3S(=O)(=O)C(C)C)n2)c(OC(C)C)cc1C1CCN(C(=O)SCC(=S)N2CCNC(C)C2)CC1,100.0
3375,Cc1cc(Nc2ncc(Cl)c(Nc3ccccc3S(=O)(=O)C(C)C)n2)c(OC(C)C)cc1C1CCN(C(=O)SCC(=S)N2CCN(C)CC2)CC1,100.0
3376,Cc1cc(Nc2ncc(Cl)c(Nc3ccccc3S(=O)(=O)C(C)C)n2)c(OC(C)C)cc1C1CCN(C(=O)SCC(=S)N2CCS(=O)(=O)CC2)CC1,4.59
3377,Cc1cc(Nc2ncc(Cl)c(Nc3ccccc3S(=O)(=O)C(C)C)n2)c(OC(C)C)cc1C1CCN(C(=O)SCC(=S)N2CC(C)N(C)C(C)C2)CC1,100.0
3378,Cc1cc(Nc2ncc(Cl)c(Nc3ccccc3S(=O)(=O)C(C)C)n2)c(OC(C)C)cc1C1CCN(C(=O)SCC(=S)N2CCN(CCO)CC2)CC1,6.5
3379,Cc1cc(Nc2ncc(Cl)c(Nc3ccccc3S(=O)(=O)C(C)C)n2)c(OC(C)C)cc1C1CCN(C(=S)SCCN(C)C)CC1,
3380,Cc1cc(Nc2ncc(Cl)c(Nc3ccccc3S(=O)(=O)C(C)C)n2)c(OC(C)C)cc1C1CCN(C(=S)SCCN2CCCC2)CC1,
3381,Cc1cc(Nc2ncc(Cl)c(Nc3ccccc3S(=O)(=O)C(C)C)n2)c(OC(C)C)cc1C1CCN(C(=S)SCCN2CCCCC2)CC1,
3382,Cc1cc(Nc2ncc(Cl)c(Nc3ccccc3S(=O)(=O)C(C)C)n2)c(OC(C)C)cc1C1CCN(C(=S)SCCN2CCN(C)CC2)CC1,
3383,CCN(CC)CCCSC(=S)N1CCC(c2cc(OC(C)C)c(Nc3ncc(Cl)c(Nc4ccccc4S(=O)(=O)C(C)C)n3)cc2C)CC1,
3384,Cc1cc(Nc2ncc(Cl)c(Nc3ccccc3S(=O)(=O)C(C)C)n2)c(OC(C)C)cc1C1CCN(C(=S)SCC(=O)N(C)C)CC1,
3385,Cc1cc(Nc2ncc(Cl)c(Nc3ccccc3S(=O)(=O)C(C)C)n2)c(OC(C)C)cc1C1CCNCC1,0.83
3386,Cc1cc(Nc2ncc(Cl)c(Nc3ccccc3S(=O)(=O)C(C)C)n2)c(OC(C)C)cc1C1CCN(C(=O)SCC(=S)N(C)C)CC1,4.6
3387,Cc1cc(Nc2ncc(Cl)c(Nc3ccccc3S(=O)(=O)C(C)C)n2)c(OC(C)C)cc1C1CCN(C(=O)SCC(=S)N2CCNC(C)C2)CC1,
3388,Cc1cc(Nc2ncc(Cl)c(Nc3ccccc3S(=O)(=O)C(C)C)n2)c(OC(C)C)cc1C1CCN(C(=O)SCC(=S)N2CCN(C)CC2)CC1,
3389,Cc1cc(Nc2ncc(Cl)c(Nc3ccccc3S(=O)(=O)C(C)C)n2)c(OC(C)C)cc1C1CCN(C(=O)SCC(=S)N2CCS(=O)(=O)CC2)CC1,2.07
3390,Cc1cc(Nc2ncc(Cl)c(Nc3ccccc3S(=O)(=O)C(C)C)n2)c(OC(C)C)cc1C1CCN(C(=O)SCC(=S)N2CC(C)N(C)C(C)C2)CC1,
3391,Cc1cc(Nc2ncc(Cl)c(Nc3ccccc3S(=O)(=O)C(C)C)n2)c(OC(C)C)cc1C1CCN(C(=O)SCC(=S)N2CCN(CCO)CC2)CC1,3.3
3392,Cc1cc(Nc2ncc(Cl)c(Nc3ccccc3S(=O)(=O)C(C)C)n2)c(OC(C)C)cc1C1CCN(C(=S)SCCN(C)C)CC1,
3393,Cc1cc(Nc2ncc(Cl)c(Nc3ccccc3S(=O)(=O)C(C)C)n2)c(OC(C)C)cc1C1CCN(C(=S)SCCN2CCCC2)CC1,
3394,Cc1cc(Nc2ncc(Cl)c(Nc3ccccc3S(=O)(=O)C(C)C)n2)c(OC(C)C)cc1C1CCN(C(=S)SCCN2CCCCC2)CC1,
3395,Cc1cc(Nc2ncc(Cl)c(Nc3ccccc3S(=O)(=O)C(C)C)n2)c(OC(C)C)cc1C1CCN(C(=S)SCCN2CCN(C)CC2)CC1,
3396,CCN(CC)CCCSC(=S)N1CCC(c2cc(OC(C)C)c(Nc3ncc(Cl)c(Nc4ccccc4S(=O)(=O)C(C)C)n3)cc2C)CC1,
3397,Cc1cc(Nc2ncc(Cl)c(Nc3ccccc3S(=O)(=O)C(C)C)n2)c(OC(C)C)cc1C1CCN(C(=S)SCC(=O)N(C)C)CC1,200.0
3398,Cc1cc(Nc2ncc(Cl)c(Nc3ccccc3S(=O)(=O)C(C)C)n2)c(OC(C)C)cc1C1CCNCC1,17.23
3399,Cc1cc(Nc2ncc(Cl)c(Nc3ccccc3S(=O)(=O)C(C)C)n2)c(OC(C)C)cc1C1CCN(C(=O)SCC(=S)N(C)C)CC1,11.0
3400,Cc1cc(Nc2ncc(Cl)c(Nc3ccccc3S(=O)(=O)C(C)C)n2)c(OC(C)C)cc1C1CCN(C(=O)SCC(=S)N2CCNC(C)C2)CC1,
3401,Cc1cc(Nc2ncc(Cl)c(Nc3ccccc3S(=O)(=O)C(C)C)n2)c(OC(C)C)cc1C1CCN(C(=O)SCC(=S)N2CCN(C)CC2)CC1,
3402,Cc1cc(Nc2ncc(Cl)c(Nc3ccccc3S(=O)(=O)C(C)C)n2)c(OC(C)C)cc1C1CCN(C(=O)SCC(=S)N2CCS(=O)(=O)CC2)CC1,5.95
3403,Cc1cc(Nc2ncc(Cl)c(Nc3ccccc3S(=O)(=O)C(C)C)n2)c(OC(C)C)cc1C1CCN(C(=O)SCC(=S)N2CC(C)N(C)C(C)C2)CC1,
3404,Cc1cc(Nc2ncc(Cl)c(Nc3ccccc3S(=O)(=O)C(C)C)n2)c(OC(C)C)cc1C1CCN(C(=O)SCC(=S)N2CCN(CCO)CC2)CC1,9.0
3405,CCc1nc(C(N)=O)c(Nc2ccc(N3CCC(N4CCN(C)CC4)CC3)c(OC)c2)nc1NC1CCOCC1,1.2
3406,CCc1nc(C(N)=O)c(Nc2ccc(N3CCC(N4CCN(C)CC4)CC3)c(OC)c2)nc1NC1CCOCC1,1.2
3407,O=C1Nc2ccc(C(=O)N3CCCCC3)cc2/C1=C1/Nc2ccccc2/C1=N\O,10000.0
3408,CCc1cc2c(cc1N1CCC(N3CCOCC3)CC1)C(C)(C)c1[nH]c3cc(C#N)ccc3c1C2=O,1.9
3409,CCc1cc2c(cc1N1CCC(N3CCOCC3)CC1)C(C)(C)c1[nH]c3cc(C#N)ccc3c1C2=O,1.56
3410,CC1Oc2cc(cnc2N)-c2c(nn(C)c2C#N)CN(C)C(=O)c2ccc(F)cc21,1.3
3411,C[C@@H](Oc1cc(-c2cnn(C3CCNCC3)c2)cnc1N)c1c(Cl)ccc(F)c1Cl,30.0
3412,C[C@H]1Oc2cc(cnc2N)-c2c(nn(C)c2C#N)CN(C)C(=O)c2ccc(F)cc21,1.3
3413,COc1cc(N2CCC(O)CC2)ccc1Nc1cc(Nc2ccccc2S(=O)(=O)C(C)C)c2cc[nH]c2n1,21.0
3414,OCCn1cc(-c2cnc3nnn(Cc4ccc5ncccc5c4)c3n2)cn1,10000.0
3415,CC[C@@H]1C(=O)N(C)c2cnc(Nc3ccc(C(=O)NC4CCN(C)CC4)cc3OC)nc2N1C1CCCC1,390.0
3416,CC[C@@H]1C(=O)N(C)c2cnc(Nc3ccc(C(=O)NC4CCN(C)CC4)cc3OC)nc2N1C1CCCC1,890.0
3417,CC[C@@H]1C(=O)N(C)c2cnc(Nc3ccc(C(=O)NC4CCN(C)CC4)cc3OC)nc2N1C1CCCC1,190.0
3418,O=C(Nc1cccc(-n2cc(CNc3ccc(N4CCC(O)CC4)c(C(=O)N4CCCCC4)c3)nn2)c1)c1cc(F)cc(F)c1,8.6
3419,O=C(Nc1cccc(-n2cc(CNc3ccc(N4CCC(O)CC4)c(C(=O)N4CCCC4)c3)nn2)c1)c1cc(F)cc(F)c1,3.7
3420,O=C(Nc1cccc(-n2cc(CNc3ccc(N4CC(O)C4)c(C(=O)N4CCCCC4)c3)nn2)c1)c1cc(F)cc(F)c1,5.8
3421,Cc1cc(Nc2ncc(Cl)c(Nc3ccccc3S(=O)(=O)C(C)C)n2)c(OC(C)C)cc1C1CCNCC1,3.5
3422,CNCc1cn(-c2cccc(NC(=O)c3cc(F)cc(F)c3)c2)nn1,270.0
3423,CN1CCN(c2ccc(NCc3cn(-c4cccc(NC(=O)c5cc(F)cc(F)c5)c4)nn3)cc2)CC1,55.0
3424,O=C(Nc1cccc(-n2cc(CNc3ccc(N4CCC(O)CC4)c(C(=O)N4CCCCC4)c3)nn2)c1)c1cc(F)cc(F)c1,17.6
3425,O=C(Nc1cccc(-n2cc(CNc3ccc(N4CCC(O)CC4)c(C(=O)N4CCCC4)c3)nn2)c1)c1cc(F)cc(F)c1,6.8
3426,O=C(Nc1cccc(-n2cc(CNc3ccc(N4CC(O)C4)c(C(=O)N4CCCCC4)c3)nn2)c1)c1cc(F)cc(F)c1,12.9
3427,Cc1cc(Nc2ncc(Cl)c(Nc3ccccc3S(=O)(=O)C(C)C)n2)c(OC(C)C)cc1C1CCNCC1,9.7
3428,CC[C@@H]1C(=O)N(C)c2cnc(Nc3ccc(C(=O)NC4CCN(C)CC4)cc3OC)nc2N1C1CCCC1,190.0
3429,COc1cc(N2CCN(C)CC2)ccc1Nc1ncc(Cl)c(Nc2ccc3c(c2)B(O)OC3)n1,21.1
3430,COc1cc(N2CCC(N3CCN(C)CC3)CC2)ccc1Nc1ncc(Cl)c(Nc2ccc3c(c2)B(O)OC3)n1,19.1
3431,Cc1cc(Nc2ncc(Cl)c(Nc3ccc4c(c3)B(O)OC4)n2)c(OC(C)C)cc1C1CCNCC1,11.6
3432,COc1cc(N2CCC(N(C)C)CC2)ccc1Nc1ncc(Cl)c(Nc2ccc3c(c2)B(O)OC3)n1,11.3
3433,COc1cc(N2CCC(N(C)C)CC2)ccc1Nc1ncc(Cl)c(Nc2cccc3c2B(O)OC3)n1,9.2
3434,Cc1cc(Nc2ncc(Cl)c(Nc3cccc4c3B(O)OC4)n2)c(OC(C)C)cc1C1CCNCC1,20.8
3435,COc1cc(N2CCC(N3CCN(C)CC3)CC2)ccc1Nc1ncc(Cl)c(Nc2cccc3c2B(O)OC3)n1,10.4
3436,COc1cc(N2CCC(N(C)C)CC2)ccc1Nc1ncc(Cl)c(Nc2cccc(B(O)O)c2)n1,155.2
3437,COc1cc(Nc2nc(Nc3ccc(N4CCC(N(C)C)CC4)cc3OC)ncc2Cl)cc(B(O)O)c1,451.8
3438,COc1cc(N2CCC(N(C)C)CC2)ccc1Nc1ncc(Cl)c(Nc2cc(B(O)O)ccc2OC)n1,117.8
3439,C[C@@H](Oc1cc(-c2cnn(C3CCNCC3)c2)cnc1N)c1c(Cl)ccc(F)c1Cl,1.1
3440,COc1cc(N2CCN(C)CC2)ccc1Nc1ncc(Cl)c(Nc2ccc3c(c2)B(O)OC3)n1,77.2
3441,COc1cc(N2CCC(N3CCN(C)CC3)CC2)ccc1Nc1ncc(Cl)c(Nc2ccc3c(c2)B(O)OC3)n1,20.6
3442,Cc1cc(Nc2ncc(Cl)c(Nc3ccc4c(c3)B(O)OC4)n2)c(OC(C)C)cc1C1CCNCC1,19.5
3443,COc1cc(N2CCC(N(C)C)CC2)ccc1Nc1ncc(Cl)c(Nc2ccc3c(c2)B(O)OC3)n1,21.5
3444,COc1cc(N2CCC(N(C)C)CC2)ccc1Nc1ncc(Cl)c(Nc2cccc3c2B(O)OC3)n1,16.4
3445,Cc1cc(Nc2ncc(Cl)c(Nc3cccc4c3B(O)OC4)n2)c(OC(C)C)cc1C1CCNCC1,34.6
3446,COc1cc(N2CCC(N3CCN(C)CC3)CC2)ccc1Nc1ncc(Cl)c(Nc2cccc3c2B(O)OC3)n1,40.7
3447,COc1cc(N2CCC(N(C)C)CC2)ccc1Nc1ncc(Cl)c(Nc2cccc(B(O)O)c2)n1,16.9
3448,COc1cc(Nc2nc(Nc3ccc(N4CCC(N(C)C)CC4)cc3OC)ncc2Cl)cc(B(O)O)c1,51.7
3449,COc1cc(N2CCC(N(C)C)CC2)ccc1Nc1ncc(Cl)c(Nc2cc(B(O)O)ccc2OC)n1,16.8
3450,C[C@@H](Oc1cc(-c2cnn(C3CCNCC3)c2)cnc1N)c1c(Cl)ccc(F)c1Cl,6.5
3451,COc1cc(N2CCN(C)CC2)ccc1Nc1ncc(Cl)c(Nc2ccc3c(c2)B(O)OC3)n1,43.8
3452,COc1cc(N2CCC(N3CCN(C)CC3)CC2)ccc1Nc1ncc(Cl)c(Nc2ccc3c(c2)B(O)OC3)n1,27.8
3453,Cc1cc(Nc2ncc(Cl)c(Nc3ccc4c(c3)B(O)OC4)n2)c(OC(C)C)cc1C1CCNCC1,6.1
3454,COc1cc(N2CCC(N(C)C)CC2)ccc1Nc1ncc(Cl)c(Nc2ccc3c(c2)B(O)OC3)n1,8.4
3455,COc1cc(N2CCC(N(C)C)CC2)ccc1Nc1ncc(Cl)c(Nc2cccc3c2B(O)OC3)n1,5.4
3456,Cc1cc(Nc2ncc(Cl)c(Nc3cccc4c3B(O)OC4)n2)c(OC(C)C)cc1C1CCNCC1,6.6
3457,COc1cc(N2CCC(N3CCN(C)CC3)CC2)ccc1Nc1ncc(Cl)c(Nc2cccc3c2B(O)OC3)n1,9.1
3458,COc1cc(N2CCC(N(C)C)CC2)ccc1Nc1ncc(Cl)c(Nc2cccc(B(O)O)c2)n1,33.7
3459,COc1cc(Nc2nc(Nc3ccc(N4CCC(N(C)C)CC4)cc3OC)ncc2Cl)cc(B(O)O)c1,76.1
3460,COc1cc(N2CCC(N(C)C)CC2)ccc1Nc1ncc(Cl)c(Nc2cc(B(O)O)ccc2OC)n1,18.7
3461,C[C@@H](Oc1cc(-c2cnn(C3CCNCC3)c2)cnc1N)c1c(Cl)ccc(F)c1Cl,27.1
3462,COc1cc(N2CCC(N3CCN(C)CC3)CC2)ccc1Nc1ncc(Cl)c(Nc2ccccc2P(C)(C)=O)n1,1.7
3463,COc1cc(N2CCC(N3CCN(C)CC3)CC2)ccc1Nc1ncc(Cl)c(Nc2ccccc2P(C)(C)=O)n1,4.9
3464,COc1cc(C2CCN(C(=O)CO)CC2)ccc1Nc1ncc(C(F)(F)F)c(Nc2ccc(C3CCN(C(=O)CO)CC3)cc2OC)n1,2.0
3465,COc1cc(N2CCN(C(C)=O)CC2)ccc1Nc1ncc(Cl)c(Nc2ccc(N3CCN(C(C)=O)CC3)cc2OC)n1,12.0
3466,C[C@@H](Oc1cc(-c2cnn(C3CCNCC3)c2)cnc1N)c1c(Cl)ccc(F)c1Cl,10.0
3467,COc1cc(C2CCN(C(=O)CO)CC2)ccc1Nc1ncc(C(F)(F)F)c(Nc2ccc(C3CCN(C(=O)CO)CC3)cc2OC)n1,3.0
3468,COc1cc(N2CCN(C(C)=O)CC2)ccc1Nc1ncc(Cl)c(Nc2ccc(N3CCN(C(C)=O)CC3)cc2OC)n1,75.0
3469,C[C@@H](Oc1cc(-c2cnn(C3CCNCC3)c2)cnc1N)c1c(Cl)ccc(F)c1Cl,220.0
3470,C=CC(=O)Nc1cc(Nc2ncc(Cl)c(Nc3ccccc3S(=O)(=O)NC3CC3)n2)c(OC)cc1N(C)CCN(C)C,3.31
3471,CN[C@@H]1C[C@H]2O[C@@](C)([C@@H]1OC)n1c3ccccc3c3c4c(c5c6ccccc6n2c5c31)C(=O)NC4,6.45
3472,C[C@H]1CNC(=O)c2cnc3ccc(nn23)N[C@H](C)c2cc(F)ccc2O1,5.1
3473,C[C@H]1Nc2ccc3ncc(n3n2)C(=O)NCCOc2ccc(F)cc21,13.0
3474,C[C@H]1Nc2ccc3ncc(n3n2)C(=O)NC2(CC2)COc2ccc(F)cc21,4.2
3475,C[C@H]1Nc2ccc3ncc(n3n2)C(=O)NC(C)(C)COc2ccc(F)cc21,8.3
3476,C[C@H]1Nc2ccc3ncc(n3n2)C(=O)NC2(CCC2)COc2ccc(F)cc21,7.6
3477,C[C@H]1Nc2ccc3ncc(n3n2)C(=O)NC2(CC2)COc2cc(F)ccc21,373.0
3478,C[C@H]1Nc2ccc3ncc(n3n2)C(=O)NC2(CC2)COc2ccc(Cl)cc21,29.0
3479,C[C@H]1Nc2ccc3ncc(n3n2)C(=O)NC2(CC2)COc2ccccc21,27.0
3480,C[C@@H]1Nc2ccc3ncc(n3n2)C(=O)NC2(CC2)COc2ccc(F)cc21,482.0
3481,CC[C@H]1Nc2ccc3ncc(n3n2)C(=O)NC2(CC2)COc2ccc(F)cc21,2.6
3482,CCC[C@H]1Nc2ccc3ncc(n3n2)C(=O)NC2(CC2)COc2ccc(F)cc21,415.0
3483,C=CC[C@H]1Nc2ccc3ncc(n3n2)C(=O)NC2(CC2)COc2ccc(F)cc21,9.7
3484,Cc1cc2ncc3n2nc1N[C@H](C)c1cc(F)ccc1OCC1(CC1)NC3=O,18.0
3485,CC1(C)COc2ccc(F)cc2CNc2ccc3ncc(n3n2)C(=O)N1,19.0
3486,CN1Cc2cc(F)ccc2OCC(C)(C)NC(=O)c2cnc3ccc1nn23,25.0
3487,CCN1Cc2cc(F)ccc2OCC(C)(C)NC(=O)c2cnc3ccc1nn23,27.0
3488,CC(C)N1Cc2cc(F)ccc2OCC(C)(C)NC(=O)c2cnc3ccc1nn23,99.0
3489,CC1(C)COc2ccc(F)cc2CN(C2CC2)c2ccc3ncc(n3n2)C(=O)N1,77.0
3490,CC1(C)COc2ccc(F)cc2CN(C2CCC2)c2ccc3ncc(n3n2)C(=O)N1,159.0
3491,C[C@H]1CNC(=O)c2cnn3ccc(nc23)N[C@H](C)c2cc(F)ccc2O1,2.6
3492,C[C@H]1CNC(=O)c2cnc3ccc(nn23)N[C@H](C)c2cc(F)ccc2O1,11.0
3493,C[C@H]1Nc2ccc3ncc(n3n2)C(=O)NCCOc2ccc(F)cc21,28.0
3494,C[C@H]1Nc2ccc3ncc(n3n2)C(=O)NC2(CC2)COc2ccc(F)cc21,8.0
3495,C[C@H]1Nc2ccc3ncc(n3n2)C(=O)NC(C)(C)COc2ccc(F)cc21,6.4
3496,C[C@H]1Nc2ccc3ncc(n3n2)C(=O)NC2(CCC2)COc2ccc(F)cc21,4.7
3497,C[C@H]1Nc2ccc3ncc(n3n2)C(=O)NC2(CC2)COc2cc(F)ccc21,993.0
3498,C[C@H]1Nc2ccc3ncc(n3n2)C(=O)NC2(CC2)COc2ccc(Cl)cc21,56.0
3499,C[C@H]1Nc2ccc3ncc(n3n2)C(=O)NC2(CC2)COc2ccccc21,98.0
3500,C[C@@H]1Nc2ccc3ncc(n3n2)C(=O)NC2(CC2)COc2ccc(F)cc21,1000.0
3501,CC[C@H]1Nc2ccc3ncc(n3n2)C(=O)NC2(CC2)COc2ccc(F)cc21,23.0
3502,CCC[C@H]1Nc2ccc3ncc(n3n2)C(=O)NC2(CC2)COc2ccc(F)cc21,1000.0
3503,C=CC[C@H]1Nc2ccc3ncc(n3n2)C(=O)NC2(CC2)COc2ccc(F)cc21,64.0
3504,Cc1cc2ncc3n2nc1N[C@H](C)c1cc(F)ccc1OCC1(CC1)NC3=O,47.0
3505,CC1(C)COc2ccc(F)cc2CNc2ccc3ncc(n3n2)C(=O)N1,20.0
3506,CN1Cc2cc(F)ccc2OCC(C)(C)NC(=O)c2cnc3ccc1nn23,19.0
3507,CCN1Cc2cc(F)ccc2OCC(C)(C)NC(=O)c2cnc3ccc1nn23,22.0
3508,CC(C)N1Cc2cc(F)ccc2OCC(C)(C)NC(=O)c2cnc3ccc1nn23,145.0
3509,CC1(C)COc2ccc(F)cc2CN(C2CC2)c2ccc3ncc(n3n2)C(=O)N1,82.0
3510,CC1(C)COc2ccc(F)cc2CN(C2CCC2)c2ccc3ncc(n3n2)C(=O)N1,200.0
3511,C[C@H]1CNC(=O)c2cnn3ccc(nc23)N[C@H](C)c2cc(F)ccc2O1,7.9
3512,Fc1ccc(Cl)c(Sc2n[nH]c3ncc(-c4cnn(C5CCNCC5)c4)cc23)c1Cl,135.0
3513,Fc1ccc(Cl)c(Sc2n[nH]c3ncc(-c4cnn(C5CCNCC5)c4)cc23)c1Cl,651.0
3514,Fc1ccc(Cl)c(Sc2n[nH]c3ncc(-c4cnn(C5CCNCC5)c4)cc23)c1Cl,578.0
3515,CCc1ccc2c(c1)c(=O)c(C(=O)Nc1ccc(Oc3ncnc4cc(OCCCCCC(=O)Nc5ccc6c(c5)CN(C5CCC(=O)NC5=O)C6=O)c(OC)cc34)c(F)c1)c(C)n2C,4.94
3516,CCc1ccc2c(c1)c(=O)c(C(=O)Nc1ccc(Oc3ncnc4cc(OC)c(OC)cc34)c(F)c1)c(C)n2C,4.92
3517,C[C@@H](Oc1cc(-c2cnn(C3CCNCC3)c2)cnc1N)c1c(Cl)ccc(F)c1Cl,20.0
3518,Cc1cc(Nc2ncc(Cl)c(Nc3ccccc3S(=O)(=O)C(C)C)n2)c(OC(C)C)cc1C1CCN(CCOCCOCCNC(=O)CNc2cccc3c2C(=O)N(C2CCC(=O)NC2=O)C3=O)CC1,971.0
3519,COc1cc(CCNCCCCCC#Cc2cccc3c2C(=O)N(C2CCC(=O)NC2=O)C3=O)c(C)cc1Nc1ncc(Cl)c(Nc2ccccc2S(=O)(=O)C(C)C)n1,869.0
3520,COc1cc(CCNCCCCCC#Cc2cccc3c2CN(C2CCC(=O)NC2=O)C3=O)c(C)cc1Nc1ncc(Cl)c(Nc2ccccc2S(=O)(=O)C(C)C)n1,546.0
3521,COc1cc(C2CCN(CCCCCC#Cc3cccc4c3CN(C3CCC(=O)NC3=O)C4=O)CC2)c(C)cc1Nc1ncc(Cl)c(Nc2ccccc2S(=O)(=O)C(C)C)n1,286.0
3522,COc1cc(C2CCN(CCCC#Cc3cccc4c3CN(C3CCC(=O)NC3=O)C4=O)CC2)c(C)cc1Nc1ncc(Cl)c(Nc2ccccc2S(=O)(=O)C(C)C)n1,542.0
3523,COc1cc(C2CCN(CC#Cc3ccc4c(c3)CN(C3CCC(=O)NC3=O)C4=O)CC2)c(C)cc1Nc1ncc(Cl)c(Nc2ccccc2S(=O)(=O)C(C)C)n1,769.0
3524,COc1cc(C2CCN(CC3CN(c4ccc5c(c4)CN(C4CCC(=O)NC4=O)C5=O)C3)CC2)c(C)cc1Nc1ncc(Cl)c(Nc2ccccc2S(=O)(=O)C(C)C)n1,589.0
3525,COc1cc(C2CCN(CC3CN(c4ccc5c(c4)C(=O)N(C4CCC(=O)NC4=O)C5=O)C3)CC2)c(C)cc1Nc1ncc(Cl)c(Nc2ccccc2S(=O)(=O)C(C)C)n1,399.0
3526,Cc1cc(Nc2ncc(Cl)c(Nc3ccccc3S(=O)(=O)C(C)C)n2)c(OC(C)C)cc1C1CCN(CC2CN(c3ccc4c(c3)C(=O)N(C3CCC(=O)NC3=O)C4=O)C2)CC1,1630.0
3527,CC(Oc1cc(-c2cnn(C3CCN(CC4CN(c5ccc6c(c5)C(=O)N(C5CCC(=O)NC5=O)C6=O)C4)CC3)c2)cnc1N)c1c(Cl)ccc(F)c1Cl,5400.0
3528,CCc1cc2c(cc1N1CCN(CC3CN(c4ccc5c(c4)C(=O)N(C4CCC(=O)NC4=O)C5=O)C3)CC1)C(C)(C)c1[nH]c3cc(C#N)ccc3c1C2=O,2810.0
3529,COc1ccc2nc(-c3cc4ccc(N5CCOCC5)cc4oc3=O)sc2c1,270.0
3530,COc1ccc2cc(-c3nc4ccc(OC)cc4s3)c(=O)oc2c1,450.0
3531,COc1ccc2nc(-c3cc4ccc(N5CCOCC5)cc4oc3=O)sc2c1,300.0
3532,COc1ccc2nc(-c3cc4ccc(N5CCOCC5)cc4oc3=O)sc2c1,590.0
3533,Cc1ccc(S(=O)(=O)n2cc(Cc3cc(C)c(O)c(C)c3)c3ccccc32)cc1,7000.0
3534,COc1ccc(/C=C\c2cc(OC)c(OC)c(OC)c2)cc1NC(=O)CCC(=O)N[C@@H](CCCNC(=N)N)C(=O)O,10000.0
3535,Cc1ccc(NC(=O)Nc2cc(C(F)(F)F)ccc2F)cc1Nc1ccc2c(c1)NC(=O)/C2=C\c1ccc[nH]1,6800.0
3536,Cc1ccc(NC(=O)Nc2cc(C(F)(F)F)ccc2F)cc1Nc1ccc2c(c1)NC(=O)/C2=C\c1ccc[nH]1,3400.0
3537,CC[C@@H]1CN(C(=O)NCC(F)(F)F)C[C@@H]1c1cnc2cnc3[nH]ccc3n12,5500.0
3538,CCN1CCN(c2ccc(Nc3cc(N(C)C(=O)Nc4c(Cl)c(OC)cc(OC)c4Cl)ncn3)cc2)CC1,10000.0
3539,CCN1CCN(c2ccc(Nc3cc(N(C)C(=O)Nc4c(Cl)c(OC)cc(OC)c4Cl)ncn3)cc2)CC1,3078.0
3540,CCC(=O)N1CC[C@H](Nc2ncnc3c2CN(c2cnc(OC)c(C(F)(F)F)c2)CC3)C1,10000.0
3541,[O-][S+](c1c(Cl)ccc(F)c1Cl)c1c[nH]c2ncc(-c3cnn(C4CCNCC4)c3)cc12,725.0
3542,CC1(C)c2cc(C3CCN(CC4CCOCC4)CC3)ccc2C(=O)c2c1[nH]c1cc(C#N)ccc21,3.4
3543,CCc1cc2c(cc1-c1cnn(CC(=O)N(C)C)c1)C(C)(C)c1[nH]c3cc(C#N)ccc3c1C2=O,2.0
3544,CCc1cc2c(cc1-c1ccn(CCCN(C)C)n1)C(C)(C)c1[nH]c3cc(C#N)ccc3c1C2=O,0.1
3545,CN1CCN(c2ccc(C(=O)Nc3n[nH]c4ccc(Cc5cc(F)cc(F)c5)cc34)c(NC3CCOCC3)c2)CC1,7.0
3546,C[C@@H](Oc1cc(-c2cnn(C3CCNCC3)c2)cnc1N)c1c(Cl)ccc(F)c1Cl,28.0
3547,Fc1ccc(Cl)c(COCC2Cc3cn4ncnc(-c5cnn(C6CCNCC6)c5)c4c3C2)c1Cl,0.24
3548,c1coc(COCC2Cc3cn4ncnc(-c5cnn(C6CCNCC6)c5)c4c3C2)c1,0.33
3549,c1cncc(COCC2Cc3cn4ncnc(-c5cnn(C6CCNCC6)c5)c4c3C2)c1,1.59
3550,Clc1ncccc1COCC1Cc2cn3ncnc(-c4cnn(C5CCNCC5)c4)c3c2C1,1.88
3551,CN1CCc2ccc(COCC3Cc4cn5ncnc(-c6cnn(C7CCNCC7)c6)c5c4C3)cc21,20.31
3552,C[C@@H](Oc1cc(C(=O)Nc2ccc(=O)n(C)c2)nnc1N)c1c(Cl)ccc(F)c1Cl,60.0
3553,CNC(=O)c1ccccc1Nc1nc(Nc2ccc3c(c2)[C@@H](C)CNCC3)ncc1Cl,7.9
3554,CCCC[C@H]1CNCCc2ccc(Nc3ncc(Cl)c(Nc4ccccc4C(=O)NC)n3)cc21,7.7
3555,Fc1ccc(Cl)c(Sc2n[nH]c3ncc(-c4cnn(C5CCNCC5)c4)cc23)c1Cl,135.0
3556,COc1cc(N2CCNC[C@@H]2C)ncc1-c1cnc(N)c(O[C@H](C)c2c(Cl)ccc(F)c2Cl)c1,14.3
3557,Cc1cc(Nc2ncc(Cl)c(Nc3ccccc3S(=O)(=O)C(C)C)n2)c(OC(C)C)cc1C1CCNCC1,2.9
3558,COc1cc2c(cc1Nc1nc(Nc3ccccc3S(=O)(=O)C(C)C)c3[nH]ccc3n1)N(C(=O)CN(C)C)CC2,4.2
3559,C[C@H]1CNC(=O)c2cnn3ccc(nc23)N[C@H](C)c2cc(F)ccc2O1,1.04
3560,CC1(C)COc2ccc(F)cc2CN2c3nc4c(cnn4cc3OC[C@H]2C(F)F)C(=O)N1,1.4
3561,C[C@@H](Oc1cc(-c2cnn(C3CCNCC3)c2)cnc1N)c1c(Cl)ccc(F)c1Cl,80.0
3562,C[C@H]1CNC(=O)c2cnn3ccc(nc23)N[C@H](C)c2cc(F)ccc2O1,1.21
3563,CC1(C)COc2ccc(F)cc2CN2c3nc4c(cnn4cc3OC[C@H]2C(F)F)C(=O)N1,0.6
3564,C[C@@H](Oc1cc(-c2cnn(C3CCNCC3)c2)cnc1N)c1c(Cl)ccc(F)c1Cl,381.0
3565,CC(C)NC(=O)[C@H]1CC[C@@H](n2/c(=N/C(=O)c3ccccc3)[nH]c3cc(/C=C/C(=O)NO)ccc32)CC1,16.0
3566,COc1cc(-n2cccc2CN2CCN(C)CC2)ccc1Nc1ncc(Cl)c(Nc2ccccc2NS(C)(=O)=O)n1,1.8
3567,O=C(Nc1n[nH]c2ncc(S(=O)(=O)c3cccc(F)c3)cc12)c1ccc(N2CCOCC2)cc1,0.6
3568,CN1CCN(c2ccc(C(=O)Nc3n[nH]c4ncc(S(=O)(=O)c5cccc(F)c5)cc34)cc2)CC1,0.5
3569,CN(C)c1ccc(C(=O)Nc2n[nH]c3ncc(S(=O)(=O)c4cccc(F)c4)cc23)cc1,7.3
3570,O=C(Nc1n[nH]c2ncc(S(=O)(=O)c3cccc(F)c3)cc12)c1ccc(N2CCOCC2)cc1,1.4
3571,CN1CCN(c2ccc(C(=O)Nc3n[nH]c4ncc(S(=O)(=O)c5cccc(F)c5)cc34)cc2)CC1,0.5
3572,CN(C)c1ccc(C(=O)Nc2n[nH]c3ncc(S(=O)(=O)c4cccc(F)c4)cc23)cc1,0.7
3573,C[C@H]1CNC(=O)c2cnn3ccc(nc23)N[C@H](C)c2cc(F)ccc2O1,27.0
3574,C[C@H]1Nc2ccn3ncc(c3n2)C(=O)NC[C@@H](CF)Oc2ccc(F)cc21,2.0
3575,C[C@H]1CNC(=O)c2cnn3ccc(nc23)N[C@H](C)c2cc(F)ccc2O1,63.6
3576,C[C@H]1Nc2ccn3ncc(c3n2)C(=O)N[C@@]2(C)CC3=CC(F)=CC1C3O2,2.02
3577,C[C@H]1Nc2ccn3ncc(c3n2)C(=O)N[C@@]2(C)CC3=CC(F)=CC1C3O2,20.7
3578,CC(C)S(=O)(=O)c1ccccc1Nc1nc(Nc2ccc(C(=O)Nc3ccccc3N)cc2)ncc1Cl,9.5
3579,CN1CCN(c2ccc(C(=O)Nc3n[nH]c4ccc(Cc5cc(F)cc(F)c5)cc34)c(NC3CCOCC3)c2)CC1,12.0
3580,C[C@H]1CNC(=O)c2cnn3ccc(nc23)N[C@H](C)c2cc(F)ccc2O1,1.01
3581,Cc1cc(-n2cc(C(=O)N3CCOCC3)c3ccc(N[C@@H](C)c4ccc(F)cn4)nc32)[nH]n1,23.0
3582,CNC(=O)Nc1ccc2c(c1)CC[C@@]21OC(=O)N(CC(=O)N(Cc2ccc(F)cc2)[C@@H](C)C(F)(F)F)C1=O,10000.0
3583,COc1ncc(F)cc1CNc1ccc(Cc2c[nH]c3ncc(C)cc23)c(F)n1,1000.0
3584,C[C@]1(O)C[C@@H](c2nc(-c3ccc4ccc(-c5ccccc5)nc4c3)c3c(N)nccn32)C1,10000.0
3585,COc1cc(N2CCC(N3CCN(C)CC3)CC2)ccc1Nc1ncnc(Nc2ccccc2S(=O)(=O)C(C)C)n1,3.5
3586,C[C@@H](Oc1cc(-c2cnn(C3CCNCC3)c2)cnc1N)c1c(Cl)ccc(F)c1Cl,1.5
3587,COc1cc(N2CCC(N3CCN(C)CC3)CC2)ccc1Nc1ncnc(Nc2ccccc2S(=O)(=O)C(C)C)n1,10.0
3588,C[C@@H](Oc1cc(-c2cnn(C3CCNCC3)c2)cnc1N)c1c(Cl)ccc(F)c1Cl,1.8
3589,COc1cc(N2CCC(N3CCN(C)CC3)CC2)ccc1Nc1ncnc(Nc2ccccc2S(=O)(=O)C(C)C)n1,5.4
3590,C[C@@H](Oc1cc(-c2cnn(C3CCNCC3)c2)cnc1N)c1c(Cl)ccc(F)c1Cl,2.0
3591,Cc1cn(CCN2CCN(c3ccccc3-c3cc(C#N)cc(C(=O)NCCCN4CCCC4)c3)CC2)c2ccccc12,20000.0
3592,Cc1cn(CCN2CCN(c3ccccc3-c3cc(C#N)cc(C(=O)NCCCN4CCCC4)c3)CC2)c2ccccc12,20000.0
3593,Cc1cn(CCN2CCN(c3ccccc3-c3cc(C#N)cc(C(=O)NCCCN4CCCC4)c3)CC2)c2ccccc12,20000.0
3594,O=C(c1ccc(F)c(F)c1Nc1ccc(I)cc1F)N1CC(O)([C@@H]2CCCCN2)C1,10000.0
3595,CN1CCN(c2ccc(OC(F)(F)F)c(Nc3ncc4c(n3)-c3c(c(C(N)=O)nn3CCO)CC4)c2)CC1,10000.0
3596,COc1cc(N2CCC(N3CCN(C)CC3)CC2)ccc1Nc1ncc(Cl)c(Nc2ccccc2P(C)(C)=O)n1,0.6
3597,COc1cc(N2CCC(N3CCN(C)CC3)CC2)ccc1Nc1ncc(Cl)c(Nc2ccccc2P(C)(C)=O)n1,0.6
3598,COc1cc(N2CCC(N3CCN(C)CC3)CC2)ccc1Nc1ncc(Cl)c(Nc2ccccc2P(C)(C)=O)n1,1.4
3599,COc1cc(N2CCC(N3CCN(C)CC3)CC2)ccc1Nc1ncc(Cl)c(Nc2ccccc2P(C)(C)=O)n1,4.9
3600,COc1cc(N2CCC(N3CCN(C)CC3)CC2)ccc1Nc1ncc(Cl)c(Nc2ccccc2P(C)(C)=O)n1,6.6
3601,COc1cc(N2CCC(N3CCN(C)CC3)CC2)ccc1Nc1ncc(Cl)c(Nc2ccccc2P(C)(C)=O)n1,1.7
3602,COc1cc(N2CCC(N3CCN(C)CC3)CC2)ccc1Nc1ncc(Cl)c(Nc2ccccc2P(C)(C)=O)n1,4.5
3603,C[C@@H](Oc1cc(-c2cnn(C3CCNCC3)c2)cnc1N)c1c(Cl)ccc(F)c1Cl,55.0
3604,COc1cc(N2CCC(N3CCN(C)CC3)CC2)ccc1Nc1ncc(Cl)c(Nc2ccccc2P(C)(C)=O)n1,3.7
3605,C[C@@H](Oc1cc(-c2cnn(C3CCNCC3)c2)cnc1N)c1c(Cl)ccc(F)c1Cl,43.0
3606,COc1cc(N2CCC(N3CCN(C)CC3)CC2)ccc1Nc1ncc(Cl)c(Nc2ccccc2P(C)(C)=O)n1,12.0
3607,C[C@@H](Oc1cc(-c2cnn(C3CCNCC3)c2)cnc1N)c1c(Cl)ccc(F)c1Cl,
3608,COc1cc(N2CCC(N3CCN(C)CC3)CC2)ccc1Nc1ncc(Cl)c(Nc2ccccc2P(C)(C)=O)n1,2.1
3609,C[C@@H](Oc1cc(-c2cnn(C3CCNCC3)c2)cnc1N)c1c(Cl)ccc(F)c1Cl,
3610,COc1cc(N2CCC(N3CCN(C)CC3)CC2)ccc1Nc1ncc(Cl)c(Nc2ccccc2P(C)(C)=O)n1,6.6
3611,C[C@@H](Oc1cc(-c2cnn(C3CCNCC3)c2)cnc1N)c1c(Cl)ccc(F)c1Cl,
3612,COc1cc(N2CCC(N3CCN(C)CC3)CC2)ccc1Nc1ncc(Cl)c(Nc2ccccc2P(C)(C)=O)n1,1.5
3613,C[C@@H](Oc1cc(-c2cnn(C3CCNCC3)c2)cnc1N)c1c(Cl)ccc(F)c1Cl,23.0
3614,COc1cc(N2CCC(N3CCN(C)CC3)CC2)ccc1Nc1ncc(Cl)c(Nc2ccccc2P(C)(C)=O)n1,3.2
3615,C[C@@H](Oc1cc(-c2cnn(C3CCNCC3)c2)cnc1N)c1c(Cl)ccc(F)c1Cl,33.0
3616,CCCS(=O)(=O)Nc1ccc(F)c(C(=O)c2c[nH]c3ncc(Cl)cc23)c1F,5000.0
3617,N#CCNC(=O)c1ccc(-c2ccnc(Nc3ccc(N4CCOCC4)cc3)n2)cc1,1000.0
3618,CCc1cccc(CC)c1NC(=O)c1nn(C)c2c1CCc1cnc(Nc3ccc(C(=O)NC4CCN(C)CC4)cc3OC(F)(F)F)nc1-2,10000.0
3619,O=C1c2ccccc2-c2n[nH]c3cccc1c23,10000.0
3620,CC[C@@H]1CN(C(=O)NCC(F)(F)F)C[C@@H]1c1cnc2cnc3[nH]ccc3n12,5500.0
3621,Cc1c[nH]c2nccc(Oc3c(F)cc(Nc4cc(Cl)nc(N)n4)cc3F)c12,1000.0
3622,OCCn1cc(-c2cnc3nnn(Cc4ccc5ncccc5c4)c3n2)cn1,10000.0
3623,CNC(=O)c1c(F)cccc1Nc1nc(Nc2cc3c(cc2OC)CCN3C(=O)CN(C)C)nc2[nH]ccc12,1289.2
3624,COc1cc(N2CCC(N3CCN(C)CC3)CC2)ccc1Nc1ncc(Cl)c(Nc2ccccc2S(=O)(=O)C(C)C)n1,159.5
3625,C[C@@H](Oc1cc(-c2cnn(C3CCNCC3)c2)cnc1N)c1c(Cl)ccc(F)c1Cl,6756.0
3626,CNC(=O)c1c(F)cccc1Nc1nc(Nc2cc3c(cc2OC)CCN3C(=O)CN(C)C)nc2[nH]ccc12,2692.5
3627,COc1cc(N2CCC(N3CCN(C)CC3)CC2)ccc1Nc1ncc(Cl)c(Nc2ccccc2S(=O)(=O)C(C)C)n1,296.1
3628,C[C@@H](Oc1cc(-c2cnn(C3CCNCC3)c2)cnc1N)c1c(Cl)ccc(F)c1Cl,6106.5
3629,CNC(=O)c1c(F)cccc1Nc1nc(Nc2cc3c(cc2OC)CCN3C(=O)CN(C)C)nc2[nH]ccc12,3468.4
3630,COc1cc(N2CCC(N3CCN(C)CC3)CC2)ccc1Nc1ncc(Cl)c(Nc2ccccc2S(=O)(=O)C(C)C)n1,502.2
3631,C[C@@H](Oc1cc(-c2cnn(C3CCNCC3)c2)cnc1N)c1c(Cl)ccc(F)c1Cl,6072.1
3632,CNC(=O)c1c(F)cccc1Nc1nc(Nc2cc3c(cc2OC)CCN3C(=O)CN(C)C)nc2[nH]ccc12,2692.5
3633,COc1cc(N2CCC(N3CCN(C)CC3)CC2)ccc1Nc1ncc(Cl)c(Nc2ccccc2S(=O)(=O)C(C)C)n1,458.1
3634,C[C@@H](Oc1cc(-c2cnn(C3CCNCC3)c2)cnc1N)c1c(Cl)ccc(F)c1Cl,3163.3
3635,CNC(=O)c1c(F)cccc1Nc1nc(Nc2cc3c(cc2OC)CCN3C(=O)CN(C)C)nc2[nH]ccc12,9773.4
3636,COc1cc(N2CCC(N3CCN(C)CC3)CC2)ccc1Nc1ncc(Cl)c(Nc2ccccc2S(=O)(=O)C(C)C)n1,603.6
3637,C[C@@H](Oc1cc(-c2cnn(C3CCNCC3)c2)cnc1N)c1c(Cl)ccc(F)c1Cl,4546.4
3638,CN[C@@H]1C[C@H]2O[C@@](C)([C@@H]1OC)n1c3ccccc3c3c4c(c5c6ccccc6n2c5c31)C(=O)NC4,2.03
3639,CC(Oc1cc(-c2cnn(C3CCNCC3)c2)cnc1N)c1c(Cl)ccc(F)c1Cl,36.0
3640,Cc1cc(Nc2ncc(Cl)c(Nc3ccccc3S(=O)(=O)C(C)C)n2)c(OC(C)C)cc1C1CCNCC1,1.0
3641,COc1cc2c(cc1Nc1ncc(Cl)c(Nc3ccccc3S(=O)(=O)C(C)C)n1)CNC2,10.0
3642,COc1cc2c(cc1Nc1ncc(Cl)c(Nc3ccccc3S(=O)(=O)C(C)C)n1)CCNC2,1.0
3643,COc1cc2c(cc1Nc1ncc(Cl)c(Nc3ccccc3S(=O)(=O)C(C)C)n1)CCN(C)C2,10.0
3644,CCN1CCc2cc(Nc3ncc(Cl)c(Nc4ccccc4S(=O)(=O)C(C)C)n3)c(OC)cc2C1,10.0
3645,COc1cc2c(cc1Nc1ncc(Cl)c(Nc3ccccc3S(=O)(=O)C(C)C)n1)CCN(CCO)C2,1.0
3646,COc1cc2c(cc1Nc1ncc(Cl)c(Nc3ccccc3S(=O)(=O)C(C)C)n1)CCN(C(C)=O)C2,10.0
3647,CCNC(=O)N1CCc2cc(Nc3ncc(Cl)c(Nc4ccccc4S(=O)(=O)C(C)C)n3)c(OC)cc2C1,10.0
3648,COc1cc2c(cc1Nc1ncc(Cl)c(Nc3ccccc3S(=O)(=O)C(C)C)n1)CCN(C(=O)CO)C2,1.0
3649,COc1cc2c(cc1Nc1ncc(Cl)c(Nc3ccccc3S(=O)(=O)C(C)C)n1)CCN(S(N)(=O)=O)C2,10.0
3650,COc1cc2c(cc1Nc1ncc(Cl)c(Nc3ccccc3S(=O)(=O)C(C)C)n1)CCN(CC(=O)N(C)C)C2,10.0
3651,COc1cc2c(cc1Nc1ncc(Cl)c(Nc3ccccc3S(=O)(=O)C(C)C)n1)C(C)(C)CN(C(=O)C(F)(F)F)C2,10.0
3652,COc1cc2c(cc1Nc1ncc(Cl)c(Nc3ccccc3S(=O)(=O)C(C)C)n1)C(C)(C)CNC2,10.0
3653,COc1cc2c(cc1Nc1ncc(Cl)c(Nc3ccccc3S(=O)(=O)C(C)C)n1)C1(CCCC1)CN(C(=O)C(F)(F)F)C2,10.0
3654,COc1cc2c(cc1Nc1ncc(Cl)c(Nc3ccccc3S(=O)(=O)C(C)C)n1)C1(CCCC1)CNC2,1.0
3655,COc1cc2c(cc1Nc1ncc(Cl)c(Nc3ccccc3S(=O)(=O)C(C)C)n1)C1(CCCCC1)CN(C(=O)C(F)(F)F)C2,10.0
3656,COc1cc2c(cc1Nc1ncc(Cl)c(Nc3ccccc3S(=O)(=O)C(C)C)n1)C1(CCCCC1)CNC2,10.0
3657,CC(C)Oc1cc2c(cc1Nc1ncc(Cl)c(Nc3ccccc3S(=O)(=O)C(C)C)n1)CCN(C(=O)C(F)(F)F)C2,10.0
3658,CC(C)Oc1cc2c(cc1Nc1ncc(Cl)c(Nc3ccccc3S(=O)(=O)C(C)C)n1)CCNC2,0.21
3659,CC(C)COc1cc2c(cc1Nc1ncc(Cl)c(Nc3ccccc3S(=O)(=O)C(C)C)n1)CCN(C(=O)C(F)(F)F)C2,10.0
3660,CC(C)COc1cc2c(cc1Nc1ncc(Cl)c(Nc3ccccc3S(=O)(=O)C(C)C)n1)CCNC2,10.0
3661,CCC(C)Oc1cc2c(cc1Nc1ncc(Cl)c(Nc3ccccc3S(=O)(=O)C(C)C)n1)CCN(C(=O)C(F)(F)F)C2,10.0
3662,CCC(C)Oc1cc2c(cc1Nc1ncc(Cl)c(Nc3ccccc3S(=O)(=O)C(C)C)n1)CCNC2,10.0
3663,COc1cc2c(cc1Nc1ncc(Cl)c(Nc3ccccc3S(=O)(=O)C(C)C)n1)CCN(CCN(C)C)C2,10.0
3664,COc1cc2c(cc1Nc1ncc(Cl)c(Nc3ccccc3S(=O)(=O)C(C)C)n1)CCN(C1CCNCC1)C2,10.0
3665,COc1cc2c(cc1Nc1ncc(Cl)c(Nc3ccccc3S(=O)(=O)C(C)C)n1)CCNC2C,0.24
3666,COc1cc2c(cc1Nc1ncc(Cl)c(Nc3ccccc3S(=O)(=O)C(C)C)n1)CCNC2C(F)(F)F,10.0
3667,CCC1NCCc2cc(Nc3ncc(Cl)c(Nc4ccccc4S(=O)(=O)C(C)C)n3)c(OC)cc21,0.3
3668,COc1cc2c(cc1Nc1ncc(Cl)c(Nc3ccccc3S(=O)(=O)C(C)C)n1)CCNC2C(C)C,10.0
3669,COc1cc2c(cc1Nc1ncc(Cl)c(Nc3ccccc3S(=O)(=O)C(C)C)n1)CC1(CC1)N(C(=O)C(F)(F)F)C2C,10.0
3670,COc1cc2c(cc1Nc1ncc(Cl)c(Nc3ccccc3S(=O)(=O)C(C)C)n1)CC1(CC1)NC2C,10.0
3671,COc1cc2c(cc1Nc1ncc(Cl)c(Nc3ccccc3S(=O)(=O)C(C)C)n1)CCN(Cc1ccccc1)C2(C)C,10.0
3672,COc1cc2c(cc1Nc1ncc(Cl)c(Nc3ccccc3S(=O)(=O)C(C)C)n1)CCN(C(=O)C(F)(F)F)C2(C)C,10.0
3673,COc1cc2c(cc1Nc1ncc(Cl)c(Nc3ccccc3S(=O)(=O)C(C)C)n1)CCNC2(C)C,1.0
3674,COc1cc2c(cc1Nc1ncc(Cl)c(Nc3ccccc3S(=O)(=O)C(C)C)n1)CNCC2,1.0
3675,COc1cc2c(cc1Nc1ncc(Cl)c(Nc3ccccc3S(=O)(=O)C(C)C)n1)CN(C)CC2,10.0
3676,COc1cc2c(cc1Nc1ncc(Cl)c(Nc3ccccc3S(=O)(=O)C(C)C)n1)CN(CCO)CC2,10.0
3677,COc1cc2c(cc1Nc1ncc(Cl)c(Nc3ccccc3S(=O)(=O)C(C)C)n1)CN(C(C)=O)CC2,10.0
3678,CCNC(=O)N1CCc2cc(OC)c(Nc3ncc(Cl)c(Nc4ccccc4S(=O)(=O)C(C)C)n3)cc2C1,10.0
3679,COc1cc2c(cc1Nc1ncc(Cl)c(Nc3ccccc3S(=O)(=O)C(C)C)n1)CN(C(=O)CO)CC2,10.0
3680,COc1cc2c(cc1Nc1ncc(Cl)c(Nc3ccccc3S(=O)(=O)C(C)C)n1)CN(S(N)(=O)=O)CC2,10.0
3681,CCN1CCc2cc(OC)c(Nc3ncc(Cl)c(Nc4ccccc4S(=O)(=O)C(C)C)n3)cc2C1,1.0
3682,COc1cc2c(cc1Nc1ncc(Cl)c(Nc3ccccc3S(=O)(=O)C(C)C)n1)CN(CC(=O)N(C)C)CC2,10.0
3683,COc1cc2c(cc1Nc1ncc(Cl)c(Nc3ccccc3S(=O)(=O)C(C)C)n1)CN(CCN(C)C)CC2,10.0
3684,COc1cc2c(cc1Nc1ncc(Cl)c(Nc3ccccc3S(=O)(=O)C(C)C)n1)C(=O)NCC2,10.0
3685,COc1cc2c(cc1Nc1ncc(Cl)c(Nc3ccccc3S(=O)(=O)C(C)C)n1)CN(C1CCNCC1)CC2,1.0
3686,COc1cc2c(cc1Nc1ncc(Cl)c(Nc3ccccc3S(=O)(=O)C(C)C)n1)C(C)NCC2,10.0
3687,COc1cc2c(cc1Nc1ncc(Cl)c(Nc3ccccc3S(=O)(=O)C(C)C)n1)CCCNC2,10.0
3688,COc1cc2c(cc1Nc1ncc(Cl)c(Nc3ccccc3S(=O)(=O)C(C)C)n1)CCCNC2=O,10.0
3689,CCN1CCCc2cc(Nc3ncc(Cl)c(Nc4ccccc4S(=O)(=O)C(C)C)n3)c(OC)cc2C1,0.38
3690,COc1cc2c(cc1Nc1ncc(Cl)c(Nc3ccccc3S(=O)(=O)C(C)C)n1)CCCN(C(C)=O)C2,10.0
3691,COc1cc2c(cc1Nc1ncc(Cl)c(Nc3ccccc3S(=O)(=O)C(C)C)n1)CCCN(C(=O)CO)C2,1.0
3692,COc1cc2c(cc1Nc1ncc(Cl)c(Nc3ccccc3S(=O)(=O)C(C)C)n1)CCCN(CCO)C2,0.55
3693,COc1cc2c(cc1Nc1ncc(Cl)c(Nc3ccccc3S(=O)(=O)C(C)C)n1)CCCN(C1CCNCC1)C2,0.66
3694,COc1cc2c(cc1Nc1ncc(Cl)c(Nc3ccccc3S(=O)(=O)C(C)C)n1)CCCN(C1CCOCC1)C2,0.78
3695,COc1cc2c(cc1Nc1ncc(Cl)c(Nc3ccccc3S(=O)(=O)C(C)C)n1)CCCN(C1COC1)C2,10.0
3696,COc1cc2c(cc1Nc1ncc(Cl)c(Nc3ccccc3S(=O)(=O)C(C)C)n1)CNCCC2,10.0
3697,COc1cc2c(cc1Nc1ncc(Cl)c(Nc3ccccc3S(=O)(=O)C(C)C)n1)C(=O)NCCC2,10.0
3698,CCN1CCCc2cc(OC)c(Nc3ncc(Cl)c(Nc4ccccc4S(=O)(=O)C(C)C)n3)cc2C1,10.0
3699,COc1cc2c(cc1Nc1ncc(Cl)c(Nc3ccccc3S(=O)(=O)C(C)C)n1)CN(C(C)=O)CCC2,1.0
3700,COc1cc2c(cc1Nc1ncc(Cl)c(Nc3ccccc3S(=O)(=O)C(C)C)n1)CN(C(=O)CO)CCC2,10.0
3701,COc1cc2c(cc1Nc1ncc(Cl)c(Nc3ccccc3S(=O)(=O)C(C)C)n1)CN(CCO)CCC2,10.0
3702,COc1cc2c(cc1Nc1ncc(Cl)c(Nc3ccccc3S(=O)(=O)C(C)C)n1)CN(C1CCNCC1)CCC2,10.0
3703,COc1cc2c(cc1Nc1ncc(Cl)c(Nc3ccccc3S(=O)(=O)C(C)C)n1)CN(C1CCOCC1)CCC2,1.0
3704,COc1cc2c(cc1Nc1ncc(Cl)c(Nc3ccccc3S(=O)(=O)C(C)C)n1)CN(C1COC1)CCC2,10.0
3705,COc1cc2c(cc1Nc1ncc(Cl)c(Nc3ccccc3S(=O)(=O)C(C)C)n1)CCNCC2,10.0
3706,COc1cc2c(cc1Nc1ncc(Cl)c(Nc3ccccc3S(=O)(=O)C(C)C)n1)CCNC(=O)C2,10.0
3707,CCN1CCc2cc(Nc3ncc(Cl)c(Nc4ccccc4S(=O)(=O)C(C)C)n3)c(OC)cc2CC1,0.52
3708,COc1cc2c(cc1Nc1ncc(Cl)c(Nc3ccccc3S(=O)(=O)C(C)C)n1)CCN(C(=O)CO)CC2,10.0
3709,COc1cc2c(cc1Nc1ncc(Cl)c(Nc3ccccc3S(=O)(=O)C(C)C)n1)CCN(CCO)CC2,10.0
3710,CC(C)Oc1cc2c(cc1Nc1ncc(Cl)c(Nc3ccccc3S(=O)(=O)C(C)C)n1)CCNC2C,10.0
3711,CC(C)Oc1cc2c(cc1Nc1ncc(Cl)c(Nc3ccccc3S(=O)(=O)C(C)C)n1)CCNC2(C)C,10.0
3712,COc1cc2c(cc1Nc1ncc(Cl)c(Nc3ccccc3S(=O)(=O)C(C)C)n1)C(C)(C)NCC2,10.0
3713,CCC1(C)NCCc2cc(Nc3ncc(Cl)c(Nc4ccccc4S(=O)(=O)C(C)C)n3)c(OC)cc21,10.0
3714,CCC1(CC)NCCc2cc(Nc3ncc(Cl)c(Nc4ccccc4S(=O)(=O)C(C)C)n3)c(OC)cc21,10.0
3715,COc1cc2c(cc1Nc1ncc(Cl)c(Nc3ccccc3S(=O)(=O)C(C)C)n1)CNCC2(C)C,10.0
3716,COc1cc2c(cc1Nc1ncc(Cl)c(Nc3ccccc3S(=O)(=O)C(C)C)n1)CCNC2C(=O)O,10.0
3717,CCN1CCc2cc(Nc3ncc(Cl)c(Nc4ccccc4S(=O)(=O)C(C)C)n3)c(OC)cc2C1(C)C,10.0
3718,COc1cc2c(cc1Nc1ncc(Cl)c(Nc3ccccc3S(=O)(=O)C(C)C)n1)CCN(C(=O)CO)C2(C)C,10.0
3719,CCN1CCc2cc(Nc3ncc(Cl)c(Nc4ccccc4S(=O)(=O)C(C)C)n3)c(OC(C)C)cc2C1(C)C,10.0
3720,CC(C)Oc1cc2c(cc1Nc1ncc(Cl)c(Nc3ccccc3S(=O)(=O)C(C)C)n1)CNCC2(C)C,10.0
3721,CCOc1cc2c(cc1Nc1ncc(Cl)c(Nc3ccccc3S(=O)(=O)C(C)C)n1)CN(CC)CC2(C)C,10.0
3722,CCN1Cc2cc(Nc3ncc(Cl)c(Nc4ccccc4S(=O)(=O)C(C)C)n3)c(OC(C)C)cc2C(C)(C)C1,10.0
3723,COc1cc2c(cc1Nc1ncc(Cl)c(Nc3ccccc3S(=O)(=O)C(C)C)n1)CNCC21CCCC1,10.0
3724,COc1cc2c(cc1Nc1ncc(Cl)c(Nc3ccccc3S(=O)(=O)C(C)C)n1)CCN1C(=O)CNCC21,10.0
3725,COc1cc2c(cc1Nc1ncc(Cl)c(Nc3ccccc3S(=O)(=O)C(C)C)n1)C1CNCC(=O)N1CC2(C)C,10.0
3726,COc1cc2c(cc1Nc1ncc(Cl)c(Nc3ccccc3S(=O)(=O)C(C)C)n1)C1CNCCN1CC2(C)C,10.0
3727,COc1cc2c(c(Br)c1Nc1ncc(Cl)c(Nc3ccccc3S(=O)(=O)C(C)C)n1)CCNC2(C)C,10.0
3728,COc1cc2c(c(Cl)c1Nc1ncc(Cl)c(Nc3ccccc3S(=O)(=O)C(C)C)n1)CCNC2(C)C,10.0
3729,COc1c(Nc2ncc(Cl)c(Nc3ccccc3S(=O)(=O)C(C)C)n2)cc2c(c1Br)C(C)(C)NCC2,10.0
3730,COc1c(Nc2ncc(Cl)c(Nc3ccccc3S(=O)(=O)C(C)C)n2)cc2c(c1Cl)C(C)(C)NCC2,10.0
3731,COc1cc2c(cc1Nc1ncc(Cl)c(Nc3ccccc3S(=O)(=O)C(C)C)n1)CN(C)CC2(C)C,10.0
3732,CCN1Cc2cc(Nc3ncc(Cl)c(Nc4ccccc4S(=O)(=O)C(C)C)n3)c(OC)cc2C(C)(C)C1,10.0
3733,CCOc1cc2c(cc1Nc1ncc(Cl)c(Nc3ccccc3S(=O)(=O)C(C)C)n1)CN(CCO)CC2(C)C,10.0
3734,COc1cc2c(cc1Nc1ncc(Cl)c(Nc3ccccc3S(=O)(=O)C(C)C)n1)CN(C(=O)CN(C)C)CC2(C)C,10.0
3735,COc1cc2c(cc1Nc1ncc(Cl)c(Nc3ccccc3S(=O)(=O)C(C)C)n1)CN(C(=O)CO)CC2(C)C,10.0
3736,COc1cc2c(cc1Nc1ncc(Cl)c(Nc3ccccc3S(=O)(=O)C(C)C)n1)CNCC21CC1,10.0
3737,COc1cc2c(cc1Nc1ncc(Cl)c(Nc3ccccc3S(=O)(=O)C(C)C)n1)C1CNCC(=O)N1CC2,10.0
3738,COc1cc2c(cc1Nc1ncc(Cl)c(Nc3ccccc3S(=O)(=O)C(C)C)n1)C1CNCCN1CC2,10.0
3739,CCOc1cc2c(cc1Nc1ncc(Cl)c(Nc3ccccc3S(=O)(=O)C(C)C)n1)CCNC2(C)C,10.0
3740,CC(C)S(=O)(=O)c1ccccc1Nc1nc(Nc2cc3c(cc2OC(F)F)C(C)(C)NCC3)ncc1Cl,10.0
3741,COc1cc2c(cc1Nc1ncc(Cl)c(Nc3ccccc3S(=O)(=O)C(C)C)n1)CCNC2(C)C,10.0
3742,CCCC1NCCc2cc(Nc3ncc(Cl)c(Nc4ccccc4S(=O)(=O)C(C)C)n3)c(OC)cc21,10.0
3743,,10.0
3744,COc1cc2c(cc1Nc1ncc(Cl)c(Nc3ccccc3S(=O)(=O)C(C)C)n1)CCCNC2(C)C,10.0
3745,COc1cc2c(cc1Nc1ncc(Cl)c(Nc3ccccc3S(=O)(=O)C(C)C)n1)CCNCC2(C)C,10.0
3746,COc1cc2c(cc1Nc1ncc(Cl)c(Nc3ccccc3S(=O)(=O)C(C)C)n1)CNC2(C)C,10.0
3747,CN1CCN(Cc2ccc(C(=O)Nc3nc(-c4cccc(C#Cc5ccccc5)c4)cs3)cc2)CC1,71000.0
3748,CN1CCN(Cc2ccc(C(=O)Nc3nc(-c4cccc(C#Cc5ccccc5)c4)cs3)cc2)CC1,5600.0
3749,Cc1ccc(C#Cc2cccc(-c3csc(NC(=O)c4ccc(CN5CCN(C)CC5)cc4)n3)c2)cc1,82000.0
3750,Cc1ccc(C#Cc2cccc(-c3csc(NC(=O)c4ccc(CN5CCN(C)CC5)cc4)n3)c2)cc1,5800.0
3751,COc1ccc(C#Cc2cccc(-c3csc(NC(=O)c4ccc(CN5CCN(C)CC5)cc4)n3)c2)cc1,45000.0
3752,COc1ccc(C#Cc2cccc(-c3csc(NC(=O)c4ccc(CN5CCN(C)CC5)cc4)n3)c2)cc1,4800.0
3753,Cc1ccc(-c2csc(NC(=O)c3ccc(CN4CCN(C)CC4)cc3)n2)cc1C#Cc1ccccc1,50000.0
3754,Cc1ccc(-c2csc(NC(=O)c3ccc(CN4CCN(C)CC4)cc3)n2)cc1C#Cc1ccccc1,6400.0
3755,Cc1ccc(C#Cc2cc(-c3csc(NC(=O)c4ccc(CN5CCN(C)CC5)cc4)n3)ccc2C)cc1,83000.0
3756,Cc1ccc(C#Cc2cc(-c3csc(NC(=O)c4ccc(CN5CCN(C)CC5)cc4)n3)ccc2C)cc1,2700.0
3757,COc1ccc(C#Cc2cc(-c3csc(NC(=O)c4ccc(CN5CCN(C)CC5)cc4)n3)ccc2C)cc1,100000.0
3758,COc1ccc(C#Cc2cc(-c3csc(NC(=O)c4ccc(CN5CCN(C)CC5)cc4)n3)ccc2C)cc1,6300.0
3759,Cc1ccc(-c2csc(NC(=O)c3ccc(CN4CCN(C)CC4)cc3)n2)cc1C#Cc1ccccc1C(F)(F)F,54000.0
3760,Cc1ccc(-c2csc(NC(=O)c3ccc(CN4CCN(C)CC4)cc3)n2)cc1C#Cc1ccccc1C(F)(F)F,1900.0
3761,COc1ccccc1C#Cc1cc(-c2csc(NC(=O)c3ccc(CN4CCN(C)CC4)cc3)n2)ccc1C,23000.0
3762,COc1ccccc1C#Cc1cc(-c2csc(NC(=O)c3ccc(CN4CCN(C)CC4)cc3)n2)ccc1C,5800.0
3763,Cc1ccc(-c2csc(NC(=O)c3ccc(CN4CCN(C)CC4)cc3)n2)cc1C#Cc1ccc(F)cc1,100000.0
3764,Cc1ccc(-c2csc(NC(=O)c3ccc(CN4CCN(C)CC4)cc3)n2)cc1C#Cc1ccc(F)cc1,8000.0
3765,Cc1ccc(C#Cc2ccc(-c3csc(NC(=O)c4ccc(CN5CCN(C)CC5)cc4)n3)cc2C)cc1,15000.0
3766,Cc1ccc(C#Cc2ccc(-c3csc(NC(=O)c4ccc(CN5CCN(C)CC5)cc4)n3)cc2C)cc1,2600.0
3767,Cc1cc(-c2csc(NC(=O)c3ccc(CN4CCN(C)CC4)cc3)n2)ccc1C#Cc1ccccc1C(F)(F)F,20000.0
3768,Cc1cc(-c2csc(NC(=O)c3ccc(CN4CCN(C)CC4)cc3)n2)ccc1C#Cc1ccccc1C(F)(F)F,2400.0
3769,CN1CCN(Cc2ccc(C(=O)Nc3nc(-c4cccc(C#Cc5ccccc5C(F)(F)F)c4)cs3)cc2)CC1,12000.0
3770,CN1CCN(Cc2ccc(C(=O)Nc3nc(-c4cccc(C#Cc5ccccc5C(F)(F)F)c4)cs3)cc2)CC1,1700.0
3771,CN1CCN(Cc2ccc(C(=O)Nc3nc(-c4ccc(C#Cc5ccccc5C(F)(F)F)c(C#Cc5ccccc5C(F)(F)F)c4)cs3)cc2)CC1,3300.0
3772,CN1CCN(Cc2ccc(C(=O)Nc3nc(-c4ccc(C#Cc5ccccc5C(F)(F)F)c(C#Cc5ccccc5C(F)(F)F)c4)cs3)cc2)CC1,300.0
3773,Cc1ccc(-c2csc(NC(=O)c3ccc(CN4CCN(C)CC4)cc3)n2)cc1C#C[Si](C(C)C)(C(C)C)C(C)C,1300.0
3774,Cc1ccc(-c2csc(NC(=O)c3ccc(CN4CCN(C)CC4)cc3)n2)cc1C#C[Si](C(C)C)(C(C)C)C(C)C,710.0
3775,Cc1cc(-c2csc(NC(=O)c3ccc(CN4CCN(C)CC4)cc3)n2)ccc1C#C[Si](C(C)C)(C(C)C)C(C)C,640.0
3776,Cc1cc(-c2csc(NC(=O)c3ccc(CN4CCN(C)CC4)cc3)n2)ccc1C#C[Si](C(C)C)(C(C)C)C(C)C,600.0
3777,CC(C)[Si](C#Cc1ccc(-c2csc(NC(=O)c3ccc(CN4CCN(C)CC4)cc3)n2)cc1C#C[Si](C(C)C)(C(C)C)C(C)C)(C(C)C)C(C)C,540.0
3778,CC(C)[Si](C#Cc1ccc(-c2csc(NC(=O)c3ccc(CN4CCN(C)CC4)cc3)n2)cc1C#C[Si](C(C)C)(C(C)C)C(C)C)(C(C)C)C(C)C,540.0
3779,CC[Si](C#Cc1cccc(-c2csc(NC(=O)c3ccc(CN4CCN(C)CC4)cc3)n2)c1)(CC)CC,8600.0
3780,CC[Si](C#Cc1cccc(-c2csc(NC(=O)c3ccc(CN4CCN(C)CC4)cc3)n2)c1)(CC)CC,1600.0
3781,CN1CCN(Cc2ccc(C(=O)Nc3nc(-c4cccc(C#C[Si](C)(C)C)c4)cs3)cc2)CC1,40000.0
3782,CN1CCN(Cc2ccc(C(=O)Nc3nc(-c4cccc(C#C[Si](C)(C)C)c4)cs3)cc2)CC1,21000.0
3783,CN1CCN(Cc2ccc(C(=O)Nc3nc(-c4cccc(C#CC5=CCCCC5)c4)cs3)cc2)CC1,76000.0
3784,CN1CCN(Cc2ccc(C(=O)Nc3nc(-c4cccc(C#CC5=CCCCC5)c4)cs3)cc2)CC1,5600.0
3785,CCCCC#Cc1cccc(-c2csc(NC(=O)c3ccc(CN4CCN(C)CC4)cc3)n2)c1,38000.0
3786,CCCCC#Cc1cccc(-c2csc(NC(=O)c3ccc(CN4CCN(C)CC4)cc3)n2)c1,31000.0
3787,CN1CCN(Cc2ccc(C(=O)Nc3nc(-c4cccc(C#CCO[Si](c5ccccc5)(c5ccccc5)C(C)(C)C)c4)cs3)cc2)CC1,1500.0
3788,CN1CCN(Cc2ccc(C(=O)Nc3nc(-c4cccc(C#CCO[Si](c5ccccc5)(c5ccccc5)C(C)(C)C)c4)cs3)cc2)CC1,700.0
3789,CC(C)[Si](OCC#Cc1cccc(-c2csc(NC(=O)c3ccc(CN4CCN(C)CC4)cc3)n2)c1)(C(C)C)C(C)C,4200.0
3790,CC(C)[Si](OCC#Cc1cccc(-c2csc(NC(=O)c3ccc(CN4CCN(C)CC4)cc3)n2)c1)(C(C)C)C(C)C,1100.0
3791,CN1CCN(Cc2ccc(C(=O)Nc3nc(-c4cccc(C#CCO[Si](C)(C)C(C)(C)C)c4)cs3)cc2)CC1,51000.0
3792,CN1CCN(Cc2ccc(C(=O)Nc3nc(-c4cccc(C#CCO[Si](C)(C)C(C)(C)C)c4)cs3)cc2)CC1,45000.0
3793,CN1CCN(Cc2ccc(C(=O)Nc3nc(-c4cccc(C#C[Si](C)(C)C(C)(C)C)c4)cs3)cc2)CC1,1500.0
3794,CN1CCN(Cc2ccc(C(=O)Nc3nc(-c4cccc(C#C[Si](C)(C)C(C)(C)C)c4)cs3)cc2)CC1,360.0
3795,CN1CCN(Cc2ccc(C(=O)Nc3nc(-c4cccc(C#C[Si](c5ccccc5)(c5ccccc5)C(C)(C)C)c4)cs3)cc2)CC1,1700.0
3796,CN1CCN(Cc2ccc(C(=O)Nc3nc(-c4cccc(C#C[Si](c5ccccc5)(c5ccccc5)C(C)(C)C)c4)cs3)cc2)CC1,870.0
3797,CC(C)[Si](C#Cc1cccc(-c2csc(NC(=O)c3ccc(-c4ccc(C(=O)N5CCN(C)CC5)cc4)o3)n2)c1)(C(C)C)C(C)C,420.0
3798,CC(C)[Si](C#Cc1cccc(-c2csc(NC(=O)c3ccc(-c4ccc(C(=O)N5CCN(C)CC5)cc4)o3)n2)c1)(C(C)C)C(C)C,44.6
3799,CN1CCN(C(=O)c2ccc(-c3ccc(C(=O)Nc4nc(-c5cccc(C#C[Si](C)(C)C(C)(C)C)c5)cs4)o3)cc2)CC1,428.0
3800,CN1CCN(C(=O)c2ccc(-c3ccc(C(=O)Nc4nc(-c5cccc(C#C[Si](C)(C)C(C)(C)C)c5)cs4)o3)cc2)CC1,33.1
3801,CC(C)[Si](OCC#Cc1cccc(-c2csc(NC(=O)c3ccc(-c4ccc(C(=O)N5CCN(C)CC5)cc4)o3)n2)c1)(C(C)C)C(C)C,2127.0
3802,CC(C)[Si](OCC#Cc1cccc(-c2csc(NC(=O)c3ccc(-c4ccc(C(=O)N5CCN(C)CC5)cc4)o3)n2)c1)(C(C)C)C(C)C,55.6
3803,CN1CCN(C(=O)c2ccc(-c3ccc(C(=O)Nc4nc(-c5cccc(C#Cc6ccccc6C(F)(F)F)c5)cs4)o3)cc2)CC1,385.0
3804,CN1CCN(C(=O)c2ccc(-c3ccc(C(=O)Nc4nc(-c5cccc(C#Cc6ccccc6C(F)(F)F)c5)cs4)o3)cc2)CC1,46.7
3805,CN1CCN(Cc2ccc(C(=O)Nc3nc(-c4cccc(C#CCOC(c5ccccc5)(c5ccccc5)c5ccccc5)c4)cs3)cc2)CC1,2100.0
3806,CN1CCN(Cc2ccc(C(=O)Nc3nc(-c4cccc(C#CCOC(c5ccccc5)(c5ccccc5)c5ccccc5)c4)cs3)cc2)CC1,830.0
3807,CN1CCN(Cc2ccc(C(=O)Nc3nc(-c4cccc(C#Cc5ccccc5F)c4)cs3)cc2)CC1,5000.0
3808,CN1CCN(Cc2ccc(C(=O)Nc3nc(-c4cccc(C#Cc5ccccc5F)c4)cs3)cc2)CC1,8900.0
3809,CN1CCN(Cc2ccc(C(=O)Nc3nc(-c4cccc(C#Cc5ccc(F)cc5)c4)cs3)cc2)CC1,15000.0
3810,CN1CCN(Cc2ccc(C(=O)Nc3nc(-c4cccc(C#Cc5ccc(F)cc5)c4)cs3)cc2)CC1,11000.0
3811,CN1CCN(Cc2ccc(C(=O)Nc3nc(-c4cccc(C#Cc5cc(C(F)(F)F)cc(C(F)(F)F)c5)c4)cs3)cc2)CC1,4100.0
3812,CN1CCN(Cc2ccc(C(=O)Nc3nc(-c4cccc(C#Cc5cc(C(F)(F)F)cc(C(F)(F)F)c5)c4)cs3)cc2)CC1,2900.0
3813,CN1CCN(C(=O)c2ccc(-c3ccc(C(=O)Nc4nc(-c5cccc(C#Cc6cc(C(F)(F)F)cc(C(F)(F)F)c6)c5)cs4)o3)cc2)CC1,100000.0
3814,CN1CCN(C(=O)c2ccc(-c3ccc(C(=O)Nc4nc(-c5cccc(C#Cc6cc(C(F)(F)F)cc(C(F)(F)F)c6)c5)cs4)o3)cc2)CC1,100000.0
3815,CC(C)[Si](C#Cc1ccc(-c2csc(NC(=O)c3ccc(CN4CCN(C)CC4)cc3)n2)cc1)(C(C)C)C(C)C,1900.0
3816,CC(C)[Si](C#Cc1ccc(-c2csc(NC(=O)c3ccc(CN4CCN(C)CC4)cc3)n2)cc1)(C(C)C)C(C)C,5800.0
3817,CN1CCN(Cc2ccc(C(=O)Nc3nc(-c4ccc(C#Cc5cc(C(F)(F)F)cc(C(F)(F)F)c5)cc4)cs3)cc2)CC1,1900.0
3818,CN1CCN(Cc2ccc(C(=O)Nc3nc(-c4ccc(C#Cc5cc(C(F)(F)F)cc(C(F)(F)F)c5)cc4)cs3)cc2)CC1,1100.0
3819,CN1CCN(Cc2ccc(C(=O)Nc3nc(-c4ccc(C#C[Si](C)(C)C(C)(C)C)cc4)cs3)cc2)CC1,4600.0
3820,CN1CCN(Cc2ccc(C(=O)Nc3nc(-c4ccc(C#C[Si](C)(C)C(C)(C)C)cc4)cs3)cc2)CC1,2100.0
3821,CC(C)[Si](C#Cc1cccc(-c2csc(NC(=O)c3ccc(CN4CCOCC4)cc3)n2)c1)(C(C)C)C(C)C,7000.0
3822,CC(C)[Si](C#Cc1cccc(-c2csc(NC(=O)c3ccc(CN4CCOCC4)cc3)n2)c1)(C(C)C)C(C)C,2300.0
3823,O=C(Nc1nc(-c2cccc(C#Cc3cc(C(F)(F)F)cc(C(F)(F)F)c3)c2)cs1)c1ccc(CN2CCOCC2)cc1,100000.0
3824,O=C(Nc1nc(-c2cccc(C#Cc3cc(C(F)(F)F)cc(C(F)(F)F)c3)c2)cs1)c1ccc(CN2CCOCC2)cc1,27000.0
3825,CC(C)(C)[Si](C)(C)C#Cc1cccc(-c2csc(NC(=O)c3ccc(CN4CCOCC4)cc3)n2)c1,9400.0
3826,CC(C)(C)[Si](C)(C)C#Cc1cccc(-c2csc(NC(=O)c3ccc(CN4CCOCC4)cc3)n2)c1,4400.0
3827,CC(C)(C)[Si](C#Cc1cccc(-c2csc(NC(=O)c3ccc(CN4CCOCC4)cc3)n2)c1)(c1ccccc1)c1ccccc1,7000.0
3828,CC(C)(C)[Si](C#Cc1cccc(-c2csc(NC(=O)c3ccc(CN4CCOCC4)cc3)n2)c1)(c1ccccc1)c1ccccc1,2700.0
3829,CN1CCN(Cc2ccc(C(=O)Nc3nc(-c4cccc(C#Cc5ccccc5OC(F)(F)F)c4)cs3)cc2)CC1,53000.0
3830,CN1CCN(Cc2ccc(C(=O)Nc3nc(-c4cccc(C#Cc5ccccc5OC(F)(F)F)c4)cs3)cc2)CC1,3700.0
3831,CN1CCN(C(=O)c2ccc(-c3ccc(C(=O)Nc4nc(-c5cccc(C#Cc6ccccc6OC(F)(F)F)c5)cs4)o3)cc2)CC1,100000.0
3832,CN1CCN(C(=O)c2ccc(-c3ccc(C(=O)Nc4nc(-c5cccc(C#Cc6ccccc6OC(F)(F)F)c5)cs4)o3)cc2)CC1,1300.0
3833,CC(C)[Si](C#Cc1cccc(-c2csc(NC(=O)c3ccc(CNCCN(C)C)cc3)n2)c1)(C(C)C)C(C)C,100000.0
3834,CC(C)[Si](C#Cc1cccc(-c2csc(NC(=O)c3ccc(CNCCN(C)C)cc3)n2)c1)(C(C)C)C(C)C,65000.0
3835,CC(C)[Si](C#Cc1cccc(-c2csc(NC(=O)c3ccc(Cn4cnnn4)cc3)n2)c1)(C(C)C)C(C)C,50000.0
3836,CC(C)[Si](C#Cc1cccc(-c2csc(NC(=O)c3ccc(Cn4cnnn4)cc3)n2)c1)(C(C)C)C(C)C,30000.0
3837,CC(C)[Si](C#Cc1cccc(-c2csc(NC(=O)c3ccc(Cn4ccnc4)cc3)n2)c1)(C(C)C)C(C)C,52000.0
3838,CC(C)[Si](C#Cc1cccc(-c2csc(NC(=O)c3ccc(Cn4ccnc4)cc3)n2)c1)(C(C)C)C(C)C,39000.0
3839,CC(C)OC(=O)CNCc1ccc(C(=O)Nc2nc(-c3cccc(C#C[Si](C(C)C)(C(C)C)C(C)C)c3)cs2)cc1,46000.0
3840,CC(C)OC(=O)CNCc1ccc(C(=O)Nc2nc(-c3cccc(C#C[Si](C(C)C)(C(C)C)C(C)C)c3)cs2)cc1,100000.0
3841,CC(C)[Si](C#Cc1cccc(-c2csc(NC(=O)c3ccc(CN4CCN(C)CC4)cc3)n2)c1)(C(C)C)C(C)C,200.0
3842,CC(C)[Si](C#Cc1cccc(-c2csc(NC(=O)c3ccc(CN4CCN(C)CC4)cc3)n2)c1)(C(C)C)C(C)C,910.0
3843,C#Cc1cccc(-c2csc(NC(=O)c3ccc(CN4CCN(C)CC4)cc3)n2)c1,26000.0
3844,C#Cc1cccc(-c2csc(NC(=O)c3ccc(CN4CCN(C)CC4)cc3)n2)c1,99000.0
3845,C#CCN1CCN(Cc2ccc(C(=O)Nc3nc(-c4cccc(C#C[Si](C(C)C)(C(C)C)C(C)C)c4)cs3)cc2)CC1,2800.0
3846,C#CCN1CCN(Cc2ccc(C(=O)Nc3nc(-c4cccc(C#C[Si](C(C)C)(C(C)C)C(C)C)c4)cs3)cc2)CC1,3600.0
3847,COc1cc(N2CCNCC2)ccc1-c1cnc(N)cc1-c1ccnn1-c1ccc(F)c(Cl)c1,536.0
3848,COc1cc(N2CCNCC2)ccc1-c1cnc(N)cc1-c1ccnn1-c1ccc(F)cc1,136.0
3849,COc1cc(N2CCN(C)CC2)ccc1-c1cnc(N)cc1C#Cc1ccnn1Cc1ccc(Cl)c(F)c1,1000.0
3850,Nc1ncc(-c2cnn(C3CCNCC3)c2)cc1COc1cccc(F)c1,1000.0
3851,COc1nc(N2CCN(C(C)C)CC2)ncc1-c1cnc(N)c(OC(C)c2c(Cl)ccc(F)c2Cl)c1,396.0
3852,COc1cc(-c2cnc(N)c(OC(C)c3c(Cl)ccc(F)c3Cl)c2)cnc1N1CCN(C)CC1,89.4
3853,COc1cc(N2CCN(C)CC2)ncc1-c1cnc(N)c(OC(C)c2c(Cl)ccc(F)c2Cl)c1,80.2
3854,COc1cc(N2CCN(C)C[C@@H]2C)ncc1-c1cnc(N)c(OC(C)c2c(Cl)ccc(F)c2Cl)c1,38.1
3855,COc1cc(N2CCN(C)C[C@H]2C)ncc1-c1cnc(N)c(OC(C)c2c(Cl)ccc(F)c2Cl)c1,75.7
3856,COc1cc(N2CCN(C)C[C@@H]2C)ncc1-c1cnc(N)c(O[C@H](C)c2c(Cl)ccc(F)c2Cl)c1,22.4
3857,COc1cc(N2CCN(C)C[C@H]2C)ncc1-c1cnc(N)c(O[C@H](C)c2c(Cl)ccc(F)c2Cl)c1,55.1
3858,COc1cc(-c2cnc(N)c(O[C@H](C)c3c(Cl)ccc(F)c3Cl)c2)cnc1N1CCN(C)C[C@@H]1C,42.0
3859,COc1cc(N2CCNC[C@@H]2C)ncc1-c1cnc(N)c(O[C@H](C)c2c(Cl)ccc(F)c2Cl)c1,1.96
3860,COc1cc(N2CCN(C3CCN(C)CC3)C[C@@H]2C)ncc1-c1cnc(N)c(O[C@H](C)c2c(Cl)ccc(F)c2Cl)c1,9.1
3861,COc1cc(C2=CCNCC2)ncc1-c1cnc(N)c(O[C@H](C)c2c(Cl)ccc(I)c2Cl)c1,19.2
3862,COc1cc(-c2cnc(N)c(O[C@H](C)c3c(Cl)ccc(F)c3Cl)c2)cnc1C1=CCNCC1,9.8
3863,COc1cc(N2CCC(N3CCN(C)CC3)CC2)ncc1-c1cnc(N)c(OC(C)c2cc(F)ccc2C(C)(F)F)c1,20.8
3864,COc1ccc(-c2cnc(N)c(O[C@H](C)c3c(Cl)ccc(F)c3Cl)c2)nc1N1CCNCC1,27.8
3865,COc1ccc(N2CCNCC2)nc1-c1cnc(N)c(O[C@H](C)c2c(Cl)ccc(F)c2Cl)c1,19.0
3866,COc1cc(N2CCNC(=O)C2)ncc1-c1cnc(N)c(O[C@H](C)c2c(Cl)ccc(F)c2Cl)c1,250.0
3867,COc1cc(-c2cnc(N)c(O[C@H](C)c3c(Cl)ccc(F)c3Cl)c2)nc(N2CCNCC2)c1,160.0
3868,COc1cc(N2CCNCC2)ncc1-c1cnc(N)c(O[C@H](C)c2c(Cl)ccc(F)c2Cl)c1,8.0
3869,COc1cnc(N2CCNCC2)cc1-c1cnc(N)c(O[C@H](C)c2c(Cl)ccc(F)c2Cl)c1,20.0
3870,COc1cnc(-c2cnc(N)c(O[C@H](C)c3c(Cl)ccc(F)c3Cl)c2)cc1N1CCNCC1,130.0
3871,COc1cc(N2CCNCC2)ccc1-c1cnc(N)c(OC(C)c2cc(F)ccc2C(F)F)c1,227.0
3872,COc1cc(N2CCNCC2)c(Cl)cc1-c1cnc(N)c(OC(C)c2cc(F)ccc2C(F)F)c1,664.0
3873,COc1cc(-c2cnc(N)c(O[C@H](C)c3c(Cl)ccc(F)c3Cl)c2)cnc1C1CCNCC1,29.4
3874,COc1ccc(-c2cnc(N)c(O[C@H](C)c3c(Cl)ccc(F)c3Cl)c2)nc1C1=CCNCC1,64.4
3875,COc1ccc(N2CCNC[C@@H]2C)nc1-c1cnc(N)c(O[C@H](C)c2c(Cl)ccc(F)c2Cl)c1,60.5
3876,COc1c(-c2cnc(N)c(O[C@H](C)c3c(Cl)ccc(F)c3Cl)c2)cncc1N1CCNCC1,105.0
3877,COc1cc(N2CCNCC2)ccc1-c1cnc(N)c(OC(C)c2cc(F)ccc2C(C)(F)F)c1,44.8
3878,COc1cc(N2CCOCC2)ncc1-c1cnc(N)c(O[C@H](C)c2c(Cl)ccc(F)c2Cl)c1,175.0
3879,COc1ccc(-c2cnc(N)c(O[C@H](C)c3c(Cl)ccc(F)c3Cl)c2)nc1N1CCNC[C@@H]1C,259.0
3880,COc1cc(N2CCNCC2)c(Cl)cc1-c1cnc(N)c(OC(C)c2cc(F)ccc2C(C)(F)F)c1,106.0
3881,CCOc1cc(-c2cnc(N)c(O[C@H](C)c3c(Cl)ccc(F)c3Cl)c2)cnc1C1=CCNCC1,78.0
3882,COc1cc(-c2cnc(N)c(O[C@H](C)c3c(Cl)ccc(F)c3Cl)c2)cnc1C1=CCNCC1C,46.8
3883,C[C@@H](Oc1cc(-c2cnc(C3=CCNCC3)c(OCCO)c2)cnc1N)c1c(Cl)ccc(F)c1Cl,6.9
3884,CCOc1cc(N2CCNC[C@@H]2C)ncc1-c1cnc(N)c(O[C@H](C)c2c(Cl)ccc(F)c2Cl)c1,13.9
3885,C[C@@H](Oc1cc(-c2cnc(N3CCOCC3)c(OCCN3CCOCC3)c2)cnc1N)c1c(Cl)ccc(F)c1Cl,90.0
3886,C[C@@H](Oc1cc(-c2cnc(C3=CCNCC3)c(OCCN3CCOCC3)c2)cnc1N)c1c(Cl)ccc(F)c1Cl,13.1
3887,C[C@@H](Oc1cc(-c2cnc(N3CCNC[C@@H]3C)cc2OCCN2CCOCC2)cnc1N)c1c(Cl)ccc(F)c1Cl,92.9
3888,COc1cc(N2CCC(N(C)C)CC2)ccc1Nc1ncc(Cl)c(Nc2ccccc2C(=O)C(N)=O)n1,28.0
3889,COc1cc(Nc2ncc(Cl)c(Nc3ccccc3C(=O)C(=O)N(C)C)n2)ccc1N1CCN(C)CC1,12.0
3890,C=CC(=O)Nc1ccc(OC)c(Nc2ncc(Cl)c(Nc3ccccc3C(=O)C(=O)N(C)C)n2)c1,17.0
3891,CN(C)C(=O)C(=O)c1ccccc1Nc1cc(Cl)ccc1Cl,9.33
3892,C=CC(=O)N1CCOc2ccc(Nc3ncc(Cl)c(Nc4ccccc4C(=O)C(=O)N(C)C)n3)cc21,15.0
3893,C=CC(=O)Nc1cc(Nc2ncc(Cl)c(Nc3ccccc3C(=O)C(=O)N(C)C)n2)ccc1OCCN(C)C,8.62
3894,COc1cc(Nc2ncc(Cl)c(Nc3ccccc3C(=O)C(=O)N(C)C)n2)ccc1N1CCC(N(C)C)CC1,11.0
3895,CN1CCN(c2ccc(C(=O)Nc3n[nH]c4ccc(Cc5cc(F)cc(F)c5)cc34)c(NC3CCOCC3)c2)CC1,55.0
3896,CN1CCN(c2ccc(C(=O)Nc3n[nH]c4ccc(Cc5cc(F)cc(F)c5)cc34)cc2)CC1,207.0
3897,COCCNc1cc(N2CCN(C)CC2)ccc1C(=O)Nc1n[nH]c2ccc(Cc3cc(F)cc(F)c3)cc12,411.0
3898,CN1CCN(c2ccc(C(=O)Nc3n[nH]c4ccc(Cc5cc(F)cc(F)c5)cc34)c(NC3CCCCC3)c2)CC1,1771.0
3899,COc1ccc(C2(CN)CCCC2)cc1Nc1ncc(Cl)c(Nc2ccccc2S(=O)(=O)C(C)C)n1,2800.0
3900,COc1ccc(C2(CN)CCCCC2)cc1Nc1ncc(Cl)c(Nc2ccccc2S(=O)(=O)C(C)C)n1,430.0
3901,COc1ccc(CC2(N)CC2)cc1Nc1ncc(Cl)c(Nc2ccccc2S(=O)(=O)C(C)C)n1,12.0
3902,COc1ccc(CCN)cc1Nc1ncc(Cl)c(Nc2ccccc2S(=O)(=O)C(C)C)n1,0.44
3903,COc1ccc(C2(CN3CCCCC3)CCCC2)cc1Nc1ncc(Cl)c(Nc2ccccc2S(=O)(=O)C(C)C)n1,150.0
3904,COc1ccc(C2(CN3CCOCC3)CCCC2)cc1Nc1ncc(Cl)c(Nc2ccccc2S(=O)(=O)C(C)C)n1,160.0
3905,COc1ccc(NC(C)=O)cc1Nc1ncc(Cl)c(Nc2ccccc2S(=O)(=O)C(C)C)n1,10.0
3906,COc1ccc(CCNS(C)(=O)=O)cc1Nc1ncc(Cl)c(Nc2ccccc2S(=O)(=O)C(C)C)n1,10.0
3907,COc1ccc(CCN(C)C)cc1Nc1ncc(Cl)c(Nc2ccccc2S(=O)(=O)C(C)C)n1,3.7
3908,CNCCc1ccc(OC)c(Nc2ncc(Cl)c(Nc3ccccc3S(=O)(=O)C(C)C)n2)c1,4.0
3909,COc1ccc(CCNCc2ccccc2)cc1Nc1ncc(Cl)c(Nc2ccccc2S(=O)(=O)C(C)C)n1,4.0
3910,COc1ccc(CCNC(=O)Cc2ccccc2)cc1Nc1ncc(Cl)c(Nc2ccccc2S(=O)(=O)C(C)C)n1,20.0
3911,CCNCCc1ccc(OC)c(Nc2ncc(Cl)c(Nc3ccccc3S(=O)(=O)C(C)C)n2)c1,0.84
3912,CCN(CC)CCc1ccc(OC)c(Nc2ncc(Cl)c(Nc3ccccc3S(=O)(=O)C(C)C)n2)c1,1.9
3913,COc1ccc(CCNC(C)C)cc1Nc1ncc(Cl)c(Nc2ccccc2S(=O)(=O)C(C)C)n1,2.6
3914,CCNC(=O)NCCc1ccc(OC)c(Nc2ncc(Cl)c(Nc3ccccc3S(=O)(=O)C(C)C)n2)c1,10.0
3915,COc1ccc(CCNC(=O)NC2CCCCC2)cc1Nc1ncc(Cl)c(Nc2ccccc2S(=O)(=O)C(C)C)n1,40.0
3916,COc1ccc(CCNC(=O)Nc2ccccc2)cc1Nc1ncc(Cl)c(Nc2ccccc2S(=O)(=O)C(C)C)n1,300.0
3917,CNC(=S)NCCc1ccc(OC)c(Nc2ncc(Cl)c(Nc3ccccc3S(=O)(=O)C(C)C)n2)c1,30.0
3918,COc1ccc(CCNC(=S)NCc2ccccc2)cc1Nc1ncc(Cl)c(Nc2ccccc2S(=O)(=O)C(C)C)n1,10.0
3919,COc1ccc(CCN2CCCCC2)cc1Nc1ncc(Cl)c(Nc2ccccc2S(=O)(=O)C(C)C)n1,1.0
3920,COc1ccc(CCN2CCOCC2)cc1Nc1ncc(Cl)c(Nc2ccccc2S(=O)(=O)C(C)C)n1,10.0
3921,CCNC(=S)NCCc1ccc(OC)c(Nc2ncc(Cl)c(Nc3ccccc3S(=O)(=O)C(C)C)n2)c1,10.0
3922,COC(=O)CCNCCc1ccc(OC)c(Nc2ncc(Cl)c(Nc3ccccc3S(=O)(=O)C(C)C)n2)c1,0.88
3923,COc1ccc(CCNc2ncccn2)cc1Nc1ncc(Cl)c(Nc2ccccc2S(=O)(=O)C(C)C)n1,40.0
3924,COC(=O)CNCCc1ccc(OC)c(Nc2ncc(Cl)c(Nc3ccccc3S(=O)(=O)C(C)C)n2)c1,3.5
3925,COc1ccc(CCNCC(=O)O)cc1Nc1ncc(Cl)c(Nc2ccccc2S(=O)(=O)C(C)C)n1,3.8
3926,COc1ccc(CNC(=O)C(F)(F)F)cc1Nc1ncc(Cl)c(Nc2ccccc2S(=O)(=O)C(C)C)n1,97.0
3927,COc1ccc(CN)cc1Nc1ncc(Cl)c(Nc2ccccc2S(=O)(=O)C(C)C)n1,2.0
3928,COc1ccc(CCNC(=O)C(F)(F)F)cc1Nc1ncc(Cl)c(Nc2ccccc2S(=O)(=O)C(C)C)n1,50.0
3929,CC(C)Oc1ccc(CCN)cc1Nc1ncc(Cl)c(Nc2ccccc2S(=O)(=O)C(C)C)n1,10.0
3930,COc1ccc(CCN)cc1Nc1ncc(Cl)c(Nc2ccc(F)cc2S(=O)(=O)C(C)C)n1,30.0
3931,COc1ccc(CCN)cc1Nc1ncc(Cl)c(Nc2cc(F)ccc2S(=O)(=O)C(C)C)n1,420.0
3932,COc1ccc(CCN)cc1Nc1ncc(Cl)c(Nc2c(F)cccc2S(=O)(=O)C(C)C)n1,170.0
3933,COc1ccc(C(C)(C)CN)cc1Nc1ncc(Cl)c(Nc2ccccc2S(=O)(=O)C(C)C)n1,30.0
3934,COc1ccc(C(C)(C)CN)cc1Nc1ncc(Cl)c(Nc2ccc(F)cc2S(=O)(=O)C(C)C)n1,210.0
3935,COc1ccc(C(C)(C)CN)cc1Nc1ncc(Cl)c(Nc2cc(F)ccc2S(=O)(=O)C(C)C)n1,740.0
3936,COc1ccc(C(C)(C)CN)cc1Nc1ncc(Cl)c(Nc2c(F)cccc2S(=O)(=O)C(C)C)n1,2100.0
3937,COc1ccc(CCN(CCO)CCO)cc1Nc1ncc(Cl)c(Nc2ccccc2S(=O)(=O)C(C)C)n1,40.0
3938,COc1ccc(CCCNC(=O)C(F)(F)F)cc1Nc1ncc(Cl)c(Nc2ccccc2S(=O)(=O)C(C)C)n1,200.0
3939,COc1ccc(CCCN)cc1Nc1ncc(Cl)c(Nc2ccccc2S(=O)(=O)C(C)C)n1,3.1
3940,COc1ccc(CC(N)=O)cc1Nc1ncc(Cl)c(Nc2ccccc2S(=O)(=O)C(C)C)n1,10.0
3941,CCOCCOC(=O)Cc1ccc(OC)c(Nc2ncc(Cl)c(Nc3ccccc3S(=O)(=O)C(C)C)n2)c1,190.0
3942,COc1ccc(CC(=O)O)cc1Nc1ncc(Cl)c(Nc2ccccc2S(=O)(=O)C(C)C)n1,9.5
3943,COc1ccc(CC(=O)N2CCOCC2)cc1Nc1ncc(Cl)c(Nc2ccccc2S(=O)(=O)C(C)C)n1,26.0
3944,COc1ccc(CC(=O)N2CCCCC2)cc1Nc1ncc(Cl)c(Nc2ccccc2S(=O)(=O)C(C)C)n1,190.0
3945,COc1ccc(CC(=O)NCCO)cc1Nc1ncc(Cl)c(Nc2ccccc2S(=O)(=O)C(C)C)n1,12.0
3946,COc1ccc(CC(=O)N2CCNCC2)cc1Nc1ncc(Cl)c(Nc2ccccc2S(=O)(=O)C(C)C)n1,4.2
3947,COc1ccc(CC(=O)Nc2ccncc2)cc1Nc1ncc(Cl)c(Nc2ccccc2S(=O)(=O)C(C)C)n1,34.0
3948,COc1ccc(CC(=O)Nc2ccccc2)cc1Nc1ncc(Cl)c(Nc2ccccc2S(=O)(=O)C(C)C)n1,270.0
3949,COc1cc(Br)c(CCN)cc1Nc1ncc(Cl)c(Nc2ccccc2S(=O)(=O)C(C)C)n1,3.4
3950,COc1cc(C2=NC(C)N=C2)c(CCN)cc1Nc1ncc(Cl)c(Nc2ccccc2S(=O)(=O)C(C)C)n1,4.8
3951,COc1cc(CC#N)c(C)cc1Nc1ncc(Cl)c(Nc2ccccc2S(=O)(=O)C(C)C)n1,21.0
3952,COc1cc(C(C)(C)C#N)c(C)cc1Nc1ncc(Cl)c(Nc2ccccc2S(=O)(=O)C(C)C)n1,200.0
3953,COc1cc(CCN)c(C)cc1Nc1ncc(Cl)c(Nc2ccccc2S(=O)(=O)C(C)C)n1,2.7
3954,COc1cc(C(C)(C)CN)c(C)cc1Nc1ncc(Cl)c(Nc2ccccc2S(=O)(=O)C(C)C)n1,4.9
3955,COc1cc(C(C)(C)N)c(C)cc1Nc1ncc(Cl)c(Nc2ccccc2S(=O)(=O)C(C)C)n1,1.5
3956,COc1cc(CCN(C)C)c(C)cc1Nc1ncc(Cl)c(Nc2ccccc2S(=O)(=O)C(C)C)n1,1.4
3957,COc1cc(C(C)(C)CNC=O)c(C)cc1Nc1ncc(Cl)c(Nc2ccccc2S(=O)(=O)C(C)C)n1,7.8
3958,CNCC(C)(C)c1cc(OC)c(Nc2ncc(Cl)c(Nc3ccccc3S(=O)(=O)C(C)C)n2)cc1C,1.5
3959,COc1cc(C(C)(C)NC=O)c(C)cc1Nc1ncc(Cl)c(Nc2ccccc2S(=O)(=O)C(C)C)n1,2.1
3960,COc1cc(CCNC=O)c(C)cc1Nc1ncc(Cl)c(Nc2ccccc2S(=O)(=O)C(C)C)n1,4.0
3961,CNCCc1cc(OC)c(Nc2ncc(Cl)c(Nc3ccccc3S(=O)(=O)C(C)C)n2)cc1C,1.5
3962,CNC(C)(C)c1cc(OC)c(Nc2ncc(Cl)c(Nc3ccccc3S(=O)(=O)C(C)C)n2)cc1C,1.2
3963,COc1cc(C(C)(C)CN(C)C)c(C)cc1Nc1ncc(Cl)c(Nc2ccccc2S(=O)(=O)C(C)C)n1,2.2
3964,COc1cc(C(C)(C)N(C)C)c(C)cc1Nc1ncc(Cl)c(Nc2ccccc2S(=O)(=O)C(C)C)n1,2.8
3965,COc1cc(CN)c(C)cc1Nc1ncc(Cl)c(Nc2ccccc2S(=O)(=O)C(C)C)n1,1.93
3966,COc1cc(C[N+](C)(C)C)c(C)cc1Nc1ncc(Cl)c(Nc2ccccc2S(=O)(=O)C(C)C)n1,2.0
3967,COc1cc(CN(C)C)c(C)cc1Nc1ncc(Cl)c(Nc2ccccc2S(=O)(=O)C(C)C)n1,3.37
3968,COc1cc(CNC=O)c(C)cc1Nc1ncc(Cl)c(Nc2ccccc2S(=O)(=O)C(C)C)n1,4.72
3969,CNCc1cc(OC)c(Nc2ncc(Cl)c(Nc3ccccc3S(=O)(=O)C(C)C)n2)cc1C,1.74
3970,COc1ccc(CCN2CCNCC2)cc1Nc1ncc(Cl)c(Nc2ccccc2S(=O)(=O)C(C)C)n1,1.0
3971,COc1ccc(C2(CN)CCCC2)cc1Nc1ncc(Cl)c(Nc2ccccc2S(=O)(=O)C(C)C)n1,3880.0
3972,COc1ccc(C2(CN)CCCCC2)cc1Nc1ncc(Cl)c(Nc2ccccc2S(=O)(=O)C(C)C)n1,1190.0
3973,COc1ccc(CC2(N)CC2)cc1Nc1ncc(Cl)c(Nc2ccccc2S(=O)(=O)C(C)C)n1,21.0
3974,COc1ccc(CCN)cc1Nc1ncc(Cl)c(Nc2ccccc2S(=O)(=O)C(C)C)n1,0.85
3975,COc1ccc(C2(CN3CCCCC3)CCCC2)cc1Nc1ncc(Cl)c(Nc2ccccc2S(=O)(=O)C(C)C)n1,100.0
3976,COc1ccc(C2(CN3CCOCC3)CCCC2)cc1Nc1ncc(Cl)c(Nc2ccccc2S(=O)(=O)C(C)C)n1,10000.0
3977,COc1ccc(NC(C)=O)cc1Nc1ncc(Cl)c(Nc2ccccc2S(=O)(=O)C(C)C)n1,50.0
3978,COc1ccc(CCNS(C)(=O)=O)cc1Nc1ncc(Cl)c(Nc2ccccc2S(=O)(=O)C(C)C)n1,100.0
3979,COc1ccc(CCN(C)C)cc1Nc1ncc(Cl)c(Nc2ccccc2S(=O)(=O)C(C)C)n1,10.0
3980,CNCCc1ccc(OC)c(Nc2ncc(Cl)c(Nc3ccccc3S(=O)(=O)C(C)C)n2)c1,50.0
3981,COc1ccc(CCNCc2ccccc2)cc1Nc1ncc(Cl)c(Nc2ccccc2S(=O)(=O)C(C)C)n1,40.0
3982,COc1ccc(CCNC(=O)Cc2ccccc2)cc1Nc1ncc(Cl)c(Nc2ccccc2S(=O)(=O)C(C)C)n1,320.0
3983,CCNCCc1ccc(OC)c(Nc2ncc(Cl)c(Nc3ccccc3S(=O)(=O)C(C)C)n2)c1,10.0
3984,CCN(CC)CCc1ccc(OC)c(Nc2ncc(Cl)c(Nc3ccccc3S(=O)(=O)C(C)C)n2)c1,10.0
3985,COc1ccc(CCNC(C)C)cc1Nc1ncc(Cl)c(Nc2ccccc2S(=O)(=O)C(C)C)n1,20.0
3986,CCNC(=O)NCCc1ccc(OC)c(Nc2ncc(Cl)c(Nc3ccccc3S(=O)(=O)C(C)C)n2)c1,60.0
3987,COc1ccc(CCNC(=O)NC2CCCCC2)cc1Nc1ncc(Cl)c(Nc2ccccc2S(=O)(=O)C(C)C)n1,780.0
3988,COc1ccc(CCNC(=O)Nc2ccccc2)cc1Nc1ncc(Cl)c(Nc2ccccc2S(=O)(=O)C(C)C)n1,2200.0
3989,CNC(=S)NCCc1ccc(OC)c(Nc2ncc(Cl)c(Nc3ccccc3S(=O)(=O)C(C)C)n2)c1,240.0
3990,COc1ccc(CCNC(=S)NCc2ccccc2)cc1Nc1ncc(Cl)c(Nc2ccccc2S(=O)(=O)C(C)C)n1,60.0
3991,COc1ccc(CCN2CCCCC2)cc1Nc1ncc(Cl)c(Nc2ccccc2S(=O)(=O)C(C)C)n1,10.0
3992,COc1ccc(CCN2CCOCC2)cc1Nc1ncc(Cl)c(Nc2ccccc2S(=O)(=O)C(C)C)n1,30.0
3993,CCNC(=S)NCCc1ccc(OC)c(Nc2ncc(Cl)c(Nc3ccccc3S(=O)(=O)C(C)C)n2)c1,180.0
3994,COC(=O)CCNCCc1ccc(OC)c(Nc2ncc(Cl)c(Nc3ccccc3S(=O)(=O)C(C)C)n2)c1,10.0
3995,COc1ccc(CCNc2ncccn2)cc1Nc1ncc(Cl)c(Nc2ccccc2S(=O)(=O)C(C)C)n1,230.0
3996,COC(=O)CNCCc1ccc(OC)c(Nc2ncc(Cl)c(Nc3ccccc3S(=O)(=O)C(C)C)n2)c1,20.0
3997,COc1ccc(CCNCC(=O)O)cc1Nc1ncc(Cl)c(Nc2ccccc2S(=O)(=O)C(C)C)n1,20.0
3998,COc1ccc(CNC(=O)C(F)(F)F)cc1Nc1ncc(Cl)c(Nc2ccccc2S(=O)(=O)C(C)C)n1,660.0
3999,COc1ccc(CN)cc1Nc1ncc(Cl)c(Nc2ccccc2S(=O)(=O)C(C)C)n1,14.0
4000,COc1ccc(CCNC(=O)C(F)(F)F)cc1Nc1ncc(Cl)c(Nc2ccccc2S(=O)(=O)C(C)C)n1,1000.0
4001,CC(C)Oc1ccc(CCN)cc1Nc1ncc(Cl)c(Nc2ccccc2S(=O)(=O)C(C)C)n1,60.0
4002,COc1ccc(CCN)cc1Nc1ncc(Cl)c(Nc2ccc(F)cc2S(=O)(=O)C(C)C)n1,110.0
4003,COc1ccc(CC(=O)O)cc1Nc1ncc(Cl)c(Nc2ccccc2S(=O)(=O)C(C)C)n1,45.0
4004,COc1cc(CC#N)c(C)cc1Nc1ncc(Cl)c(Nc2ccccc2S(=O)(=O)C(C)C)n1,36.0
4005,COc1cc(C(C)(C)C#N)c(C)cc1Nc1ncc(Cl)c(Nc2ccccc2S(=O)(=O)C(C)C)n1,570.0
4006,COc1cc(CCN)c(C)cc1Nc1ncc(Cl)c(Nc2ccccc2S(=O)(=O)C(C)C)n1,1.7
4007,COc1cc(C(C)(C)CN)c(C)cc1Nc1ncc(Cl)c(Nc2ccccc2S(=O)(=O)C(C)C)n1,3.4
4008,COc1cc(C(C)(C)N)c(C)cc1Nc1ncc(Cl)c(Nc2ccccc2S(=O)(=O)C(C)C)n1,1.6
4009,COc1cc(CCN(C)C)c(C)cc1Nc1ncc(Cl)c(Nc2ccccc2S(=O)(=O)C(C)C)n1,1.3
4010,COc1cc(C(C)(C)CNC=O)c(C)cc1Nc1ncc(Cl)c(Nc2ccccc2S(=O)(=O)C(C)C)n1,6.1
4011,CNCC(C)(C)c1cc(OC)c(Nc2ncc(Cl)c(Nc3ccccc3S(=O)(=O)C(C)C)n2)cc1C,1.7
4012,COc1cc(C(C)(C)NC=O)c(C)cc1Nc1ncc(Cl)c(Nc2ccccc2S(=O)(=O)C(C)C)n1,2.5
4013,COc1cc(CCNC=O)c(C)cc1Nc1ncc(Cl)c(Nc2ccccc2S(=O)(=O)C(C)C)n1,4.4
4014,CNCCc1cc(OC)c(Nc2ncc(Cl)c(Nc3ccccc3S(=O)(=O)C(C)C)n2)cc1C,1.9
4015,CNC(C)(C)c1cc(OC)c(Nc2ncc(Cl)c(Nc3ccccc3S(=O)(=O)C(C)C)n2)cc1C,1.4
4016,COc1cc(C(C)(C)CN(C)C)c(C)cc1Nc1ncc(Cl)c(Nc2ccccc2S(=O)(=O)C(C)C)n1,3.6
4017,COc1cc(C(C)(C)N(C)C)c(C)cc1Nc1ncc(Cl)c(Nc2ccccc2S(=O)(=O)C(C)C)n1,1.5
4018,COc1cc(CN)c(C)cc1Nc1ncc(Cl)c(Nc2ccccc2S(=O)(=O)C(C)C)n1,2.1
4019,COc1cc(C[N+](C)(C)C)c(C)cc1Nc1ncc(Cl)c(Nc2ccccc2S(=O)(=O)C(C)C)n1,2.0
4020,COc1cc(CN(C)C)c(C)cc1Nc1ncc(Cl)c(Nc2ccccc2S(=O)(=O)C(C)C)n1,2.1
4021,COc1cc(CNC=O)c(C)cc1Nc1ncc(Cl)c(Nc2ccccc2S(=O)(=O)C(C)C)n1,2.8
4022,CNCc1cc(OC)c(Nc2ncc(Cl)c(Nc3ccccc3S(=O)(=O)C(C)C)n2)cc1C,2.2
4023,CN1CCN(c2ccc(C(=O)Nc3n[nH]c4ccc(Cc5cc(F)cc(F)c5)cc34)c(NC3CCOCC3)c2)CC1,55.0
4024,CN1CCN(c2ccc(C(=O)Nc3n[nH]c4ccc(Cc5cc(F)cc(F)c5)cc34)cc2)CC1,207.0
4025,COCCNc1cc(N2CCN(C)CC2)ccc1C(=O)Nc1n[nH]c2ccc(Cc3cc(F)cc(F)c3)cc12,411.0
4026,CN1CCN(c2ccc(C(=O)Nc3n[nH]c4ccc(Cc5cc(F)cc(F)c5)cc34)c(NC3CCCCC3)c2)CC1,1771.0
4027,C=CC(=O)Nc1cccc(Nc2nc(Nc3ccc(N4CCN(C(C)=O)CC4)cc3OC)ncc2C(F)(F)F)c1,145.0
4028,COc1cc(N2CCC(N(C)C)CC2)ccc1Nc1ncc(Cl)c(Nc2ccccc2C(=O)C(N)=O)n1,27.9
4029,COc1cc(Nc2ncc(Cl)c(Nc3ccccc3C(=O)C(=O)N(C)C)n2)ccc1N1CCN(C)CC1,12.2
4030,C=CC(=O)Nc1ccc(OC)c(Nc2ncc(Cl)c(Nc3ccccc3C(=O)C(=O)N(C)C)n2)c1,17.3
4031,C=CC(=O)Nc1cc(Nc2ncc(Cl)c(Nc3ccccc3C(=O)C(=O)N(C)C)n2)c(OC)cc1N1CCN(C)CC1,9.33
4032,C=CC(=O)N1CCOc2ccc(Nc3ncc(Cl)c(Nc4ccccc4C(=O)C(=O)N(C)C)n3)cc21,15.1
4033,C=CC(=O)Nc1cc(Nc2ncc(Cl)c(Nc3ccccc3C(=O)C(=O)N(C)C)n2)ccc1OCCN(C)C,8.62
4034,COc1cc(Nc2ncc(Cl)c(Nc3ccccc3C(=O)C(=O)N(C)C)n2)ccc1N1CCC(N(C)C)CC1,10.8
4035,Cc1cc(Nc2ncc(Cl)c(Nc3ccccc3S(=O)(=O)C(C)C)n2)c(OC(C)C)cc1C1CCNCC1,5.0
4036,Cc1cc(Nc2ncc(Cl)c(Nc3ccccc3S(=O)(=O)C(C)C)n2)c(OC(C)C)cc1C1CCNCC1,5.0
4037,Cc1cc(Nc2ncc(Cl)c(Nc3ccccc3S(=O)(=O)C(C)C)n2)c(OC(C)C)cc1C1CCNCC1,5.0
4038,Cc1cc(Nc2ncc(Cl)c(Nc3ccccc3S(=O)(=O)C(C)C)n2)c(OC(C)C)cc1C1CCNCC1,5.0
4039,Cc1cc(Nc2ncc(Cl)c(Nc3ccccc3S(=O)(=O)C(C)C)n2)c(OC(C)C)cc1C1CCNCC1,5.0
4040,Cc1cc(Nc2ncc(Cl)c(Nc3ccccc3S(=O)(=O)C(C)C)n2)c(OC(C)C)cc1C1CCNCC1,5.0
4041,Cc1cc(Nc2ncc(Cl)c(Nc3ccccc3S(=O)(=O)C(C)C)n2)c(OC(C)C)cc1C1CCNCC1,5.0
4042,Cc1cc(Nc2ncc(Cl)c(Nc3ccccc3S(=O)(=O)C(C)C)n2)c(OC(C)C)cc1C1CCNCC1,5.0
4043,Cc1cc(Nc2ncc(Cl)c(Nc3ccccc3S(=O)(=O)C(C)C)n2)c(OC(C)C)cc1C1CCNCC1,5.0
4044,Cc1cc(Nc2ncc(Cl)c(Nc3ccccc3S(=O)(=O)C(C)C)n2)c(OC(C)C)cc1C1CCNCC1,5.0
4045,Cc1cc(Nc2ncc(Cl)c(Nc3ccccc3S(=O)(=O)C(C)C)n2)c(OC(C)C)cc1C1CCNCC1,5.0
4046,Cc1cc(Nc2ncc(Cl)c(Nc3ccccc3S(=O)(=O)C(C)C)n2)c(OC(C)C)cc1C1CCNCC1,5.0
4047,Cc1cc(Nc2ncc(Cl)c(Nc3ccccc3S(=O)(=O)C(C)C)n2)c(OC(C)C)cc1C1CCNCC1,5.0
4048,Cc1cc(Nc2ncc(Cl)c(Nc3ccccc3S(=O)(=O)C(C)C)n2)c(OC(C)C)cc1C1CCNCC1,5.0
4049,Cc1cc(Nc2ncc(Cl)c(Nc3ccccc3S(=O)(=O)C(C)C)n2)c(OC(C)C)cc1C1CCNCC1,5.0
4050,Cc1cc(Nc2ncc(Cl)c(Nc3ccccc3S(=O)(=O)C(C)C)n2)c(OC(C)C)cc1C1CCNCC1,5.0
4051,COc1cc(C2CCNCC2)ccc1Nc1ncc2scc(-c3ccccc3N(C)CS(C)(=O)=O)c2n1,5.5
4052,COc1cc(C2CCNCC2)ccc1Nc1ncc2sc(C)c(-c3cccc4c3OCC4)c2n1,14.0
4053,COc1cc(C2CCNCC2)ccc1Nc1ncc2sc(C)c(-c3ccccc3OC)c2n1,6.4
4054,COc1ccccc1-c1c(C)sc2cnc(Nc3ccc(C4CCNCC4)cc3OC(C)C)nc12,27.7
4055,COc1ccccc1-c1c(C)sc2cnc(Nc3ccc(C4CCNCC4)c4c3OCC4)nc12,3.3
4056,CCOc1ccccc1-c1c(C)sc2cnc(Nc3ccc(C4CCNCC4)c4c3OCC4)nc12,9.3
4057,COc1cc(C(F)(F)F)ccc1-c1c(C)sc2cnc(Nc3ccc(C4CCN(C(=O)OC(C)(C)C)CC4O)c4c3OCC4)nc12,2.1
4058,COc1cc(C(F)(F)F)ccc1-c1c(C)sc2cnc(Nc3ccc(C4CCNCC4)c4c3OCC4)nc12,9.1
4059,COc1cc(C2CCNCC2)ccc1Nc1ncc2cccc(-c3ccccc3OC)c2n1,12.8
4060,COc1ccccc1-c1cc(F)cc2cnc(Nc3ccc(C4CCNCC4)c4c3OCC4)nc12,34.0
4061,COc1ccccc1-c1cccc2cnc(Nc3ccc(C4CCNCC4)c4c3OCC4)nc12,12.0
4062,COc1ccccc1-c1cccc2cnc(Nc3ccc(C4CCNCC4)c4c3OC(C)(C)C4)nc12,36.0
4063,COc1ccccc1-c1cccc2cnc(Nc3cc(C4CCNCC4)nn3C(C)C)nc12,27.0
4064,COc1cc(F)ccc1-c1cccc2cnc(Nc3ccc(C4CCNCC4)c4c3OCC4)nc12,5.1
4065,COc1cc(F)ccc1-c1cccc2cnc(Nc3cc(C4CCNCC4)nn3C(C)C)nc12,34.0
4066,COc1ccc(F)cc1-c1cccc2cnc(Nc3ccc(C4CCN(C(=O)OC(C)(C)C)CC4)c4c3OCC4)nc12,14.0
4067,COc1cc(C(F)(F)F)ccc1-c1cccc2cnc(Nc3ccc(C4CCNCC4)c4c3OCC4)nc12,14.0
4068,COc1cc(C(F)(F)F)ccc1-c1cccc2cnc(Nc3ccc(C4CCN(C(=O)OC(C)(C)C)CC4O)c4c3OCC4)nc12,2.3
4069,COc1cc(C(=O)N2CCOCC2)ccc1-c1cccc2cnc(Nc3ccc(C4CCNCC4)c4c3OCC4)nc12,35.0
4070,COc1cc(C(N)=O)ccc1-c1cccc2cnc(Nc3ccc(C4CCNCC4)c4c3OCC4)nc12,2.5
4071,COc1cc(S(C)(=O)=O)ccc1-c1cccc2cnc(Nc3ccc(C4CCNCC4)c4c3OCC4)nc12,14.0
4072,COc1cc(S(C)(=O)=O)ccc1-c1cccc2cnc(Nc3ccc(C4CCNCC4)c4c3OC(C)C4)nc12,3.4
4073,COc1cc(C(F)(F)F)ccc1-c1cccc2cnc(Nc3ccc(C4(O)CCNCC4)c4c3OCC4)nc12,3.3
4074,COc1cc(F)ccc1-c1cccc2cnc(Nc3ccc(C(=O)NC4CCNCC4)c4c3OCC4)nc12,12.0
4075,COc1ccccc1C1=C(C)SC2C=NC(Nc3cc(C4CCNCC4)nn3C(C)C)=NC12,2.7
4076,COc1ccccc1C1=C(C)SC2C=NC(Nc3ccc(C4CCNCC4)c4c3OC(C)(C)C4)=NC12,10.9
4077,COc1cc(N2CCN(C)CC2)ccc1Nc1ncc(Cl)c(NCCc2c(F)cccc2Cl)n1,7.0
4078,COc1ccccc1CCNc1nc(Nc2ccc(N3CCN(C)CC3)cc2OC)ncc1Cl,2.0
4079,COc1cc(N2CCN(C)CC2)ccc1Nc1ncc(Cl)c(NC[C@H]2CCCO2)n1,34.0
4080,C[C@H]1Oc2cc(cnc2N)-c2c(nn(C)c2C#N)CN(C)C(=O)c2ccccc21,1.0
4081,C[C@H]1Oc2cc(cnc2N)-c2c(nn(C)c2C#N)CN(C)C(=O)c2ccccc21,5.5
4082,C[C@@H]1Oc2cc(cnc2N)-c2c(nn(C)c2C#N)CN(C)C(=O)c2ccc(F)cc21,1.0
4083,C[C@@H]1Oc2cc(cnc2N)-c2c(nn(C)c2C#N)CN(C)C(=O)c2ccc(F)cc21,55.0
4084,CC1Oc2cc(cnc2N)-c2c(nn(C)c2C#N)CN(C)C(=O)c2ccc(F)cc21,1.0
4085,CC1Oc2cc(cnc2N)-c2c(nn(C)c2C#N)CN(C)C(=O)c2ccc(F)cc21,55.0
4086,CC1Oc2cc(cnc2N)-c2c(nn(C)c2C#N)CN(C)C(=O)c2ccc(F)cc21,1.0
4087,CC1Oc2cc(cnc2N)-c2c(nn(C)c2C#N)CN(C)C(=O)c2ccc(F)cc21,55.0
4088,CC1Oc2cc(cnc2N)-c2c(nn(C)c2C#N)CN(C)C(=O)c2ccc(F)cc21,1.0
4089,CC1Oc2cc(cnc2N)-c2c(nn(C)c2C#N)CN(C)C(=O)c2ccc(F)cc21,55.0
4090,CC1Oc2cc(cnc2N)-c2c(nn(C)c2C#N)CN(C)C(=O)c2ccc(F)cc21,1.0
4091,CC1Oc2cc(cnc2N)-c2c(nn(C)c2C#N)CN(C)C(=O)c2ccc(F)cc21,55.0
4092,CC1Oc2cc(cnc2N)-c2c(nn(C)c2C#N)CN(C)C(=O)c2ccc(F)cc21,1.0
4093,CC1Oc2cc(cnc2N)-c2c(nn(C)c2C#N)CN(C)C(=O)c2ccc(F)cc21,55.0
4094,C[C@H]1Oc2cc(cnc2N)-c2c(nn(C)c2C#N)CN(C)C(=O)c2ccc(F)cc21,1.0
4095,C[C@H]1Oc2cc(cnc2N)-c2c(nn(C)c2C#N)CN(C)C(=O)c2ccc(F)cc21,55.0
4096,C[C@@H](Oc1cc(-c2cnn(C3CCNCC3)c2)cnc1N)c1c(Cl)ccc(F)c1Cl,5.5
4097,C[C@@H](Oc1cc(-c2cnn(C3CCNCC3)c2)cnc1N)c1c(Cl)ccc(F)c1Cl,55.0
4098,COc1cc(C2CCNCC2)ccc1Nc1ncc2scc(-c3ccccc3N(C)S(C)(=O)=O)c2n1,5.5
4099,COc1cc(C2CCNCC2)ccc1Nc1ncc2sc(C)c(-c3ccccc3N(C)S(C)(=O)=O)c2n1,14.0
4100,COc1cc(C2CCNCC2)ccc1Nc1ncc2sc(C)c(-c3ccccc3OC)c2n1,6.4
4101,COc1ccccc1-c1c(C)sc2cnc(Nc3ccc(C4CCN(C(=O)OC(C)(C)C)CC4)cc3OC(C)C)nc12,27.7
4102,COc1ccccc1-c1c(C)sc2cnc(Nc3ccc(C4CCNCC4)c4c3OCC4)nc12,3.3
4103,CCOc1ccccc1-c1c(C)sc2cnc(Nc3ccc(C4CCNCC4)c4c3OCC4)nc12,9.3
4104,COc1cc(C(F)(F)F)ccc1-c1c(C)sc2cnc(Nc3ccc(C4CCNCC4O)c4c3OCC4)nc12,2.1
4105,COc1cc(C(F)(F)F)ccc1-c1c(C)sc2cnc(Nc3ccc(C4CCNCC4)c4c3OCC4)nc12,9.1
4106,COc1cc(C2CCNCC2)ccc1Nc1ncc2cccc(-c3ccccc3OC)c2n1,12.8
4107,COc1ccccc1-c1cc(F)cc2cnc(Nc3ccc(C4CCNCC4)c4c3OCC4)nc12,34.0
4108,COc1ccccc1-c1cccc2cnc(Nc3ccc(C4CCNCC4)c4c3OCC4)nc12,12.0
4109,COc1ccccc1-c1cccc2cnc(Nc3ccc(C4CCNCC4)c4c3OC(C)(C)C4)nc12,36.0
4110,COc1ccccc1-c1cccc2cnc(Nc3cc(C4CCNCC4)nn3C(C)C)nc12,27.0
4111,COc1cc(F)ccc1-c1cccc2cnc(Nc3ccc(C4CCNCC4)c4c3OCC4)nc12,5.1
4112,COc1cc(F)ccc1-c1cccc2cnc(Nc3cc(C4CCNCC4)nn3C(C)C)nc12,34.0
4113,COc1ccc(F)cc1-c1cccc2cnc(Nc3ccc(C4CCNCC4)c4c3OCC4)nc12,14.0
4114,COc1cc(C(F)(F)F)ccc1-c1cccc2cnc(Nc3ccc(C4CCNCC4)c4c3OCC4)nc12,14.0
4115,COc1cc(C(F)(F)F)ccc1-c1cccc2cnc(Nc3ccc(C4CCNCC4O)c4c3OCC4)nc12,2.3
4116,COc1cc(C(=O)N2CCOCC2)ccc1-c1cccc2cnc(Nc3ccc(C4CCNCC4)c4c3OCC4)nc12,35.0
4117,COc1cc(C(N)=O)ccc1-c1cccc2cnc(Nc3ccc(C4CCNCC4)c4c3OCC4)nc12,2.5
4118,COc1cc(S(C)(=O)=O)ccc1-c1cccc2cnc(Nc3ccc(C4CCNCC4)c4c3OCC4)nc12,14.0
4119,COc1cc(S(C)(=O)=O)ccc1-c1cccc2cnc(Nc3ccc(C4CCNCC4)c4c3OC(C)C4)nc12,3.4
4120,COc1cc(C(F)(F)F)ccc1-c1cccc2cnc(Nc3ccc(C4(O)CCNCC4)c4c3OCC4)nc12,3.3
4121,COc1cc(F)ccc1-c1cccc2cnc(Nc3ccc(C(=O)NC4CCNCC4)c4c3OCC4)nc12,12.0
4122,COc1ccccc1C1=C(C)SC2C=NC(Nc3cc(C4CCNCC4)nn3C(C)C)=NC12,2.7
4123,COc1ccccc1C1=C(C)SC2C=NC(Nc3ccc(C4CCNCC4)c4c3OC(C)(C)C4)=NC12,10.9
4124,Cc1cc(Nc2ncc(Cl)c(Nc3ccccc3S(=O)(=O)C(C)C)n2)c(OC(C)C)cc1C1CCNCC1,5.0
4125,Cc1cc(Nc2ncc(Cl)c(Nc3ccccc3S(=O)(=O)C(C)C)n2)c(OC(C)C)cc1C1CCNCC1,5.0
4126,Cc1cc(Nc2ncc(Cl)c(Nc3ccccc3S(=O)(=O)C(C)C)n2)c(OC(C)C)cc1C1CCNCC1,5.0
4127,Cc1cc(Nc2ncc(Cl)c(Nc3ccccc3S(=O)(=O)C(C)C)n2)c(OC(C)C)cc1C1CCNCC1,5.0
4128,Cc1cc(Nc2ncc(Cl)c(Nc3ccccc3S(=O)(=O)C(C)C)n2)c(OC(C)C)cc1C1CCNCC1,5.0
4129,Cc1cc(Nc2ncc(Cl)c(Nc3ccccc3S(=O)(=O)C(C)C)n2)c(OC(C)C)cc1C1CCNCC1,5.0
4130,Cc1cc(Nc2ncc(Cl)c(Nc3ccccc3S(=O)(=O)C(C)C)n2)c(OC(C)C)cc1C1CCNCC1,5.0
4131,Cc1cc(Nc2ncc(Cl)c(Nc3ccccc3S(=O)(=O)C(C)C)n2)c(OC(C)C)cc1C1CCNCC1,5.0
4132,Cc1cc(Nc2ncc(Cl)c(Nc3ccccc3S(=O)(=O)C(C)C)n2)c(OC(C)C)cc1C1CCNCC1,5.0
4133,Cc1cc(Nc2ncc(Cl)c(Nc3ccccc3S(=O)(=O)C(C)C)n2)c(OC(C)C)cc1C1CCNCC1,5.0
4134,Cc1cc(Nc2ncc(Cl)c(Nc3ccccc3S(=O)(=O)C(C)C)n2)c(OC(C)C)cc1C1CCNCC1,5.0
4135,Cc1cc(Nc2ncc(Cl)c(Nc3ccccc3S(=O)(=O)C(C)C)n2)c(OC(C)C)cc1C1CCNCC1,5.0
4136,Cc1cc(Nc2ncc(Cl)c(Nc3ccccc3S(=O)(=O)C(C)C)n2)c(OC(C)C)cc1C1CCNCC1,5.0
4137,Cc1cc(Nc2ncc(Cl)c(Nc3ccccc3S(=O)(=O)C(C)C)n2)c(OC(C)C)cc1C1CCNCC1,5.0
4138,Cc1cc(Nc2ncc(Cl)c(Nc3ccccc3S(=O)(=O)C(C)C)n2)c(OC(C)C)cc1C1CCNCC1,5.0
4139,Cc1cc(Nc2ncc(Cl)c(Nc3ccccc3S(=O)(=O)C(C)C)n2)c(OC(C)C)cc1C1CCNCC1,5.0
4140,COc1cc(C2CCNCC2)c(C)cc1Nc1nccc(Nc2ccccc2S(=O)(=O)C(C)C)n1,5.5
4141,COc1cc(C2CCNCC2)c(C)cc1Nc1ncc(F)c(Nc2ccccc2S(=O)(=O)C(C)C)n1,5.5
4142,COc1cc(C2CCNCC2)c(C)cc1Nc1ncc(Cl)c(Nc2ccccc2S(=O)(=O)C(C)C)n1,5.5
4143,COc1cc(C2CCNCC2)c(C)cc1Nc1ncc(Br)c(Nc2ccccc2S(=O)(=O)C(C)C)n1,5.5
4144,COc1cc(C2CCNCC2)c(C)cc1Nc1ncc(C(F)(F)F)c(Nc2ccccc2S(=O)(=O)C(C)C)n1,5.5
4145,COc1cc(C2CCNCC2)c(C)cc1Nc1ncc(C#N)c(Nc2ccccc2S(=O)(=O)C(C)C)n1,5.5
4146,COc1cc(C2CCNCC2)c(C)cc1Nc1ncc(OC)c(Nc2ccccc2S(=O)(=O)C(C)C)n1,5.5
4147,COc1cc(C2CCNCC2)c(C)cc1Nc1ncc(C)c(Nc2ccccc2S(=O)(=O)C(C)C)n1,5.5
4148,CCc1cnc(Nc2cc(C)c(C3CCNCC3)cc2OC)nc1Nc1ccccc1S(=O)(=O)C(C)C,5.5
4149,COc1cc(C2CCNCC2)c(C)cc1Nc1ncc([N+](=O)[O-])c(Nc2ccccc2S(=O)(=O)C(C)C)n1,5.5
4150,COc1cc(C2CCNCC2)c(C)cc1Nc1ncc(-c2ccccc2)c(Nc2ccccc2S(=O)(=O)C(C)C)n1,55.0
4151,C=Cc1cnc(Nc2cc(C)c(C3CCNCC3)cc2OC)nc1Nc1ccccc1S(=O)(=O)C(C)C,5.5
4152,C#Cc1cnc(Nc2cc(C)c(C3CCNCC3)cc2OC)nc1Nc1ccccc1S(=O)(=O)C(C)C,5.5
4153,CCOc1cc(C2CCNCC2)c(C)cc1Nc1ncc(Cl)c(Nc2ccccc2S(=O)(=O)C(C)C)n1,5.5
4154,COc1cc(C2CCNCC2)ccc1Nc1ncc(Cl)c(Nc2ccccc2S(=O)(=O)C(C)C)n1,5.5
4155,COc1cc(N2CCNCC2)ccc1Nc1ncc(Cl)c(Nc2ccccc2S(=O)(=O)C(C)C)n1,5.5
4156,COc1cc(N2CCNCC2)c(C)cc1Nc1ncc(Cl)c(Nc2ccccc2S(=O)(=O)C(C)C)n1,5.5
4157,COc1cc(C2CCNCC2)c(Cl)cc1Nc1ncc(Cl)c(Nc2ccccc2S(=O)(=O)C(C)C)n1,5.5
4158,CCOc1cc(C2CCNCC2)c(Cl)cc1Nc1ncc(Cl)c(Nc2ccccc2S(=O)(=O)C(C)C)n1,5.5
4159,CCOc1cc(C2CCNCC2)ccc1Nc1ncc(Cl)c(Nc2ccccc2S(=O)(=O)C(C)C)n1,5.5
4160,COc1cc(C2CCNCC2)c(F)cc1Nc1ncc(Cl)c(Nc2ccccc2S(=O)(=O)C(C)C)n1,5.5
4161,COc1cc(C2CCNCC2)c(C(F)(F)F)cc1Nc1ncc(Cl)c(Nc2ccccc2S(=O)(=O)C(C)C)n1,5.5
4162,COc1cc(C2CCNCC2)c(C#N)cc1Nc1ncc(Cl)c(Nc2ccccc2S(=O)(=O)C(C)C)n1,5.5
4163,COc1cc(N2CCC(N3CCN(C)CC3)CC2)ccc1Nc1nc(Nc2ccccc2S(=O)(=O)C(C)C)c2cc[nH]c2n1,55.0
4164,COc1cc(N2CCC(N3CCN(C)CC3)CC2)ccc1Nc1nc(Nc2ccccc2S(=O)(=O)C(C)C)c2[nH]ccc2n1,55.0
4165,COc1cc(N2CCC(N(C)C)CC2)ccc1Nc1nc(Nc2ccccc2S(=O)(=O)C(C)C)c2ccsc2n1,55.0
4166,COc1cc(N2CCC(N(C)C)CC2)ccc1Nc1nc(Nc2ccccc2S(=O)(=O)C(C)C)c2sccc2n1,55.0
4167,COc1cc(N2CCC(N3CCOCC3)CC2)ccc1Nc1nc(Nc2ccccc2S(=O)(=O)C(C)C)c2ccccc2n1,55.0
4168,COc1cc(C2CCNCC2)c(C)cc1Nc1nc(Nc2ccccc2S(=O)(=O)C(C)C)c2ccccc2n1,55.0
4169,COc1cc(C2CCNCC2)c(C)cc1Nc1nc(Nc2ccccc2S(=O)(=O)C(C)C)c2cc[nH]c2n1,55.0
4170,COc1cc(C2CCNCC2)c(C)cc1Nc1nc(Nc2ccccc2S(=O)(=O)C(C)C)c2[nH]ccc2n1,55.0
4171,COc1cc(C2CCNCC2)c(C)cc1Nc1nc(Nc2ccccc2S(=O)(=O)C(C)C)c2ccsc2n1,55.0
4172,COc1cc(N2CCC(N3CCSCC3)CC2)ccc1Nc1ncc(Cl)c(Nc2ccccc2S(=O)(=O)C(C)C)n1,5.5
4173,COc1cc(N2CCC(N3CCC(N)CC3)CC2)ccc1Nc1ncc(Cl)c(Nc2ccccc2S(=O)(=O)C(C)C)n1,5.5
4174,COc1cc(N2CCC(N3CCOCC3)CC2)ccc1Nc1ncc(Cl)c(Nc2ccccc2S(=O)(=O)C(C)C)n1,5.5
4175,COc1cc(N2CCC(N3CCN(C)CC3)CC2)ccc1Nc1ncc(Cl)c(Nc2ccccc2S(=O)(=O)C(C)C)n1,5.5
4176,COc1cc(C2CCNCC2)c(C)cc1Nc1ncc(Cl)c(Nc2ccccc2P(C)(C)=O)n1,5.5
4177,COc1cc(C2CCNCC2)c(C)cc1Nc1ncc(Cl)c(Nc2ccccc2P(C)(C)=O)n1,5.5
4178,COc1cc(C2CCNCC2)ccc1Nc1ncnc(Nc2ccccc2S(=O)(=O)C(C)C)n1,5.5
4179,COc1cc(C2CCNCC2)c(C)cc1Nc1ncc(Cl)c(Nc2ccccc2S(=O)(=O)C(C)C)n1,5.5
4180,COc1cc(N2CCNCC2)ccc1Nc1ncnc(Nc2ccccc2S(=O)(=O)C(C)C)n1,5.5
4181,COc1cc(N2CCNCC2)ccc1Nc1ncnc(Nc2ccccc2S(=O)(=O)C(C)C)n1,5.5
4182,COc1cc(C2CCNCC2)c(C)cc1Nc1ncc(Cl)c(Nc2ccccc2S(=O)(=O)C(C)C)n1,5.5
4183,CCc1cc(Nc2ncc(Cl)c(Nc3ccccc3S(=O)(=O)C(C)C)n2)c(OC)cc1C1CCNCC1,55.0
4184,COc1cc(C2CCNCC2)c(C)cc1Nc1ncc(Cl)c(Nc2ccccc2S(=O)(=O)C(C)C)n1,55.0
4185,COc1cc(N2CCOCC2)ccc1Nc1ncc(Cl)c(Nc2ccsc2S(=O)(=O)C(C)C)n1,1.0
4186,COc1cc(N2CCOCC2)ccc1Nc1ncc(Cl)c(Nc2ccsc2S(=O)(=O)C(C)C)n1,1.0
4187,COc1cc(N2CCN(C)CC2)ccc1Nc1ncc(Cl)c(Nc2ccsc2S(=O)(=O)C(C)C)n1,1.0
4188,COc1cc(N2CCN(C)CC2)ccc1Nc1ncc(Cl)c(Nc2ccsc2S(=O)(=O)C(C)C)n1,1.0
4189,COc1cc(N2CCC(N(C)C)CC2)ccc1Nc1ncc(Cl)c(Nc2ccsc2S(=O)(=O)C(C)C)n1,1.0
4190,COc1cc(N2CCC(N(C)C)CC2)ccc1Nc1ncc(Cl)c(Nc2ccsc2S(=O)(=O)C(C)C)n1,1.0
4191,COc1cc(N2CCC(N3CCOCC3)CC2)ccc1Nc1ncc(Cl)c(Nc2cccnc2S(=O)(=O)C(C)C)n1,5.5
4192,COc1cc(N2CCC(N3CCOCC3)CC2)ccc1Nc1ncc(Cl)c(Nc2cccnc2S(=O)(=O)C(C)C)n1,5.5
4193,COc1cc(N2CCN(C)CC2)ccc1Nc1ncc(Cl)c(Nc2cccnc2S(=O)(=O)C(C)C)n1,5.5
4194,COc1cc(N2CCN(C)CC2)ccc1Nc1ncc(Cl)c(Nc2cccnc2S(=O)(=O)C(C)C)n1,5.5
4195,COc1cc(N2CCC(N(C)C)CC2)ccc1Nc1ncc(Cl)c(Nc2cccnc2S(=O)(=O)C(C)C)n1,5.5
4196,COc1cc(N2CCC(N(C)C)CC2)ccc1Nc1ncc(Cl)c(Nc2cccnc2S(=O)(=O)C(C)C)n1,5.5
4197,COc1cc(N2CCC(N3CCOCC3)CC2)ccc1Nc1ncc(Cl)c(Nc2cccnc2S(=O)(=O)C(C)C)n1,5.5
4198,COc1cc(N2CCC(N3CCOCC3)CC2)ccc1Nc1ncc(Cl)c(Nc2cccnc2S(=O)(=O)C(C)C)n1,5.5
4199,COc1cc(N2CCC(N3CCOCC3)CC2)ccc1Nc1ncc(Cl)c(Nc2ccsc2S(=O)(=O)C(C)C)n1,1.0
4200,COc1cc(N2CCC(N3CCOCC3)CC2)ccc1Nc1ncc(Cl)c(Nc2ccsc2S(=O)(=O)C(C)C)n1,1.0
4201,COc1cc(N2CCC(O)CC2)ccc1Nc1ncc(Cl)c(Nc2cccnc2S(=O)(=O)C(C)C)n1,5.5
4202,COc1cc(N2CCC(O)CC2)ccc1Nc1ncc(Cl)c(Nc2cccnc2S(=O)(=O)C(C)C)n1,5.5
4203,COc1cc(N2CCC(N3CCN(C)CC3)CC2)ccc1Nc1ncc(Cl)c(Nc2cccnc2S(=O)(=O)C(C)C)n1,5.5
4204,COc1cc(N2CCC(N3CCN(C)CC3)CC2)ccc1Nc1ncc(Cl)c(Nc2cccnc2S(=O)(=O)C(C)C)n1,5.5
4205,COc1cc(N2CCC(N3CCN(C)CC3)CC2)ccc1Nc1ncc(Cl)c(Nc2ccsc2S(=O)(=O)C(C)C)n1,5.5
4206,COc1cc(N2CCC(N3CCN(C)CC3)CC2)ccc1Nc1ncc(Cl)c(Nc2ccsc2S(=O)(=O)C(C)C)n1,5.5
4207,COc1cc(N2CCC(N3CC(C)OC(C)C3)CC2)ccc1Nc1ncc(Cl)c(Nc2cccnc2S(=O)(=O)C(C)C)n1,5.5
4208,COc1cc(N2CCC(N3CC(C)OC(C)C3)CC2)ccc1Nc1ncc(Cl)c(Nc2cccnc2S(=O)(=O)C(C)C)n1,5.5
4209,COc1cc(N2CCN(C)CC2)ccc1Nc1ncc(Cl)c(Nc2ccccc2S(=O)(=O)C(C)C)n1,1.0
4210,COc1cc(N2CCN(C)CC2)ccc1Nc1ncc(Cl)c(Nc2ccccc2S(=O)(=O)C(C)C)n1,1.0
4211,COc1cc(N2CCC(N(C)C)CC2)ccc1Nc1ncc(Cl)c(Nc2ccccc2S(=O)(=O)C(C)C)n1,1.0
4212,COc1cc(N2CCC(N(C)C)CC2)ccc1Nc1ncc(Cl)c(Nc2ccccc2S(=O)(=O)C(C)C)n1,1.0
4213,COc1cc(N2CCC(N3CCC(N(C)C)CC3)CC2)ccc1Nc1ncc(Cl)c(Nc2ccccc2S(=O)(=O)C(C)C)n1,1.0
4214,COc1cc(N2CCC(N3CCC(N(C)C)CC3)CC2)ccc1Nc1ncc(Cl)c(Nc2ccccc2S(=O)(=O)C(C)C)n1,1.0
4215,COc1cc(N2CCC(O)CC2)ccc1Nc1ncc(Cl)c(Nc2ccsc2S(=O)(=O)C(C)C)n1,1.0
4216,COc1cc(N2CCC(O)CC2)ccc1Nc1ncc(Cl)c(Nc2ccsc2S(=O)(=O)C(C)C)n1,1.0
4217,COc1cc(N2CCC(N3CC(C)OC(C)C3)CC2)ccc1Nc1ncc(Cl)c(Nc2ccccc2S(=O)(=O)C(C)C)n1,5.5
4218,COc1cc(N2CCC(N3CC(C)OC(C)C3)CC2)ccc1Nc1ncc(Cl)c(Nc2ccccc2S(=O)(=O)C(C)C)n1,5.5
4219,COc1cc(N2CCC(N3CCC(N(C)C)CC3)CC2)ccc1Nc1ncc(Cl)c(Nc2ccsc2S(=O)(=O)C(C)C)n1,5.5
4220,COc1cc(N2CCC(N3CCC(N(C)C)CC3)CC2)ccc1Nc1ncc(Cl)c(Nc2ccsc2S(=O)(=O)C(C)C)n1,5.5
4221,COc1cc(N2CCN(C(C)C)CC2)ccc1Nc1ncc(Cl)c(Nc2cccnc2S(=O)(=O)C(C)C)n1,5.5
4222,COc1cc(N2CCN(C(C)C)CC2)ccc1Nc1ncc(Cl)c(Nc2cccnc2S(=O)(=O)C(C)C)n1,5.5
4223,COc1cc(C2=CCN(C(C)C)CC2)c(C)cc1Nc1ncc(Cl)c(Nc2cccnc2S(=O)(=O)C(C)C)n1,5.5
4224,COc1cc(C2=CCN(C(C)C)CC2)c(C)cc1Nc1ncc(Cl)c(Nc2cccnc2S(=O)(=O)C(C)C)n1,5.5
4225,CC(C)Oc1cc(N2CCC(N(C)C)CC2)ccc1Nc1ncc(Cl)c(Nc2ccsc2S(=O)(=O)C(C)C)n1,1.0
4226,CC(C)Oc1cc(N2CCC(N(C)C)CC2)ccc1Nc1ncc(Cl)c(Nc2ccsc2S(=O)(=O)C(C)C)n1,1.0
4227,COc1cc(C2=CCN(C)CC2)ccc1Nc1ncc(Cl)c(Nc2cccnc2S(=O)(=O)C(C)C)n1,5.5
4228,COc1cc(C2=CCN(C)CC2)ccc1Nc1ncc(Cl)c(Nc2cccnc2S(=O)(=O)C(C)C)n1,5.5
4229,COc1cc(C2=CCN(C(C)C)CC2)ccc1Nc1ncc(Cl)c(Nc2cccnc2S(=O)(=O)C(C)C)n1,5.5
4230,COc1cc(C2=CCN(C(C)C)CC2)ccc1Nc1ncc(Cl)c(Nc2cccnc2S(=O)(=O)C(C)C)n1,5.5
4231,COc1cc(C2=CCN(C(C)C)CC2)ccc1Nc1ncc(Cl)c(Nc2ccsc2S(=O)(=O)C(C)C)n1,1.0
4232,COc1cc(C2=CCN(C(C)C)CC2)ccc1Nc1ncc(Cl)c(Nc2ccsc2S(=O)(=O)C(C)C)n1,1.0
4233,COc1cc(N2CCN(C(C)C)CC2)c(C)cc1Nc1ncc(Cl)c(Nc2cccnc2S(=O)(=O)C(C)C)n1,5.5
4234,COc1cc(N2CCN(C(C)C)CC2)c(C)cc1Nc1ncc(Cl)c(Nc2cccnc2S(=O)(=O)C(C)C)n1,5.5
4235,COc1cc(C2=CCNCC2)c(C)cc1Nc1ncc(Cl)c(Nc2cccnc2S(=O)(=O)C(C)C)n1,5.5
4236,COc1cc(C2=CCNCC2)c(C)cc1Nc1ncc(Cl)c(Nc2cccnc2S(=O)(=O)C(C)C)n1,1.0
4237,Cc1cc(Nc2ncc(Cl)c(Nc3cccnc3S(=O)(=O)C(C)C)n2)c(OC(C)C)cc1C1=CCNCC1,5.5
4238,Cc1cc(Nc2ncc(Cl)c(Nc3cccnc3S(=O)(=O)C(C)C)n2)c(OC(C)C)cc1C1=CCNCC1,5.5
4239,CC(C)Oc1cc(N2CCC(N(C)C)CC2)ccc1Nc1ncc(Cl)c(Nc2cccnc2S(=O)(=O)C(C)C)n1,5.5
4240,CC(C)Oc1cc(N2CCC(N(C)C)CC2)ccc1Nc1ncc(Cl)c(Nc2cccnc2S(=O)(=O)C(C)C)n1,5.5
4241,CCOc1cc(N2CCC(N(C)C)CC2)ccc1Nc1ncc(Cl)c(Nc2cccnc2S(=O)(=O)C(C)C)n1,5.5
4242,CCOc1cc(N2CCC(N(C)C)CC2)ccc1Nc1ncc(Cl)c(Nc2cccnc2S(=O)(=O)C(C)C)n1,5.5
4243,CC(C)S(=O)(=O)c1ccccc1Nc1nc(Nc2ccc(N3CCC(N(C)C)CC3)cc2OC(F)F)ncc1Cl,1.0
4244,CC(C)S(=O)(=O)c1ccccc1Nc1nc(Nc2ccc(N3CCC(N(C)C)CC3)cc2OC(F)F)ncc1Cl,1.0
4245,COc1cc(N2CCC(N(C)C)CC2)c(C)cc1Nc1ncc(Cl)c(Nc2cccnc2S(=O)(=O)C(C)C)n1,1.0
4246,COc1cc(N2CCC(N(C)C)CC2)c(C)cc1Nc1ncc(Cl)c(Nc2cccnc2S(=O)(=O)C(C)C)n1,1.0
4247,CC(C)S(=O)(=O)c1ncccc1Nc1nc(Nc2ccc(N3CCC(N(C)C)CC3)cc2OC(F)F)ncc1Cl,5.5
4248,CC(C)S(=O)(=O)c1ncccc1Nc1nc(Nc2ccc(N3CCC(N(C)C)CC3)cc2OC(F)F)ncc1Cl,5.5
4249,Cc1cc(Nc2ncc(Cl)c(Nc3ccccc3S(=O)(=O)C(C)C)n2)c(OC(F)F)cc1N1CCC(N(C)C)CC1,5.5
4250,Cc1cc(Nc2ncc(Cl)c(Nc3ccccc3S(=O)(=O)C(C)C)n2)c(OC(F)F)cc1N1CCC(N(C)C)CC1,1.0
4251,COc1cc(CN2CCC(N(C)C)CC2)ccc1Nc1ncc(OC(F)F)c(Nc2ccccc2S(=O)(=O)C(C)C)n1,5.5
4252,COc1cc(CN2CCC(N(C)C)CC2)ccc1Nc1ncc(OC(F)F)c(Nc2ccccc2S(=O)(=O)C(C)C)n1,1.0
4253,COc1cc(CN2CCC(N(C)C)CC2)ccc1Nc1ncc(Cl)c(Nc2cccnc2S(=O)(=O)C(C)C)n1,1.0
4254,COc1cc(CN2CCC(N(C)C)CC2)ccc1Nc1ncc(Cl)c(Nc2cccnc2S(=O)(=O)C(C)C)n1,5.5
4255,COc1cc(CN2CCC(N(C)C)CC2)ccc1Nc1ncc(Cl)c(Nc2ccccc2S(=O)(=O)C(C)C)n1,5.5
4256,COc1cc(CN2CCC(N(C)C)CC2)ccc1Nc1ncc(Cl)c(Nc2ccccc2S(=O)(=O)C(C)C)n1,5.5
4257,COc1cc(CN2CCC(N(C)C)CC2)ccc1Nc1ncc(Cl)c(Nc2ccccc2S(=O)(=O)C(C)C)n1,5.5
4258,COc1cc(CN2CCC(N(C)C)CC2)ccc1Nc1ncc(Cl)c(Nc2ccccc2S(=O)(=O)C(C)C)n1,5.5
4259,COc1cc(N2CCC(N(C)C)CC2)ccc1Nc1ncc(OC(F)F)c(Nc2ccccc2S(=O)(=O)C(C)C)n1,1.0
4260,COc1cc(N2CCC(N(C)C)CC2)ccc1Nc1ncc(OC(F)F)c(Nc2ccccc2S(=O)(=O)C(C)C)n1,1.0
4261,COc1cc(N2CCC(N(C)C)CC2)c(C)cc1Nc1ncc(OC(F)F)c(Nc2ccccc2S(=O)(=O)C(C)C)n1,1.0
4262,COc1cc(N2CCC(N(C)C)CC2)c(C)cc1Nc1ncc(OC(F)F)c(Nc2ccccc2S(=O)(=O)C(C)C)n1,1.0
4263,CC(C)Oc1cc(N2CCC(N(C)C)CC2)ccc1Nc1ncc(OC(F)F)c(Nc2ccccc2S(=O)(=O)C(C)C)n1,1.0
4264,CC(C)Oc1cc(N2CCC(N(C)C)CC2)ccc1Nc1ncc(OC(F)F)c(Nc2ccccc2S(=O)(=O)C(C)C)n1,1.0
4265,CC(C)S(=O)(=O)c1ccccc1Nc1nc(Nc2ccc(N3CCC(N(C)C)CC3)cc2OC(F)F)ncc1OC(F)F,1.0
4266,CC(C)S(=O)(=O)c1ccccc1Nc1nc(Nc2ccc(N3CCC(N(C)C)CC3)cc2OC(F)F)ncc1OC(F)F,1.0
4267,Cc1cc(Nc2ncc(OC(F)F)c(Nc3ccccc3S(=O)(=O)C(C)C)n2)c(OC(C)C)cc1N1CCN(C(C)C)CC1,1.0
4268,Cc1cc(Nc2ncc(OC(F)F)c(Nc3ccccc3S(=O)(=O)C(C)C)n2)c(OC(C)C)cc1N1CCN(C(C)C)CC1,1.0
4269,CC1Oc2cc(cnc2N)-c2c(nn(C)c2C#N)CN(C)C(=O)c2ccc(F)cc21,1.0
4270,CC1Oc2cc(cnc2N)-c2c(nn(C)c2C#N)CN(C)C(=O)c2ccc(F)cc21,5.5
4271,CC1Oc2cc(cnc2N)-c2c(nn(C)c2C#N)CN(C)C(=O)c2ccc(F)cc21,1.0
4272,CC1Oc2cc(cnc2N)-c2c(nn(C)c2C#N)CN(C)C(=O)c2ccc(F)cc21,55.0
4273,CC1Oc2cc(cnc2N)-c2c(nn(C)c2C#N)CN(C)C(=O)c2ccc(F)cc21,1.0
4274,CC1Oc2cc(cnc2N)-c2c(nn(C)c2C#N)CN(C)C(=O)c2ccc(F)cc21,55.0
4275,CC1Oc2cc(cnc2N)-c2c(nn(C)c2C#N)CN(C)C(=O)c2ccc(F)cc21,1.0
4276,CC1Oc2cc(cnc2N)-c2c(nn(C)c2C#N)CN(C)C(=O)c2ccc(F)cc21,55.0
4277,CC1Oc2cc(cnc2N)-c2c(nn(C)c2C#N)CN(C)C(=O)c2ccc(F)cc21,1.0
4278,CC1Oc2cc(cnc2N)-c2c(nn(C)c2C#N)CN(C)C(=O)c2ccc(F)cc21,55.0
4279,CC1Oc2cc(cnc2N)-c2c(nn(C)c2C#N)CN(C)C(=O)c2ccc(F)cc21,1.0
4280,CC1Oc2cc(cnc2N)-c2c(nn(C)c2C#N)CN(C)C(=O)c2ccc(F)cc21,55.0
4281,CC1Oc2cc(cnc2N)-c2c(nn(C)c2C#N)CN(C)C(=O)c2ccc(F)cc21,1.0
4282,CC1Oc2cc(cnc2N)-c2c(nn(C)c2C#N)CN(C)C(=O)c2ccc(F)cc21,55.0
4283,C[C@H]1Oc2cc(cnc2N)-c2c(nn(C)c2C#N)CN(C)C(=O)c2ccc(F)cc21,1.0
4284,C[C@H]1Oc2cc(cnc2N)-c2c(nn(C)c2C#N)CN(C)C(=O)c2ccc(F)cc21,55.0
4285,C[C@@H](Oc1cc(-c2cnn(C3CCNCC3)c2)cnc1N)c1c(Cl)ccc(F)c1Cl,5.5
4286,C[C@@H](Oc1cc(-c2cnn(C3CCNCC3)c2)cnc1N)c1c(Cl)ccc(F)c1Cl,55.0
4287,CN1CCN(c2ccc(C(=O)Nc3n[nH]c4ccc(Cc5cc(F)cc(F)c5)cc34)c(NC3CCOCC3)c2)CC1,55.0
4288,CN1CCN(c2ccc(C(=O)Nc3n[nH]c4ccc(Cc5cc(F)cc(F)c5)cc34)c(NC3CCOCC3)c2)CC1,150.0
4289,CN1CCN(c2ccc(C(=O)Nc3n[nH]c4ccc(Cc5cc(F)cc(F)c5)cc34)c(NC3CCOCC3)c2)CC1,5.5
4290,CN1CCN(c2ccc(C(=O)Nc3n[nH]c4ccc(Cc5cc(F)cc(F)c5)cc34)c(NC3CCOCC3)c2)CC1,150.0
4291,CN1CCN(c2ccc(C(=O)Nc3n[nH]c4ccc(Cc5cc(F)cc(F)c5)cc34)c(NC3CCOCC3)c2)CC1,5.5
4292,CN1CCN(c2ccc(C(=O)Nc3n[nH]c4ccc(Cc5cc(F)cc(F)c5)cc34)c(NC3CCOCC3)c2)CC1,150.0
4293,CN1CCN(c2ccc(C(=O)Nc3n[nH]c4ccc(Cc5cc(F)cc(F)c5)cc34)c(NC3CCOCC3)c2)CC1,5.5
4294,CN1CCN(c2ccc(C(=O)Nc3n[nH]c4ccc(Cc5cc(F)cc(F)c5)cc34)c(NC3CCOCC3)c2)CC1,150.0
4295,CN1CCN(c2ccc(C(=O)Nc3n[nH]c4ccc(Cc5cc(F)cc(F)c5)cc34)c(NC3CCOCC3)c2)CC1,55.0
4296,CN1CCN(c2ccc(C(=O)Nc3n[nH]c4ccc(Cc5cc(F)cc(F)c5)cc34)c(NC3CCOCC3)c2)CC1,150.0
4297,CN1CCN(c2ccc(C(=O)Nc3n[nH]c4ccc(Cc5cc(F)cc(F)c5)cc34)c(NC3CCOCC3)c2)CC1,55.0
4298,CN1CCN(c2ccc(C(=O)Nc3n[nH]c4ccc(Cc5cc(F)cc(F)c5)cc34)c(NC3CCOCC3)c2)CC1,150.0
4299,CN1CCN(c2ccc(C(=O)Nc3n[nH]c4ccc(Cc5cc(F)cc(F)c5)cc34)c(NC3CCOCC3)c2)CC1,5.5
4300,CN1CCN(c2ccc(C(=O)Nc3n[nH]c4ccc(Cc5cc(F)cc(F)c5)cc34)c(NC3CCOCC3)c2)CC1,150.0
4301,CN1CCN(c2ccc(C(=O)Nc3n[nH]c4ccc(Cc5cc(F)cc(F)c5)cc34)c(NC3CCOCC3)c2)CC1,55.0
4302,CN1CCN(c2ccc(C(=O)Nc3n[nH]c4ccc(Cc5cc(F)cc(F)c5)cc34)c(NC3CCOCC3)c2)CC1,200.0
4303,CN1CCN(c2ccc(C(=O)Nc3n[nH]c4ccc(Cc5cc(F)cc(F)c5)cc34)c(NC3CCOCC3)c2)CC1,5.5
4304,CN1CCN(c2ccc(C(=O)Nc3n[nH]c4ccc(Cc5cc(F)cc(F)c5)cc34)c(NC3CCOCC3)c2)CC1,150.0
4305,CN1CCN(c2ccc(C(=O)Nc3n[nH]c4ccc(Cc5cc(F)cc(F)c5)cc34)c(NC3CCOCC3)c2)CC1,5.5
4306,CN1CCN(c2ccc(C(=O)Nc3n[nH]c4ccc(Cc5cc(F)cc(F)c5)cc34)c(NC3CCOCC3)c2)CC1,150.0
4307,CN1CCN(c2ccc(C(=O)Nc3n[nH]c4ccc(Cc5cc(F)cc(F)c5)cc34)c(NC3CCOCC3)c2)CC1,5.5
4308,CN1CCN(c2ccc(C(=O)Nc3n[nH]c4ccc(Cc5cc(F)cc(F)c5)cc34)c(NC3CCOCC3)c2)CC1,150.0
4309,CN1CCN(c2ccc(C(=O)Nc3n[nH]c4ccc(Cc5cc(F)cc(F)c5)cc34)c(NC3CCOCC3)c2)CC1,55.0
4310,CN1CCN(c2ccc(C(=O)Nc3n[nH]c4ccc(Cc5cc(F)cc(F)c5)cc34)c(NC3CCOCC3)c2)CC1,150.0
4311,C[C@H]1Oc2cc(cnc2N)-c2c(nn(C)c2C#N)CN(C)C(=O)c2ccc(F)cc21,1.0
4312,C[C@H]1Oc2cc(cnc2N)-c2c(nn(C)c2C#N)CN(C)C(=O)c2ccc(F)cc21,5.5
4313,C[C@H]1Oc2cc(cnc2N)-c2c(nn(C)c2C#N)CN(C)C(=O)c2ccc(F)cc21,1.0
4314,C[C@H]1Oc2cc(cnc2N)-c2c(nn(C)c2C#N)CN(C)C(=O)c2ccc(F)cc21,55.0
4315,C[C@H]1Oc2cc(cnc2N)-c2c(nn(C)c2C#N)CN(C)C(=O)c2ccc(F)cc21,1.0
4316,C[C@H]1Oc2cc(cnc2N)-c2c(nn(C)c2C#N)CN(C)C(=O)c2ccc(F)cc21,55.0
4317,C[C@H]1Oc2cc(cnc2N)-c2c(nn(C)c2C#N)CN(C)C(=O)c2ccc(F)cc21,1.0
4318,C[C@H]1Oc2cc(cnc2N)-c2c(nn(C)c2C#N)CN(C)C(=O)c2ccc(F)cc21,55.0
4319,C[C@H]1Oc2cc(cnc2N)-c2c(nn(C)c2C#N)CN(C)C(=O)c2ccc(F)cc21,1.0
4320,C[C@H]1Oc2cc(cnc2N)-c2c(nn(C)c2C#N)CN(C)C(=O)c2ccc(F)cc21,55.0
4321,C[C@H]1Oc2cc(cnc2N)-c2c(nn(C)c2C#N)CN(C)C(=O)c2ccc(F)cc21,1.0
4322,C[C@H]1Oc2cc(cnc2N)-c2c(nn(C)c2C#N)CN(C)C(=O)c2ccc(F)cc21,55.0
4323,C[C@H]1Oc2cc(cnc2N)-c2c(nn(C)c2C#N)CN(C)C(=O)c2ccc(F)cc21,1.0
4324,C[C@H]1Oc2cc(cnc2N)-c2c(nn(C)c2C#N)CN(C)C(=O)c2ccc(F)cc21,55.0
4325,C[C@H]1Oc2cc(cnc2N)-c2c(nn(C)c2C#N)CN(C)C(=O)c2ccc(F)cc21,1.0
4326,C[C@H]1Oc2cc(cnc2N)-c2c(nn(C)c2C#N)CN(C)C(=O)c2ccc(F)cc21,55.0
4327,C[C@@H](Oc1cc(-c2cnn(C3CCNCC3)c2)cnc1N)c1c(Cl)ccc(F)c1Cl,5.5
4328,C[C@@H](Oc1cc(-c2cnn(C3CCNCC3)c2)cnc1N)c1c(Cl)ccc(F)c1Cl,55.0
4329,C[C@H]1Oc2cc(cnc2N)-c2c(nn(C)c2C#N)CN(C)C(=O)c2ccc(F)cc21,1.0
4330,C[C@H]1Oc2cc(cnc2N)-c2c(nn(C)c2C#N)CN(C)C(=O)c2ccc(F)cc21,5.5
4331,C[C@H]1Oc2cc(cnc2N)-c2c(nn(C)c2C#N)CN(C)C(=O)c2ccc(F)cc21,1.0
4332,C[C@H]1Oc2cc(cnc2N)-c2c(nn(C)c2C#N)CN(C)C(=O)c2ccc(F)cc21,5.5
4333,C[C@H]1Oc2cc(cnc2N)-c2c(nn(C)c2C#N)CN(C)C(=O)c2ccc(F)cc21,1.0
4334,C[C@H]1Oc2cc(cnc2N)-c2c(nn(C)c2C#N)CN(C)C(=O)c2ccc(F)cc21,5.5
4335,C[C@H]1Oc2cc(cnc2N)-c2c(nn(C)c2C#N)CN(C)C(=O)c2ccc(F)cc21,1.0
4336,C[C@H]1Oc2cc(cnc2N)-c2c(nn(C)c2C#N)CN(C)C(=O)c2ccc(F)cc21,5.5
4337,C[C@H]1Oc2cc(cnc2N)-c2c(nn(C)c2C#N)CN(C)C(=O)c2ccc(F)cc21,1.0
4338,C[C@H]1Oc2cc(cnc2N)-c2c(nn(C)c2C#N)CN(C)C(=O)c2ccc(F)cc21,5.5
4339,C[C@H]1Oc2cc(cnc2N)-c2c(nn(C)c2C#N)CN(C)C(=O)c2ccc(F)cc21,1.0
4340,C[C@H]1Oc2cc(cnc2N)-c2c(nn(C)c2C#N)CN(C)C(=O)c2ccc(F)cc21,5.5
4341,C[C@H]1Oc2cc(cnc2N)-c2c(nn(C)c2C#N)CN(C)C(=O)c2ccc(F)cc21,1.0
4342,C[C@H]1Oc2cc(cnc2N)-c2c(nn(C)c2C#N)CN(C)C(=O)c2ccc(F)cc21,5.5
4343,C[C@H]1Oc2cc(cnc2N)-c2c(nn(C)c2C#N)CN(C)C(=O)c2ccc(F)cc21,1.0
4344,C[C@H]1Oc2cc(cnc2N)-c2c(nn(C)c2C#N)CN(C)C(=O)c2ccc(F)cc21,5.5
4345,C[C@@H](Oc1cc(-c2cnn(C3CCNCC3)c2)cnc1N)c1c(Cl)ccc(F)c1Cl,5.5
4346,C[C@@H](Oc1cc(-c2cnn(C3CCNCC3)c2)cnc1N)c1c(Cl)ccc(F)c1Cl,55.0
4347,CCC(NC(=O)c1ccc(C2CC2)c(-c2ccc3nc(Nc4cnn(C5CC5)c4)ncc3c2)c1)c1cccc(C(F)(F)F)c1,1000.0
4348,CC(NC(=O)c1ccc(C2CC2)c(-c2ccc3nc(Nc4cnn(C5CC5)c4)ncc3c2)c1)c1cccc(C(F)(F)F)c1,1000.0
4349,CC(NC(=O)c1cccc(C(F)(F)F)c1)c1ccc(C2CC2)c(-c2ccc3nc(Nc4cnn(C5CC5)c4)ncc3c2)c1,1000.0
4350,CCc1ccc(C(C)NC(=O)c2cccc(C(F)(F)F)c2)cc1-c1ccc2nc(Nc3cnn(C)c3)ncc2c1,1000.0
4351,O=C(Nc1cccc(C(F)(F)F)c1)c1ccc(C2CC2)c(-c2ccc3nc(Nc4cnn(C5CC5)c4)ncc3c2)c1,1000.0
4352,CN1CCN(c2ccc(C(=O)Nc3n[nH]c4ccc(Cc5cc(F)cc(F)c5)cc34)c(NC3CCOCC3)c2)CC1,7.0
4353,CN1CCN(c2ccc(C(=O)Nc3n[nH]c4ccc(Cc5ccccc5)cc34)c(NC3CCOCC3)c2)CC1,100.0
4354,CN1CCN(c2ccc(C(=O)Nc3n[nH]c4ccc(Cc5cccc(F)c5)cc34)c(NC3CCOCC3)c2)CC1,30.0
4355,COc1cc(N2CCC(N3CCN(C)CC3)CC2)ccc1Nc1nc2c(c(Nc3ccccc3S(=O)(=O)NC(C)C)n1)CCN2,2.4
4356,Cc1cc(Nc2ncc(Cl)c(Nc3ccccc3S(=O)(=O)C(C)C)n2)c(OC(C)C)cc1C1=CCN(C2CCOCC2)CC1,1.6
4357,CCc1cc2c(cc1N1CCC(N3CCOCC3)CC1)C(C)(C)c1[nH]c3cc(C#N)ccc3c1C2=O,2.9
4358,Cc1cc(F)cc(Nc2ncc(Nc3ccccc3)cc2C(N)=O)c1,1270.0
4359,Cc1cc(F)cc(Nc2ncc(Nc3ccc(C)c(C)c3)cc2C(N)=O)c1,1050.0
4360,Cc1cc(F)cc(Nc2ncc(Nc3ccc(C#N)cc3)cc2C(N)=O)c1,3020.0
4361,Cc1cc(F)cc(Nc2ncc(Nc3cccc(C#N)c3)cc2C(N)=O)c1,2240.0
4362,Cc1cc(F)cc(Nc2ncc(Nc3ccc4c(c3)OCO4)cc2C(N)=O)c1,
4363,Cc1cc(F)cc(Nc2ncc(Nc3ccc4c(c3)CCCC4)cc2C(N)=O)c1,
4364,Cc1cc(C)cc(Nc2cnc(Nc3cc(C)cc(F)c3)c(C(N)=O)c2)c1,210.0
4365,Cc1cc(F)cc(Nc2ncc(Nc3ccc(F)cc3F)cc2C(N)=O)c1,780.0
4366,COc1ccc(Nc2cnc(Nc3cc(C)cc(F)c3)c(C(N)=O)c2)cc1,1550.0
4367,Cc1cc(F)cc(Nc2ncc(Nc3ccc(SC(F)(F)F)cc3)cc2C(N)=O)c1,620.0
4368,C=Cc1ccc(Nc2cnc(Nc3cc(C)cc(F)c3)c(C(N)=O)c2)cc1,
4369,Cc1cc(F)cc(Nc2ncc(Nc3ccc(-c4ccco4)cc3)cc2C(N)=O)c1,1450.0
4370,Cc1cc(F)cc(Nc2ncc(Nc3ccc(C(C)(C)C)cc3)cc2C(N)=O)c1,830.0
4371,Cc1cc(F)cc(Nc2ncc(Nc3ccc(C(F)(F)F)cc3)cc2C(N)=O)c1,3780.0
4372,Cc1cc(F)cc(Nc2ncc(Nc3ccccc3Cl)cc2C(N)=O)c1,490.0
4373,Cc1cc(F)cc(Nc2ncc(Nc3ccccc3C)cc2C(N)=O)c1,
4374,CCCc1ccc(Nc2cnc(Nc3cc(C)cc(F)c3)c(C(N)=O)c2)cc1,3310.0
4375,Cc1cc(F)cc(Nc2ncc(Nc3ccc(Oc4ccccc4)cc3)cc2C(N)=O)c1,3790.0
4376,COc1ccc(Nc2cnc(Nc3cc(C)cc(F)c3)c(C(N)=O)c2)c(C)c1,
4377,COc1ccc(Nc2cnc(Nc3cc(C)cc(F)c3)c(C(N)=O)c2)c(F)c1,1460.0
4378,Cc1cc(F)cc(Nc2ncccc2C(N)=O)c1,610.0
4379,Cc1cc(F)cc(Nc2ncc(Nc3ccc(SC(F)(F)F)cc3)cc2C(N)=O)c1,4430.0
4380,C[C@H]1CNC(=O)c2cnn3ccc(nc23)N[C@H](C)c2cc(F)ccc2O1,1.01
4381,C[C@@H](Oc1cc(-c2cnn(C3CCNCC3)c2)cnc1N)c1c(Cl)ccc(F)c1Cl,20.1
4382,COc1ccc(C(=O)/C=C/C(=O)N2CCC(n3cc(-c4cnc(N)c(O[C@H](C)c5c(Cl)ccc(F)c5Cl)c4)cn3)CC2)cc1,70.1
4383,COc1ccc(C(=O)CCC(=O)N2CCC(n3cc(-c4cnc(N)c(O[C@H](C)c5c(Cl)ccc(F)c5Cl)c4)cn3)CC2)cc1,225.0
4384,Cc1cc(Nc2ncc(Cl)c(Nc3ccccc3S(=O)(=O)C(C)C)n2)c(OC(C)C)cc1C1CCNCC1,2.9
4385,COc1ccc(C(=O)/C=C/C(=O)N2CCC(c3cc(OC(C)C)c(Nc4ncc(Cl)c(Nc5ccccc5S(=O)(=O)C(C)C)n4)cc3C)CC2)cc1,205.7
4386,COc1ccc(C(=O)CCC(=O)N2CCC(c3cc(OC(C)C)c(Nc4ncc(Cl)c(Nc5ccccc5S(=O)(=O)C(C)C)n4)cc3C)CC2)cc1,630.0
4387,COc1cc(N2CCC(N3CCN(C)CC3)CC2)ccc1Nc1ncc(Cl)c(Nc2ccccc2P(C)(C)=O)n1,3.5
4388,COc1ccc(C(=O)/C=C/C(=O)N2CCN(C3CCN(c4ccc(Nc5ncc(Cl)c(Nc6ccccc6P(C)(C)=O)n5)c(OC)c4)CC3)CC2)cc1,13.1
4389,COc1ccc(C(=O)CCC(=O)N2CCN(C3CCN(c4ccc(Nc5ncc(Cl)c(Nc6ccccc6P(C)(C)=O)n5)c(OC)c4)CC3)CC2)cc1,5.4
4390,CCc1cc2c(cc1N1CCC(N3CCOCC3)CC1)C(C)(C)c1[nH]c3cc(C#N)ccc3c1C2=O,2.8
4391,CCc1cc2c(cc1N1CCC(N3CCN(C(=O)/C=C/C(=O)c4ccc(OC)cc4)CC3)CC1)C(C)(C)c1[nH]c3cc(C#N)ccc3c1C2=O,25.4
4392,CCc1cc2c(cc1N1CCC(N3CCN(C(=O)CCC(=O)c4ccc(OC)cc4)CC3)CC1)C(C)(C)c1[nH]c3cc(C#N)ccc3c1C2=O,23.8
4393,Clc1ccc(-c2cn3cccc(COc4nnc5ccc(Cl)nn45)c3n2)c(Cl)c1,13480.0
4394,Clc1ccc(Cl)c(-c2cn3cccc(COc4nnc5ccc(Cl)nn45)c3n2)c1,11340.0
4395,COc1cc(N2CCC(N3CCN(C)CC3)CC2)c(C)cc1Nc1ncc(Br)c(Nc2ccc(C)cc2P(C)(C)=O)n1,1.02
4396,COc1cc(N2CCC(N3CCN(C)CC3)CC2)c(C)cc1Nc1ncc(Br)c(Nc2ccc(C)cc2P(C)(C)=O)n1,0.91
4397,COc1cc(N2CCC(N3CCN(C)CC3)CC2)c(C)cc1Nc1ncc(Br)c(Nc2ccc(C)cc2P(C)(C)=O)n1,1.76
4398,COc1cc(N2CCC(N3CCN(C)CC3)CC2)c(C)cc1Nc1ncc(Br)c(Nc2ccc(C)cc2P(C)(C)=O)n1,0.77
4399,COc1cc(N2CCC(N3CCN(C)CC3)CC2)c(C)cc1Nc1ncc(Br)c(Nc2ccc(C)cc2P(C)(C)=O)n1,0.89
4400,COc1cc(N2CCC(N3CCN(C)CC3)CC2)c(C)cc1Nc1ncc(Br)c(Nc2ccc(C)cc2P(C)(C)=O)n1,1.52
4401,Cn1nccc1-c1ccc(C(=O)N[C@@H]2CNCC[C@H]2c2ccc(F)c(F)c2)c(F)c1,10000.0
4402,COc1cc(N2CCC(N3CCN(CC4CCN(c5ccc6c(c5)CN(C5CCC(=O)NC5=O)C6=O)CC4)CC3)CC2)ccc1Nc1ncc(Cl)c(Nc2ccccc2P(C)(C)=O)n1,0.9
4403,C[C@@H](Oc1cc(-c2cnn(C3CCNCC3)c2)cnc1N)c1c(Cl)ccc(F)c1Cl,24.0
